2026-04-23 13:32:33 | [32mINFO    [0m | bot.utils.logger | 📝  Logging initialised → logs/bot.log
2026-04-23 13:32:52 | [32mINFO    [0m | bot.utils.logger | 📝  Logging initialised → logs/bot.log
2026-04-23 13:33:10 | [32mINFO    [0m | bot.utils.logger | 📝  Logging initialised → logs/bot.log
2026-04-23 13:33:45 | [32mINFO    [0m | bot.utils.logger | 📝  Logging initialised → logs/bot.log
2026-04-23 13:34:20 | [32mINFO    [0m | bot.utils.logger | 📝  Logging initialised → logs/bot.log
2026-04-23 13:34:20 | DEBUG    | aiosqlite | executing <function connect.<locals>.connector at 0x10d751e40>
2026-04-23 13:34:20 | DEBUG    | aiosqlite | operation <function connect.<locals>.connector at 0x10d751e40> completed
2026-04-23 13:34:20 | DEBUG    | aiosqlite | executing functools.partial(<built-in method executescript of sqlite3.Connection object at 0x10d7446d0>, "\n                CREATE TABLE IF NOT EXISTS users (\n                    user_id     INTEGER PRIMARY KEY,\n                    username    TEXT,\n                    first_name  TEXT,\n                    joined_at   TEXT NOT NULL\n                );\n\n                CREATE TABLE IF NOT EXISTS downloads (\n                    id          INTEGER PRIMARY KEY AUTOINCREMENT,\n                    user_id     INTEGER NOT NULL,\n                    link        TEXT NOT NULL,\n                    media_type  TEXT,            -- 'video' | 'image' | 'carousel'\n                    status      TEXT DEFAULT 'ok', -- 'ok' | 'failed'\n                    created_at  TEXT NOT NULL,\n                    FOREIGN KEY (user_id) REFERENCES users(user_id)\n                );\n            ")
2026-04-23 13:34:20 | DEBUG    | aiosqlite | operation functools.partial(<built-in method executescript of sqlite3.Connection object at 0x10d7446d0>, "\n                CREATE TABLE IF NOT EXISTS users (\n                    user_id     INTEGER PRIMARY KEY,\n                    username    TEXT,\n                    first_name  TEXT,\n                    joined_at   TEXT NOT NULL\n                );\n\n                CREATE TABLE IF NOT EXISTS downloads (\n                    id          INTEGER PRIMARY KEY AUTOINCREMENT,\n                    user_id     INTEGER NOT NULL,\n                    link        TEXT NOT NULL,\n                    media_type  TEXT,            -- 'video' | 'image' | 'carousel'\n                    status      TEXT DEFAULT 'ok', -- 'ok' | 'failed'\n                    created_at  TEXT NOT NULL,\n                    FOREIGN KEY (user_id) REFERENCES users(user_id)\n                );\n            ") completed
2026-04-23 13:34:20 | DEBUG    | aiosqlite | executing functools.partial(<built-in method commit of sqlite3.Connection object at 0x10d7446d0>)
2026-04-23 13:34:20 | DEBUG    | aiosqlite | operation functools.partial(<built-in method commit of sqlite3.Connection object at 0x10d7446d0>) completed
2026-04-23 13:34:20 | DEBUG    | aiosqlite | executing functools.partial(<built-in method close of sqlite3.Connection object at 0x10d7446d0>)
2026-04-23 13:34:20 | DEBUG    | aiosqlite | operation functools.partial(<built-in method close of sqlite3.Connection object at 0x10d7446d0>) completed
2026-04-23 13:34:20 | [32mINFO    [0m | database.db | ✅  Database ready at database/bot.db
2026-04-23 13:34:23 | [32mINFO    [0m | __main__ | 🚀  Bot started: @instagram_post7_bot  (id=8668012956)
2026-04-23 13:34:23 | [32mINFO    [0m | __main__ | ⚡  Polling started. Press Ctrl+C to stop.
2026-04-23 13:34:32 | DEBUG    | aiosqlite | executing <function connect.<locals>.connector at 0x10d7793a0>
2026-04-23 13:34:32 | DEBUG    | aiosqlite | operation <function connect.<locals>.connector at 0x10d7793a0> completed
2026-04-23 13:34:32 | DEBUG    | aiosqlite | executing functools.partial(<built-in method execute of sqlite3.Connection object at 0x10d746200>, '\n                INSERT INTO users (user_id, username, first_name, joined_at)\n                VALUES (?, ?, ?, ?)\n                ON CONFLICT(user_id) DO UPDATE SET\n                    username   = excluded.username,\n                    first_name = excluded.first_name\n            ', (8547738683, 'geodev_at', 'Kudratbekh', '2026-04-23T08:34:32.675645'))
2026-04-23 13:34:32 | DEBUG    | aiosqlite | operation functools.partial(<built-in method execute of sqlite3.Connection object at 0x10d746200>, '\n                INSERT INTO users (user_id, username, first_name, joined_at)\n                VALUES (?, ?, ?, ?)\n                ON CONFLICT(user_id) DO UPDATE SET\n                    username   = excluded.username,\n                    first_name = excluded.first_name\n            ', (8547738683, 'geodev_at', 'Kudratbekh', '2026-04-23T08:34:32.675645')) completed
2026-04-23 13:34:32 | DEBUG    | aiosqlite | executing functools.partial(<built-in method commit of sqlite3.Connection object at 0x10d746200>)
2026-04-23 13:34:32 | DEBUG    | aiosqlite | operation functools.partial(<built-in method commit of sqlite3.Connection object at 0x10d746200>) completed
2026-04-23 13:34:32 | DEBUG    | aiosqlite | executing functools.partial(<built-in method close of sqlite3.Connection object at 0x10d746200>)
2026-04-23 13:34:32 | DEBUG    | aiosqlite | operation functools.partial(<built-in method close of sqlite3.Connection object at 0x10d746200>) completed
2026-04-23 13:34:57 | DEBUG    | aiosqlite | executing <function connect.<locals>.connector at 0x10d77ad40>
2026-04-23 13:34:57 | DEBUG    | aiosqlite | operation <function connect.<locals>.connector at 0x10d77ad40> completed
2026-04-23 13:34:57 | DEBUG    | aiosqlite | executing functools.partial(<built-in method execute of sqlite3.Connection object at 0x10d745990>, '\n                INSERT INTO users (user_id, username, first_name, joined_at)\n                VALUES (?, ?, ?, ?)\n                ON CONFLICT(user_id) DO UPDATE SET\n                    username   = excluded.username,\n                    first_name = excluded.first_name\n            ', (8547738683, 'geodev_at', 'Kudratbekh', '2026-04-23T08:34:57.843537'))
2026-04-23 13:34:57 | DEBUG    | aiosqlite | operation functools.partial(<built-in method execute of sqlite3.Connection object at 0x10d745990>, '\n                INSERT INTO users (user_id, username, first_name, joined_at)\n                VALUES (?, ?, ?, ?)\n                ON CONFLICT(user_id) DO UPDATE SET\n                    username   = excluded.username,\n                    first_name = excluded.first_name\n            ', (8547738683, 'geodev_at', 'Kudratbekh', '2026-04-23T08:34:57.843537')) completed
2026-04-23 13:34:57 | DEBUG    | aiosqlite | executing functools.partial(<built-in method commit of sqlite3.Connection object at 0x10d745990>)
2026-04-23 13:34:57 | DEBUG    | aiosqlite | operation functools.partial(<built-in method commit of sqlite3.Connection object at 0x10d745990>) completed
2026-04-23 13:34:57 | DEBUG    | aiosqlite | executing functools.partial(<built-in method close of sqlite3.Connection object at 0x10d745990>)
2026-04-23 13:34:57 | DEBUG    | aiosqlite | operation functools.partial(<built-in method close of sqlite3.Connection object at 0x10d745990>) completed
2026-04-23 13:34:59 | DEBUG    | aiosqlite | executing <function connect.<locals>.connector at 0x10d77af20>
2026-04-23 13:34:59 | DEBUG    | aiosqlite | operation <function connect.<locals>.connector at 0x10d77af20> completed
2026-04-23 13:34:59 | DEBUG    | aiosqlite | executing functools.partial(<built-in method execute of sqlite3.Connection object at 0x10d746f20>, '\n                INSERT INTO downloads (user_id, link, media_type, status, created_at)\n                VALUES (?, ?, ?, ?, ?)\n            ', (8547738683, 'https://instagram.com/p/ABC123/', 'unknown', 'failed', '2026-04-23T08:34:59.548568'))
2026-04-23 13:34:59 | DEBUG    | aiosqlite | operation functools.partial(<built-in method execute of sqlite3.Connection object at 0x10d746f20>, '\n                INSERT INTO downloads (user_id, link, media_type, status, created_at)\n                VALUES (?, ?, ?, ?, ?)\n            ', (8547738683, 'https://instagram.com/p/ABC123/', 'unknown', 'failed', '2026-04-23T08:34:59.548568')) completed
2026-04-23 13:34:59 | DEBUG    | aiosqlite | executing functools.partial(<built-in method commit of sqlite3.Connection object at 0x10d746f20>)
2026-04-23 13:34:59 | DEBUG    | aiosqlite | operation functools.partial(<built-in method commit of sqlite3.Connection object at 0x10d746f20>) completed
2026-04-23 13:34:59 | DEBUG    | aiosqlite | executing functools.partial(<built-in method close of sqlite3.Connection object at 0x10d746f20>)
2026-04-23 13:34:59 | DEBUG    | aiosqlite | operation functools.partial(<built-in method close of sqlite3.Connection object at 0x10d746f20>) completed
2026-04-23 13:35:39 | DEBUG    | aiosqlite | executing <function connect.<locals>.connector at 0x10d77ab60>
2026-04-23 13:35:39 | DEBUG    | aiosqlite | operation <function connect.<locals>.connector at 0x10d77ab60> completed
2026-04-23 13:35:39 | DEBUG    | aiosqlite | executing functools.partial(<built-in method execute of sqlite3.Connection object at 0x10d746f20>, '\n                INSERT INTO users (user_id, username, first_name, joined_at)\n                VALUES (?, ?, ?, ?)\n                ON CONFLICT(user_id) DO UPDATE SET\n                    username   = excluded.username,\n                    first_name = excluded.first_name\n            ', (8547738683, 'geodev_at', 'Kudratbekh', '2026-04-23T08:35:39.205669'))
2026-04-23 13:35:39 | DEBUG    | aiosqlite | operation functools.partial(<built-in method execute of sqlite3.Connection object at 0x10d746f20>, '\n                INSERT INTO users (user_id, username, first_name, joined_at)\n                VALUES (?, ?, ?, ?)\n                ON CONFLICT(user_id) DO UPDATE SET\n                    username   = excluded.username,\n                    first_name = excluded.first_name\n            ', (8547738683, 'geodev_at', 'Kudratbekh', '2026-04-23T08:35:39.205669')) completed
2026-04-23 13:35:39 | DEBUG    | aiosqlite | executing functools.partial(<built-in method commit of sqlite3.Connection object at 0x10d746f20>)
2026-04-23 13:35:39 | DEBUG    | aiosqlite | operation functools.partial(<built-in method commit of sqlite3.Connection object at 0x10d746f20>) completed
2026-04-23 13:35:39 | DEBUG    | aiosqlite | executing functools.partial(<built-in method close of sqlite3.Connection object at 0x10d746f20>)
2026-04-23 13:35:39 | DEBUG    | aiosqlite | operation functools.partial(<built-in method close of sqlite3.Connection object at 0x10d746f20>) completed
2026-04-23 13:35:41 | [31mERROR   [0m | bot.services.sender | Failed to send 4f1fd6415674_00001.mp4: 1 validation error for SendVideo
duration
  Input should be a valid integer, got a number with a fractional part [type=int_from_float, input_value=37.617, input_type=float]
    For further information visit https://errors.pydantic.dev/2.9/v/int_from_float
2026-04-23 13:35:41 | DEBUG    | bot.utils.cleanup | 🗑  Deleted temp file: /tmp/instabot/4f1fd6415674_00001.mp4
2026-04-23 13:35:41 | DEBUG    | aiosqlite | executing <function connect.<locals>.connector at 0x10d77ab60>
2026-04-23 13:35:41 | DEBUG    | aiosqlite | operation <function connect.<locals>.connector at 0x10d77ab60> completed
2026-04-23 13:35:41 | DEBUG    | aiosqlite | executing functools.partial(<built-in method execute of sqlite3.Connection object at 0x10d7454e0>, '\n                INSERT INTO downloads (user_id, link, media_type, status, created_at)\n                VALUES (?, ?, ?, ?, ?)\n            ', (8547738683, 'https://www.instagram.com/reel/DXdvhDMDa65/', 'unknown', 'failed', '2026-04-23T08:35:41.774800'))
2026-04-23 13:35:41 | DEBUG    | aiosqlite | operation functools.partial(<built-in method execute of sqlite3.Connection object at 0x10d7454e0>, '\n                INSERT INTO downloads (user_id, link, media_type, status, created_at)\n                VALUES (?, ?, ?, ?, ?)\n            ', (8547738683, 'https://www.instagram.com/reel/DXdvhDMDa65/', 'unknown', 'failed', '2026-04-23T08:35:41.774800')) completed
2026-04-23 13:35:41 | DEBUG    | aiosqlite | executing functools.partial(<built-in method commit of sqlite3.Connection object at 0x10d7454e0>)
2026-04-23 13:35:41 | DEBUG    | aiosqlite | operation functools.partial(<built-in method commit of sqlite3.Connection object at 0x10d7454e0>) completed
2026-04-23 13:35:41 | DEBUG    | aiosqlite | executing functools.partial(<built-in method close of sqlite3.Connection object at 0x10d7454e0>)
2026-04-23 13:35:41 | DEBUG    | aiosqlite | operation functools.partial(<built-in method close of sqlite3.Connection object at 0x10d7454e0>) completed
2026-04-23 13:36:00 | DEBUG    | aiosqlite | executing <function connect.<locals>.connector at 0x10de13560>
2026-04-23 13:36:00 | DEBUG    | aiosqlite | operation <function connect.<locals>.connector at 0x10de13560> completed
2026-04-23 13:36:00 | DEBUG    | aiosqlite | executing functools.partial(<built-in method execute of sqlite3.Connection object at 0x10d7453f0>, '\n                INSERT INTO users (user_id, username, first_name, joined_at)\n                VALUES (?, ?, ?, ?)\n                ON CONFLICT(user_id) DO UPDATE SET\n                    username   = excluded.username,\n                    first_name = excluded.first_name\n            ', (7885260604, 'cd_ex', 'Anonshack', '2026-04-23T08:36:00.416448'))
2026-04-23 13:36:00 | DEBUG    | aiosqlite | operation functools.partial(<built-in method execute of sqlite3.Connection object at 0x10d7453f0>, '\n                INSERT INTO users (user_id, username, first_name, joined_at)\n                VALUES (?, ?, ?, ?)\n                ON CONFLICT(user_id) DO UPDATE SET\n                    username   = excluded.username,\n                    first_name = excluded.first_name\n            ', (7885260604, 'cd_ex', 'Anonshack', '2026-04-23T08:36:00.416448')) completed
2026-04-23 13:36:00 | DEBUG    | aiosqlite | executing functools.partial(<built-in method commit of sqlite3.Connection object at 0x10d7453f0>)
2026-04-23 13:36:00 | DEBUG    | aiosqlite | operation functools.partial(<built-in method commit of sqlite3.Connection object at 0x10d7453f0>) completed
2026-04-23 13:36:00 | DEBUG    | aiosqlite | executing functools.partial(<built-in method close of sqlite3.Connection object at 0x10d7453f0>)
2026-04-23 13:36:00 | DEBUG    | aiosqlite | operation functools.partial(<built-in method close of sqlite3.Connection object at 0x10d7453f0>) completed
2026-04-23 13:36:02 | DEBUG    | aiosqlite | executing <function connect.<locals>.connector at 0x10de13920>
2026-04-23 13:36:02 | DEBUG    | aiosqlite | operation <function connect.<locals>.connector at 0x10de13920> completed
2026-04-23 13:36:02 | DEBUG    | aiosqlite | executing functools.partial(<built-in method execute of sqlite3.Connection object at 0x10d745990>, "SELECT COUNT(*) as cnt FROM downloads WHERE status = 'ok'", [])
2026-04-23 13:36:02 | DEBUG    | aiosqlite | operation functools.partial(<built-in method execute of sqlite3.Connection object at 0x10d745990>, "SELECT COUNT(*) as cnt FROM downloads WHERE status = 'ok'", []) completed
2026-04-23 13:36:02 | DEBUG    | aiosqlite | executing functools.partial(<built-in method fetchone of sqlite3.Cursor object at 0x10ddf0840>)
2026-04-23 13:36:02 | DEBUG    | aiosqlite | operation functools.partial(<built-in method fetchone of sqlite3.Cursor object at 0x10ddf0840>) completed
2026-04-23 13:36:02 | DEBUG    | aiosqlite | executing functools.partial(<built-in method execute of sqlite3.Connection object at 0x10d745990>, 'SELECT COUNT(*) as cnt FROM users', [])
2026-04-23 13:36:02 | DEBUG    | aiosqlite | operation functools.partial(<built-in method execute of sqlite3.Connection object at 0x10d745990>, 'SELECT COUNT(*) as cnt FROM users', []) completed
2026-04-23 13:36:02 | DEBUG    | aiosqlite | executing functools.partial(<built-in method fetchone of sqlite3.Cursor object at 0x10ddf08c0>)
2026-04-23 13:36:02 | DEBUG    | aiosqlite | operation functools.partial(<built-in method fetchone of sqlite3.Cursor object at 0x10ddf08c0>) completed
2026-04-23 13:36:02 | DEBUG    | aiosqlite | executing functools.partial(<built-in method execute of sqlite3.Connection object at 0x10d745990>, "\n                SELECT COUNT(*) as cnt FROM downloads\n                WHERE status = 'ok' AND DATE(created_at) = DATE('now')\n            ", [])
2026-04-23 13:36:02 | DEBUG    | aiosqlite | operation functools.partial(<built-in method execute of sqlite3.Connection object at 0x10d745990>, "\n                SELECT COUNT(*) as cnt FROM downloads\n                WHERE status = 'ok' AND DATE(created_at) = DATE('now')\n            ", []) completed
2026-04-23 13:36:02 | DEBUG    | aiosqlite | executing functools.partial(<built-in method fetchone of sqlite3.Cursor object at 0x10ddf0440>)
2026-04-23 13:36:02 | DEBUG    | aiosqlite | operation functools.partial(<built-in method fetchone of sqlite3.Cursor object at 0x10ddf0440>) completed
2026-04-23 13:36:02 | DEBUG    | aiosqlite | executing functools.partial(<built-in method close of sqlite3.Connection object at 0x10d745990>)
2026-04-23 13:36:02 | DEBUG    | aiosqlite | operation functools.partial(<built-in method close of sqlite3.Connection object at 0x10d745990>) completed
2026-04-23 13:36:02 | DEBUG    | aiosqlite | executing <function connect.<locals>.connector at 0x10de102c0>
2026-04-23 13:36:02 | DEBUG    | aiosqlite | operation <function connect.<locals>.connector at 0x10de102c0> completed
2026-04-23 13:36:02 | DEBUG    | aiosqlite | executing functools.partial(<built-in method execute of sqlite3.Connection object at 0x10d745990>, "\n                SELECT COUNT(*) as cnt FROM downloads\n                WHERE user_id = ? AND status = 'ok'\n            ", (7885260604,))
2026-04-23 13:36:02 | DEBUG    | aiosqlite | operation functools.partial(<built-in method execute of sqlite3.Connection object at 0x10d745990>, "\n                SELECT COUNT(*) as cnt FROM downloads\n                WHERE user_id = ? AND status = 'ok'\n            ", (7885260604,)) completed
2026-04-23 13:36:02 | DEBUG    | aiosqlite | executing functools.partial(<built-in method fetchone of sqlite3.Cursor object at 0x10ddf08c0>)
2026-04-23 13:36:02 | DEBUG    | aiosqlite | operation functools.partial(<built-in method fetchone of sqlite3.Cursor object at 0x10ddf08c0>) completed
2026-04-23 13:36:02 | DEBUG    | aiosqlite | executing functools.partial(<built-in method close of sqlite3.Connection object at 0x10d745990>)
2026-04-23 13:36:02 | DEBUG    | aiosqlite | operation functools.partial(<built-in method close of sqlite3.Connection object at 0x10d745990>) completed
2026-04-23 13:36:06 | DEBUG    | aiosqlite | executing <function connect.<locals>.connector at 0x10de10720>
2026-04-23 13:36:06 | DEBUG    | aiosqlite | operation <function connect.<locals>.connector at 0x10de10720> completed
2026-04-23 13:36:06 | DEBUG    | aiosqlite | executing functools.partial(<built-in method execute of sqlite3.Connection object at 0x10d745e40>, '\n                INSERT INTO users (user_id, username, first_name, joined_at)\n                VALUES (?, ?, ?, ?)\n                ON CONFLICT(user_id) DO UPDATE SET\n                    username   = excluded.username,\n                    first_name = excluded.first_name\n            ', (7885260604, 'cd_ex', 'Anonshack', '2026-04-23T08:36:06.330814'))
2026-04-23 13:36:06 | DEBUG    | aiosqlite | operation functools.partial(<built-in method execute of sqlite3.Connection object at 0x10d745e40>, '\n                INSERT INTO users (user_id, username, first_name, joined_at)\n                VALUES (?, ?, ?, ?)\n                ON CONFLICT(user_id) DO UPDATE SET\n                    username   = excluded.username,\n                    first_name = excluded.first_name\n            ', (7885260604, 'cd_ex', 'Anonshack', '2026-04-23T08:36:06.330814')) completed
2026-04-23 13:36:06 | DEBUG    | aiosqlite | executing functools.partial(<built-in method commit of sqlite3.Connection object at 0x10d745e40>)
2026-04-23 13:36:06 | DEBUG    | aiosqlite | operation functools.partial(<built-in method commit of sqlite3.Connection object at 0x10d745e40>) completed
2026-04-23 13:36:06 | DEBUG    | aiosqlite | executing functools.partial(<built-in method close of sqlite3.Connection object at 0x10d745e40>)
2026-04-23 13:36:06 | DEBUG    | aiosqlite | operation functools.partial(<built-in method close of sqlite3.Connection object at 0x10d745e40>) completed
2026-04-23 13:36:20 | DEBUG    | aiosqlite | executing <function connect.<locals>.connector at 0x10de13a60>
2026-04-23 13:36:20 | DEBUG    | aiosqlite | operation <function connect.<locals>.connector at 0x10de13a60> completed
2026-04-23 13:36:20 | DEBUG    | aiosqlite | executing functools.partial(<built-in method execute of sqlite3.Connection object at 0x10d745990>, '\n                INSERT INTO users (user_id, username, first_name, joined_at)\n                VALUES (?, ?, ?, ?)\n                ON CONFLICT(user_id) DO UPDATE SET\n                    username   = excluded.username,\n                    first_name = excluded.first_name\n            ', (7885260604, 'cd_ex', 'Anonshack', '2026-04-23T08:36:20.405384'))
2026-04-23 13:36:20 | DEBUG    | aiosqlite | operation functools.partial(<built-in method execute of sqlite3.Connection object at 0x10d745990>, '\n                INSERT INTO users (user_id, username, first_name, joined_at)\n                VALUES (?, ?, ?, ?)\n                ON CONFLICT(user_id) DO UPDATE SET\n                    username   = excluded.username,\n                    first_name = excluded.first_name\n            ', (7885260604, 'cd_ex', 'Anonshack', '2026-04-23T08:36:20.405384')) completed
2026-04-23 13:36:20 | DEBUG    | aiosqlite | executing functools.partial(<built-in method commit of sqlite3.Connection object at 0x10d745990>)
2026-04-23 13:36:20 | DEBUG    | aiosqlite | operation functools.partial(<built-in method commit of sqlite3.Connection object at 0x10d745990>) completed
2026-04-23 13:36:20 | DEBUG    | aiosqlite | executing functools.partial(<built-in method close of sqlite3.Connection object at 0x10d745990>)
2026-04-23 13:36:20 | DEBUG    | aiosqlite | operation functools.partial(<built-in method close of sqlite3.Connection object at 0x10d745990>) completed
2026-04-23 13:36:22 | [31mERROR   [0m | bot.services.sender | Failed to send 591d40e99cb0_00001.mp4: 1 validation error for SendVideo
duration
  Input should be a valid integer, got a number with a fractional part [type=int_from_float, input_value=37.617, input_type=float]
    For further information visit https://errors.pydantic.dev/2.9/v/int_from_float
2026-04-23 13:36:22 | DEBUG    | bot.utils.cleanup | 🗑  Deleted temp file: /tmp/instabot/591d40e99cb0_00001.mp4
2026-04-23 13:36:22 | DEBUG    | aiosqlite | executing <function connect.<locals>.connector at 0x10dc2b380>
2026-04-23 13:36:22 | DEBUG    | aiosqlite | operation <function connect.<locals>.connector at 0x10dc2b380> completed
2026-04-23 13:36:22 | DEBUG    | aiosqlite | executing functools.partial(<built-in method execute of sqlite3.Connection object at 0x10d745b70>, '\n                INSERT INTO downloads (user_id, link, media_type, status, created_at)\n                VALUES (?, ?, ?, ?, ?)\n            ', (7885260604, 'https://www.instagram.com/reel/DXdvhDMDa65/', 'unknown', 'failed', '2026-04-23T08:36:22.403283'))
2026-04-23 13:36:22 | DEBUG    | aiosqlite | operation functools.partial(<built-in method execute of sqlite3.Connection object at 0x10d745b70>, '\n                INSERT INTO downloads (user_id, link, media_type, status, created_at)\n                VALUES (?, ?, ?, ?, ?)\n            ', (7885260604, 'https://www.instagram.com/reel/DXdvhDMDa65/', 'unknown', 'failed', '2026-04-23T08:36:22.403283')) completed
2026-04-23 13:36:22 | DEBUG    | aiosqlite | executing functools.partial(<built-in method commit of sqlite3.Connection object at 0x10d745b70>)
2026-04-23 13:36:22 | DEBUG    | aiosqlite | operation functools.partial(<built-in method commit of sqlite3.Connection object at 0x10d745b70>) completed
2026-04-23 13:36:22 | DEBUG    | aiosqlite | executing functools.partial(<built-in method close of sqlite3.Connection object at 0x10d745b70>)
2026-04-23 13:36:22 | DEBUG    | aiosqlite | operation functools.partial(<built-in method close of sqlite3.Connection object at 0x10d745b70>) completed
2026-04-23 13:37:02 | DEBUG    | aiosqlite | executing <function connect.<locals>.connector at 0x10dc2b380>
2026-04-23 13:37:02 | DEBUG    | aiosqlite | operation <function connect.<locals>.connector at 0x10dc2b380> completed
2026-04-23 13:37:02 | DEBUG    | aiosqlite | executing functools.partial(<built-in method execute of sqlite3.Connection object at 0x10d745990>, '\n                INSERT INTO users (user_id, username, first_name, joined_at)\n                VALUES (?, ?, ?, ?)\n                ON CONFLICT(user_id) DO UPDATE SET\n                    username   = excluded.username,\n                    first_name = excluded.first_name\n            ', (7885260604, 'cd_ex', 'Anonshack', '2026-04-23T08:37:02.162757'))
2026-04-23 13:37:02 | DEBUG    | aiosqlite | operation functools.partial(<built-in method execute of sqlite3.Connection object at 0x10d745990>, '\n                INSERT INTO users (user_id, username, first_name, joined_at)\n                VALUES (?, ?, ?, ?)\n                ON CONFLICT(user_id) DO UPDATE SET\n                    username   = excluded.username,\n                    first_name = excluded.first_name\n            ', (7885260604, 'cd_ex', 'Anonshack', '2026-04-23T08:37:02.162757')) completed
2026-04-23 13:37:02 | DEBUG    | aiosqlite | executing functools.partial(<built-in method commit of sqlite3.Connection object at 0x10d745990>)
2026-04-23 13:37:02 | DEBUG    | aiosqlite | operation functools.partial(<built-in method commit of sqlite3.Connection object at 0x10d745990>) completed
2026-04-23 13:37:02 | DEBUG    | aiosqlite | executing functools.partial(<built-in method close of sqlite3.Connection object at 0x10d745990>)
2026-04-23 13:37:02 | DEBUG    | aiosqlite | operation functools.partial(<built-in method close of sqlite3.Connection object at 0x10d745990>) completed
2026-04-23 13:37:05 | [31mERROR   [0m | bot.services.sender | Failed to send c0e83aebbeb7_00001.mp4: 1 validation error for SendVideo
duration
  Input should be a valid integer, got a number with a fractional part [type=int_from_float, input_value=28.3, input_type=float]
    For further information visit https://errors.pydantic.dev/2.9/v/int_from_float
2026-04-23 13:37:05 | DEBUG    | bot.utils.cleanup | 🗑  Deleted temp file: /tmp/instabot/c0e83aebbeb7_00001.mp4
2026-04-23 13:37:05 | DEBUG    | aiosqlite | executing <function connect.<locals>.connector at 0x10d77ab60>
2026-04-23 13:37:05 | DEBUG    | aiosqlite | operation <function connect.<locals>.connector at 0x10d77ab60> completed
2026-04-23 13:37:05 | DEBUG    | aiosqlite | executing functools.partial(<built-in method execute of sqlite3.Connection object at 0x10d7456c0>, '\n                INSERT INTO downloads (user_id, link, media_type, status, created_at)\n                VALUES (?, ?, ?, ?, ?)\n            ', (7885260604, 'https://www.instagram.com/p/DRw2VX9DPQc/', 'unknown', 'failed', '2026-04-23T08:37:05.033659'))
2026-04-23 13:37:05 | DEBUG    | aiosqlite | operation functools.partial(<built-in method execute of sqlite3.Connection object at 0x10d7456c0>, '\n                INSERT INTO downloads (user_id, link, media_type, status, created_at)\n                VALUES (?, ?, ?, ?, ?)\n            ', (7885260604, 'https://www.instagram.com/p/DRw2VX9DPQc/', 'unknown', 'failed', '2026-04-23T08:37:05.033659')) completed
2026-04-23 13:37:05 | DEBUG    | aiosqlite | executing functools.partial(<built-in method commit of sqlite3.Connection object at 0x10d7456c0>)
2026-04-23 13:37:05 | DEBUG    | aiosqlite | operation functools.partial(<built-in method commit of sqlite3.Connection object at 0x10d7456c0>) completed
2026-04-23 13:37:05 | DEBUG    | aiosqlite | executing functools.partial(<built-in method close of sqlite3.Connection object at 0x10d7456c0>)
2026-04-23 13:37:05 | DEBUG    | aiosqlite | operation functools.partial(<built-in method close of sqlite3.Connection object at 0x10d7456c0>) completed
2026-04-23 13:39:45 | [33mWARNING [0m | aiogram.dispatcher | Received SIGINT signal
2026-04-23 13:39:45 | [32mINFO    [0m | __main__ | 🧹  Cleaning up temp files…
2026-04-23 13:39:45 | [32mINFO    [0m | __main__ | 👋  Bot stopped cleanly.
2026-04-23 13:39:48 | [32mINFO    [0m | bot.utils.logger | 📝  Logging initialised → logs/bot.log
2026-04-23 13:39:48 | DEBUG    | aiosqlite | executing <function connect.<locals>.connector at 0x10bd49e40>
2026-04-23 13:39:48 | DEBUG    | aiosqlite | operation <function connect.<locals>.connector at 0x10bd49e40> completed
2026-04-23 13:39:48 | DEBUG    | aiosqlite | executing functools.partial(<built-in method executescript of sqlite3.Connection object at 0x10bd3c5e0>, "\n                CREATE TABLE IF NOT EXISTS users (\n                    user_id     INTEGER PRIMARY KEY,\n                    username    TEXT,\n                    first_name  TEXT,\n                    joined_at   TEXT NOT NULL\n                );\n\n                CREATE TABLE IF NOT EXISTS downloads (\n                    id          INTEGER PRIMARY KEY AUTOINCREMENT,\n                    user_id     INTEGER NOT NULL,\n                    link        TEXT NOT NULL,\n                    media_type  TEXT,            -- 'video' | 'image' | 'carousel'\n                    status      TEXT DEFAULT 'ok', -- 'ok' | 'failed'\n                    created_at  TEXT NOT NULL,\n                    FOREIGN KEY (user_id) REFERENCES users(user_id)\n                );\n            ")
2026-04-23 13:39:48 | DEBUG    | aiosqlite | operation functools.partial(<built-in method executescript of sqlite3.Connection object at 0x10bd3c5e0>, "\n                CREATE TABLE IF NOT EXISTS users (\n                    user_id     INTEGER PRIMARY KEY,\n                    username    TEXT,\n                    first_name  TEXT,\n                    joined_at   TEXT NOT NULL\n                );\n\n                CREATE TABLE IF NOT EXISTS downloads (\n                    id          INTEGER PRIMARY KEY AUTOINCREMENT,\n                    user_id     INTEGER NOT NULL,\n                    link        TEXT NOT NULL,\n                    media_type  TEXT,            -- 'video' | 'image' | 'carousel'\n                    status      TEXT DEFAULT 'ok', -- 'ok' | 'failed'\n                    created_at  TEXT NOT NULL,\n                    FOREIGN KEY (user_id) REFERENCES users(user_id)\n                );\n            ") completed
2026-04-23 13:39:48 | DEBUG    | aiosqlite | executing functools.partial(<built-in method commit of sqlite3.Connection object at 0x10bd3c5e0>)
2026-04-23 13:39:48 | DEBUG    | aiosqlite | operation functools.partial(<built-in method commit of sqlite3.Connection object at 0x10bd3c5e0>) completed
2026-04-23 13:39:48 | DEBUG    | aiosqlite | executing functools.partial(<built-in method close of sqlite3.Connection object at 0x10bd3c5e0>)
2026-04-23 13:39:48 | DEBUG    | aiosqlite | operation functools.partial(<built-in method close of sqlite3.Connection object at 0x10bd3c5e0>) completed
2026-04-23 13:39:48 | [32mINFO    [0m | database.db | ✅  Database ready at database/bot.db
2026-04-23 13:39:48 | [32mINFO    [0m | __main__ | 🚀  Bot started: @instagram_post7_bot  (id=8668012956)
2026-04-23 13:39:48 | [32mINFO    [0m | __main__ | ⚡  Polling started. Press Ctrl+C to stop.
2026-04-23 13:39:56 | DEBUG    | aiosqlite | executing <function connect.<locals>.connector at 0x10bd713a0>
2026-04-23 13:39:56 | DEBUG    | aiosqlite | operation <function connect.<locals>.connector at 0x10bd713a0> completed
2026-04-23 13:39:56 | DEBUG    | aiosqlite | executing functools.partial(<built-in method execute of sqlite3.Connection object at 0x10bd3e110>, '\n                INSERT INTO users (user_id, username, first_name, joined_at)\n                VALUES (?, ?, ?, ?)\n                ON CONFLICT(user_id) DO UPDATE SET\n                    username   = excluded.username,\n                    first_name = excluded.first_name\n            ', (7885260604, 'cd_ex', 'Anonshack', '2026-04-23T08:39:56.523873'))
2026-04-23 13:39:56 | DEBUG    | aiosqlite | operation functools.partial(<built-in method execute of sqlite3.Connection object at 0x10bd3e110>, '\n                INSERT INTO users (user_id, username, first_name, joined_at)\n                VALUES (?, ?, ?, ?)\n                ON CONFLICT(user_id) DO UPDATE SET\n                    username   = excluded.username,\n                    first_name = excluded.first_name\n            ', (7885260604, 'cd_ex', 'Anonshack', '2026-04-23T08:39:56.523873')) completed
2026-04-23 13:39:56 | DEBUG    | aiosqlite | executing functools.partial(<built-in method commit of sqlite3.Connection object at 0x10bd3e110>)
2026-04-23 13:39:56 | DEBUG    | aiosqlite | operation functools.partial(<built-in method commit of sqlite3.Connection object at 0x10bd3e110>) completed
2026-04-23 13:39:56 | DEBUG    | aiosqlite | executing functools.partial(<built-in method close of sqlite3.Connection object at 0x10bd3e110>)
2026-04-23 13:39:56 | DEBUG    | aiosqlite | operation functools.partial(<built-in method close of sqlite3.Connection object at 0x10bd3e110>) completed
2026-04-23 13:40:02 | DEBUG    | aiosqlite | executing <function connect.<locals>.connector at 0x10bd71ee0>
2026-04-23 13:40:02 | DEBUG    | aiosqlite | operation <function connect.<locals>.connector at 0x10bd71ee0> completed
2026-04-23 13:40:02 | DEBUG    | aiosqlite | executing functools.partial(<built-in method execute of sqlite3.Connection object at 0x10bd3d8a0>, '\n                INSERT INTO users (user_id, username, first_name, joined_at)\n                VALUES (?, ?, ?, ?)\n                ON CONFLICT(user_id) DO UPDATE SET\n                    username   = excluded.username,\n                    first_name = excluded.first_name\n            ', (7885260604, 'cd_ex', 'Anonshack', '2026-04-23T08:40:02.623404'))
2026-04-23 13:40:02 | DEBUG    | aiosqlite | operation functools.partial(<built-in method execute of sqlite3.Connection object at 0x10bd3d8a0>, '\n                INSERT INTO users (user_id, username, first_name, joined_at)\n                VALUES (?, ?, ?, ?)\n                ON CONFLICT(user_id) DO UPDATE SET\n                    username   = excluded.username,\n                    first_name = excluded.first_name\n            ', (7885260604, 'cd_ex', 'Anonshack', '2026-04-23T08:40:02.623404')) completed
2026-04-23 13:40:02 | DEBUG    | aiosqlite | executing functools.partial(<built-in method commit of sqlite3.Connection object at 0x10bd3d8a0>)
2026-04-23 13:40:02 | DEBUG    | aiosqlite | operation functools.partial(<built-in method commit of sqlite3.Connection object at 0x10bd3d8a0>) completed
2026-04-23 13:40:02 | DEBUG    | aiosqlite | executing functools.partial(<built-in method close of sqlite3.Connection object at 0x10bd3d8a0>)
2026-04-23 13:40:02 | DEBUG    | aiosqlite | operation functools.partial(<built-in method close of sqlite3.Connection object at 0x10bd3d8a0>) completed
2026-04-23 13:40:04 | [31mERROR   [0m | bot.services.sender | Failed to send cb9086b9e90f_00001.mp4: 1 validation error for SendVideo
duration
  Input should be a valid integer, got a number with a fractional part [type=int_from_float, input_value=28.3, input_type=float]
    For further information visit https://errors.pydantic.dev/2.9/v/int_from_float
2026-04-23 13:40:04 | DEBUG    | bot.utils.cleanup | 🗑  Deleted temp file: /tmp/instabot/cb9086b9e90f_00001.mp4
2026-04-23 13:40:04 | DEBUG    | aiosqlite | executing <function connect.<locals>.connector at 0x10bd72160>
2026-04-23 13:40:04 | DEBUG    | aiosqlite | operation <function connect.<locals>.connector at 0x10bd72160> completed
2026-04-23 13:40:04 | DEBUG    | aiosqlite | executing functools.partial(<built-in method execute of sqlite3.Connection object at 0x10bd3f100>, '\n                INSERT INTO downloads (user_id, link, media_type, status, created_at)\n                VALUES (?, ?, ?, ?, ?)\n            ', (7885260604, 'https://www.instagram.com/p/DRw2VX9DPQc/', 'unknown', 'failed', '2026-04-23T08:40:04.691501'))
2026-04-23 13:40:04 | DEBUG    | aiosqlite | operation functools.partial(<built-in method execute of sqlite3.Connection object at 0x10bd3f100>, '\n                INSERT INTO downloads (user_id, link, media_type, status, created_at)\n                VALUES (?, ?, ?, ?, ?)\n            ', (7885260604, 'https://www.instagram.com/p/DRw2VX9DPQc/', 'unknown', 'failed', '2026-04-23T08:40:04.691501')) completed
2026-04-23 13:40:04 | DEBUG    | aiosqlite | executing functools.partial(<built-in method commit of sqlite3.Connection object at 0x10bd3f100>)
2026-04-23 13:40:04 | DEBUG    | aiosqlite | operation functools.partial(<built-in method commit of sqlite3.Connection object at 0x10bd3f100>) completed
2026-04-23 13:40:04 | DEBUG    | aiosqlite | executing functools.partial(<built-in method close of sqlite3.Connection object at 0x10bd3f100>)
2026-04-23 13:40:04 | DEBUG    | aiosqlite | operation functools.partial(<built-in method close of sqlite3.Connection object at 0x10bd3f100>) completed
2026-04-23 13:40:07 | DEBUG    | aiosqlite | executing <function connect.<locals>.connector at 0x10bd71ee0>
2026-04-23 13:40:07 | DEBUG    | aiosqlite | operation <function connect.<locals>.connector at 0x10bd71ee0> completed
2026-04-23 13:40:07 | DEBUG    | aiosqlite | executing functools.partial(<built-in method execute of sqlite3.Connection object at 0x10bd3f100>, '\n                SELECT link, media_type, status, created_at\n                FROM downloads\n                WHERE user_id = ?\n                ORDER BY created_at DESC\n                LIMIT ?\n            ', (7885260604, 5))
2026-04-23 13:40:07 | DEBUG    | aiosqlite | operation functools.partial(<built-in method execute of sqlite3.Connection object at 0x10bd3f100>, '\n                SELECT link, media_type, status, created_at\n                FROM downloads\n                WHERE user_id = ?\n                ORDER BY created_at DESC\n                LIMIT ?\n            ', (7885260604, 5)) completed
2026-04-23 13:40:07 | DEBUG    | aiosqlite | executing functools.partial(<built-in method fetchall of sqlite3.Cursor object at 0x10c32d5c0>)
2026-04-23 13:40:07 | DEBUG    | aiosqlite | operation functools.partial(<built-in method fetchall of sqlite3.Cursor object at 0x10c32d5c0>) completed
2026-04-23 13:40:07 | DEBUG    | aiosqlite | executing functools.partial(<built-in method close of sqlite3.Connection object at 0x10bd3f100>)
2026-04-23 13:40:07 | DEBUG    | aiosqlite | operation functools.partial(<built-in method close of sqlite3.Connection object at 0x10bd3f100>) completed
2026-04-23 13:40:13 | DEBUG    | aiosqlite | executing <function connect.<locals>.connector at 0x10c046700>
2026-04-23 13:40:13 | DEBUG    | aiosqlite | operation <function connect.<locals>.connector at 0x10c046700> completed
2026-04-23 13:40:13 | DEBUG    | aiosqlite | executing functools.partial(<built-in method execute of sqlite3.Connection object at 0x10bd3ef20>, "SELECT COUNT(*) as cnt FROM downloads WHERE status = 'ok'", [])
2026-04-23 13:40:13 | DEBUG    | aiosqlite | operation functools.partial(<built-in method execute of sqlite3.Connection object at 0x10bd3ef20>, "SELECT COUNT(*) as cnt FROM downloads WHERE status = 'ok'", []) completed
2026-04-23 13:40:13 | DEBUG    | aiosqlite | executing functools.partial(<built-in method fetchone of sqlite3.Cursor object at 0x10c32cf40>)
2026-04-23 13:40:13 | DEBUG    | aiosqlite | operation functools.partial(<built-in method fetchone of sqlite3.Cursor object at 0x10c32cf40>) completed
2026-04-23 13:40:13 | DEBUG    | aiosqlite | executing functools.partial(<built-in method execute of sqlite3.Connection object at 0x10bd3ef20>, 'SELECT COUNT(*) as cnt FROM users', [])
2026-04-23 13:40:13 | DEBUG    | aiosqlite | operation functools.partial(<built-in method execute of sqlite3.Connection object at 0x10bd3ef20>, 'SELECT COUNT(*) as cnt FROM users', []) completed
2026-04-23 13:40:13 | DEBUG    | aiosqlite | executing functools.partial(<built-in method fetchone of sqlite3.Cursor object at 0x10c32d8c0>)
2026-04-23 13:40:13 | DEBUG    | aiosqlite | operation functools.partial(<built-in method fetchone of sqlite3.Cursor object at 0x10c32d8c0>) completed
2026-04-23 13:40:13 | DEBUG    | aiosqlite | executing functools.partial(<built-in method execute of sqlite3.Connection object at 0x10bd3ef20>, "\n                SELECT COUNT(*) as cnt FROM downloads\n                WHERE status = 'ok' AND DATE(created_at) = DATE('now')\n            ", [])
2026-04-23 13:40:13 | DEBUG    | aiosqlite | operation functools.partial(<built-in method execute of sqlite3.Connection object at 0x10bd3ef20>, "\n                SELECT COUNT(*) as cnt FROM downloads\n                WHERE status = 'ok' AND DATE(created_at) = DATE('now')\n            ", []) completed
2026-04-23 13:40:13 | DEBUG    | aiosqlite | executing functools.partial(<built-in method fetchone of sqlite3.Cursor object at 0x10c32cfc0>)
2026-04-23 13:40:13 | DEBUG    | aiosqlite | operation functools.partial(<built-in method fetchone of sqlite3.Cursor object at 0x10c32cfc0>) completed
2026-04-23 13:40:13 | DEBUG    | aiosqlite | executing functools.partial(<built-in method close of sqlite3.Connection object at 0x10bd3ef20>)
2026-04-23 13:40:13 | DEBUG    | aiosqlite | operation functools.partial(<built-in method close of sqlite3.Connection object at 0x10bd3ef20>) completed
2026-04-23 13:40:13 | DEBUG    | aiosqlite | executing <function connect.<locals>.connector at 0x10bd71ee0>
2026-04-23 13:40:13 | DEBUG    | aiosqlite | operation <function connect.<locals>.connector at 0x10bd71ee0> completed
2026-04-23 13:40:13 | DEBUG    | aiosqlite | executing functools.partial(<built-in method execute of sqlite3.Connection object at 0x10bd3ef20>, "\n                SELECT COUNT(*) as cnt FROM downloads\n                WHERE user_id = ? AND status = 'ok'\n            ", (7885260604,))
2026-04-23 13:40:13 | DEBUG    | aiosqlite | operation functools.partial(<built-in method execute of sqlite3.Connection object at 0x10bd3ef20>, "\n                SELECT COUNT(*) as cnt FROM downloads\n                WHERE user_id = ? AND status = 'ok'\n            ", (7885260604,)) completed
2026-04-23 13:40:13 | DEBUG    | aiosqlite | executing functools.partial(<built-in method fetchone of sqlite3.Cursor object at 0x10c32d8c0>)
2026-04-23 13:40:13 | DEBUG    | aiosqlite | operation functools.partial(<built-in method fetchone of sqlite3.Cursor object at 0x10c32d8c0>) completed
2026-04-23 13:40:13 | DEBUG    | aiosqlite | executing functools.partial(<built-in method close of sqlite3.Connection object at 0x10bd3ef20>)
2026-04-23 13:40:13 | DEBUG    | aiosqlite | operation functools.partial(<built-in method close of sqlite3.Connection object at 0x10bd3ef20>) completed
2026-04-23 13:40:15 | DEBUG    | aiosqlite | executing <function connect.<locals>.connector at 0x10c046c00>
2026-04-23 13:40:15 | DEBUG    | aiosqlite | operation <function connect.<locals>.connector at 0x10c046c00> completed
2026-04-23 13:40:15 | DEBUG    | aiosqlite | executing functools.partial(<built-in method execute of sqlite3.Connection object at 0x10bd3d6c0>, '\n                INSERT INTO users (user_id, username, first_name, joined_at)\n                VALUES (?, ?, ?, ?)\n                ON CONFLICT(user_id) DO UPDATE SET\n                    username   = excluded.username,\n                    first_name = excluded.first_name\n            ', (7885260604, 'cd_ex', 'Anonshack', '2026-04-23T08:40:15.710398'))
2026-04-23 13:40:15 | DEBUG    | aiosqlite | operation functools.partial(<built-in method execute of sqlite3.Connection object at 0x10bd3d6c0>, '\n                INSERT INTO users (user_id, username, first_name, joined_at)\n                VALUES (?, ?, ?, ?)\n                ON CONFLICT(user_id) DO UPDATE SET\n                    username   = excluded.username,\n                    first_name = excluded.first_name\n            ', (7885260604, 'cd_ex', 'Anonshack', '2026-04-23T08:40:15.710398')) completed
2026-04-23 13:40:15 | DEBUG    | aiosqlite | executing functools.partial(<built-in method commit of sqlite3.Connection object at 0x10bd3d6c0>)
2026-04-23 13:40:15 | DEBUG    | aiosqlite | operation functools.partial(<built-in method commit of sqlite3.Connection object at 0x10bd3d6c0>) completed
2026-04-23 13:40:15 | DEBUG    | aiosqlite | executing functools.partial(<built-in method close of sqlite3.Connection object at 0x10bd3d6c0>)
2026-04-23 13:40:15 | DEBUG    | aiosqlite | operation functools.partial(<built-in method close of sqlite3.Connection object at 0x10bd3d6c0>) completed
2026-04-23 13:40:27 | DEBUG    | aiosqlite | executing <function connect.<locals>.connector at 0x10c047d80>
2026-04-23 13:40:27 | DEBUG    | aiosqlite | operation <function connect.<locals>.connector at 0x10c047d80> completed
2026-04-23 13:40:27 | DEBUG    | aiosqlite | executing functools.partial(<built-in method execute of sqlite3.Connection object at 0x10bd3e2f0>, '\n                INSERT INTO users (user_id, username, first_name, joined_at)\n                VALUES (?, ?, ?, ?)\n                ON CONFLICT(user_id) DO UPDATE SET\n                    username   = excluded.username,\n                    first_name = excluded.first_name\n            ', (7885260604, 'cd_ex', 'Anonshack', '2026-04-23T08:40:27.442815'))
2026-04-23 13:40:27 | DEBUG    | aiosqlite | operation functools.partial(<built-in method execute of sqlite3.Connection object at 0x10bd3e2f0>, '\n                INSERT INTO users (user_id, username, first_name, joined_at)\n                VALUES (?, ?, ?, ?)\n                ON CONFLICT(user_id) DO UPDATE SET\n                    username   = excluded.username,\n                    first_name = excluded.first_name\n            ', (7885260604, 'cd_ex', 'Anonshack', '2026-04-23T08:40:27.442815')) completed
2026-04-23 13:40:27 | DEBUG    | aiosqlite | executing functools.partial(<built-in method commit of sqlite3.Connection object at 0x10bd3e2f0>)
2026-04-23 13:40:27 | DEBUG    | aiosqlite | operation functools.partial(<built-in method commit of sqlite3.Connection object at 0x10bd3e2f0>) completed
2026-04-23 13:40:27 | DEBUG    | aiosqlite | executing functools.partial(<built-in method close of sqlite3.Connection object at 0x10bd3e2f0>)
2026-04-23 13:40:27 | DEBUG    | aiosqlite | operation functools.partial(<built-in method close of sqlite3.Connection object at 0x10bd3e2f0>) completed
2026-04-23 13:40:35 | DEBUG    | aiosqlite | executing <function connect.<locals>.connector at 0x10c046c00>
2026-04-23 13:40:35 | DEBUG    | aiosqlite | operation <function connect.<locals>.connector at 0x10c046c00> completed
2026-04-23 13:40:35 | DEBUG    | aiosqlite | executing functools.partial(<built-in method execute of sqlite3.Connection object at 0x10bd3d6c0>, '\n                INSERT INTO users (user_id, username, first_name, joined_at)\n                VALUES (?, ?, ?, ?)\n                ON CONFLICT(user_id) DO UPDATE SET\n                    username   = excluded.username,\n                    first_name = excluded.first_name\n            ', (7885260604, 'cd_ex', 'Anonshack', '2026-04-23T08:40:35.470060'))
2026-04-23 13:40:35 | DEBUG    | aiosqlite | operation functools.partial(<built-in method execute of sqlite3.Connection object at 0x10bd3d6c0>, '\n                INSERT INTO users (user_id, username, first_name, joined_at)\n                VALUES (?, ?, ?, ?)\n                ON CONFLICT(user_id) DO UPDATE SET\n                    username   = excluded.username,\n                    first_name = excluded.first_name\n            ', (7885260604, 'cd_ex', 'Anonshack', '2026-04-23T08:40:35.470060')) completed
2026-04-23 13:40:35 | DEBUG    | aiosqlite | executing functools.partial(<built-in method commit of sqlite3.Connection object at 0x10bd3d6c0>)
2026-04-23 13:40:35 | DEBUG    | aiosqlite | operation functools.partial(<built-in method commit of sqlite3.Connection object at 0x10bd3d6c0>) completed
2026-04-23 13:40:35 | DEBUG    | aiosqlite | executing functools.partial(<built-in method close of sqlite3.Connection object at 0x10bd3d6c0>)
2026-04-23 13:40:35 | DEBUG    | aiosqlite | operation functools.partial(<built-in method close of sqlite3.Connection object at 0x10bd3d6c0>) completed
2026-04-23 13:40:37 | [31mERROR   [0m | bot.services.sender | Failed to send 38db4aee55ad_00001.mp4: 1 validation error for SendVideo
duration
  Input should be a valid integer, got a number with a fractional part [type=int_from_float, input_value=28.3, input_type=float]
    For further information visit https://errors.pydantic.dev/2.9/v/int_from_float
2026-04-23 13:40:37 | DEBUG    | bot.utils.cleanup | 🗑  Deleted temp file: /tmp/instabot/38db4aee55ad_00001.mp4
2026-04-23 13:40:37 | DEBUG    | aiosqlite | executing <function connect.<locals>.connector at 0x10c350680>
2026-04-23 13:40:37 | DEBUG    | aiosqlite | operation <function connect.<locals>.connector at 0x10c350680> completed
2026-04-23 13:40:37 | DEBUG    | aiosqlite | executing functools.partial(<built-in method execute of sqlite3.Connection object at 0x10bd3ef20>, '\n                INSERT INTO downloads (user_id, link, media_type, status, created_at)\n                VALUES (?, ?, ?, ?, ?)\n            ', (7885260604, 'https://www.instagram.com/p/DRw2VX9DPQc/', 'unknown', 'failed', '2026-04-23T08:40:37.616403'))
2026-04-23 13:40:37 | DEBUG    | aiosqlite | operation functools.partial(<built-in method execute of sqlite3.Connection object at 0x10bd3ef20>, '\n                INSERT INTO downloads (user_id, link, media_type, status, created_at)\n                VALUES (?, ?, ?, ?, ?)\n            ', (7885260604, 'https://www.instagram.com/p/DRw2VX9DPQc/', 'unknown', 'failed', '2026-04-23T08:40:37.616403')) completed
2026-04-23 13:40:37 | DEBUG    | aiosqlite | executing functools.partial(<built-in method commit of sqlite3.Connection object at 0x10bd3ef20>)
2026-04-23 13:40:37 | DEBUG    | aiosqlite | operation functools.partial(<built-in method commit of sqlite3.Connection object at 0x10bd3ef20>) completed
2026-04-23 13:40:37 | DEBUG    | aiosqlite | executing functools.partial(<built-in method close of sqlite3.Connection object at 0x10bd3ef20>)
2026-04-23 13:40:37 | DEBUG    | aiosqlite | operation functools.partial(<built-in method close of sqlite3.Connection object at 0x10bd3ef20>) completed
2026-04-23 13:42:37 | [33mWARNING [0m | aiogram.dispatcher | Received SIGINT signal
2026-04-23 13:42:37 | [32mINFO    [0m | __main__ | 🧹  Cleaning up temp files…
2026-04-23 13:42:37 | [32mINFO    [0m | __main__ | 👋  Bot stopped cleanly.
2026-04-23 13:42:40 | [32mINFO    [0m | bot.utils.logger | 📝  Logging initialised → logs/bot.log
2026-04-23 13:42:40 | DEBUG    | aiosqlite | executing <function connect.<locals>.connector at 0x109c59f80>
2026-04-23 13:42:40 | DEBUG    | aiosqlite | operation <function connect.<locals>.connector at 0x109c59f80> completed
2026-04-23 13:42:40 | DEBUG    | aiosqlite | executing functools.partial(<built-in method executescript of sqlite3.Connection object at 0x109c505e0>, "\n                CREATE TABLE IF NOT EXISTS users (\n                    user_id     INTEGER PRIMARY KEY,\n                    username    TEXT,\n                    first_name  TEXT,\n                    joined_at   TEXT NOT NULL\n                );\n\n                CREATE TABLE IF NOT EXISTS downloads (\n                    id          INTEGER PRIMARY KEY AUTOINCREMENT,\n                    user_id     INTEGER NOT NULL,\n                    link        TEXT NOT NULL,\n                    media_type  TEXT,            -- 'video' | 'image' | 'carousel'\n                    status      TEXT DEFAULT 'ok', -- 'ok' | 'failed'\n                    created_at  TEXT NOT NULL,\n                    FOREIGN KEY (user_id) REFERENCES users(user_id)\n                );\n            ")
2026-04-23 13:42:40 | DEBUG    | aiosqlite | operation functools.partial(<built-in method executescript of sqlite3.Connection object at 0x109c505e0>, "\n                CREATE TABLE IF NOT EXISTS users (\n                    user_id     INTEGER PRIMARY KEY,\n                    username    TEXT,\n                    first_name  TEXT,\n                    joined_at   TEXT NOT NULL\n                );\n\n                CREATE TABLE IF NOT EXISTS downloads (\n                    id          INTEGER PRIMARY KEY AUTOINCREMENT,\n                    user_id     INTEGER NOT NULL,\n                    link        TEXT NOT NULL,\n                    media_type  TEXT,            -- 'video' | 'image' | 'carousel'\n                    status      TEXT DEFAULT 'ok', -- 'ok' | 'failed'\n                    created_at  TEXT NOT NULL,\n                    FOREIGN KEY (user_id) REFERENCES users(user_id)\n                );\n            ") completed
2026-04-23 13:42:40 | DEBUG    | aiosqlite | executing functools.partial(<built-in method commit of sqlite3.Connection object at 0x109c505e0>)
2026-04-23 13:42:40 | DEBUG    | aiosqlite | operation functools.partial(<built-in method commit of sqlite3.Connection object at 0x109c505e0>) completed
2026-04-23 13:42:40 | DEBUG    | aiosqlite | executing functools.partial(<built-in method close of sqlite3.Connection object at 0x109c505e0>)
2026-04-23 13:42:40 | DEBUG    | aiosqlite | operation functools.partial(<built-in method close of sqlite3.Connection object at 0x109c505e0>) completed
2026-04-23 13:42:40 | [32mINFO    [0m | database.db | ✅  Database ready at database/bot.db
2026-04-23 13:42:40 | [32mINFO    [0m | __main__ | 🚀  Bot started: @instagram_post7_bot  (id=8668012956)
2026-04-23 13:42:40 | [32mINFO    [0m | __main__ | ⚡  Polling started. Press Ctrl+C to stop.
2026-04-23 13:42:44 | DEBUG    | aiosqlite | executing <function connect.<locals>.connector at 0x109c814e0>
2026-04-23 13:42:44 | DEBUG    | aiosqlite | operation <function connect.<locals>.connector at 0x109c814e0> completed
2026-04-23 13:42:44 | DEBUG    | aiosqlite | executing functools.partial(<built-in method execute of sqlite3.Connection object at 0x109c52110>, '\n                INSERT INTO users (user_id, username, first_name, joined_at)\n                VALUES (?, ?, ?, ?)\n                ON CONFLICT(user_id) DO UPDATE SET\n                    username   = excluded.username,\n                    first_name = excluded.first_name\n            ', (7885260604, 'cd_ex', 'Anonshack', '2026-04-23T08:42:44.292511'))
2026-04-23 13:42:44 | DEBUG    | aiosqlite | operation functools.partial(<built-in method execute of sqlite3.Connection object at 0x109c52110>, '\n                INSERT INTO users (user_id, username, first_name, joined_at)\n                VALUES (?, ?, ?, ?)\n                ON CONFLICT(user_id) DO UPDATE SET\n                    username   = excluded.username,\n                    first_name = excluded.first_name\n            ', (7885260604, 'cd_ex', 'Anonshack', '2026-04-23T08:42:44.292511')) completed
2026-04-23 13:42:44 | DEBUG    | aiosqlite | executing functools.partial(<built-in method commit of sqlite3.Connection object at 0x109c52110>)
2026-04-23 13:42:44 | DEBUG    | aiosqlite | operation functools.partial(<built-in method commit of sqlite3.Connection object at 0x109c52110>) completed
2026-04-23 13:42:44 | DEBUG    | aiosqlite | executing functools.partial(<built-in method close of sqlite3.Connection object at 0x109c52110>)
2026-04-23 13:42:44 | DEBUG    | aiosqlite | operation functools.partial(<built-in method close of sqlite3.Connection object at 0x109c52110>) completed
2026-04-23 13:42:51 | DEBUG    | aiosqlite | executing <function connect.<locals>.connector at 0x109c82020>
2026-04-23 13:42:51 | DEBUG    | aiosqlite | operation <function connect.<locals>.connector at 0x109c82020> completed
2026-04-23 13:42:51 | DEBUG    | aiosqlite | executing functools.partial(<built-in method execute of sqlite3.Connection object at 0x109c518a0>, '\n                INSERT INTO users (user_id, username, first_name, joined_at)\n                VALUES (?, ?, ?, ?)\n                ON CONFLICT(user_id) DO UPDATE SET\n                    username   = excluded.username,\n                    first_name = excluded.first_name\n            ', (7885260604, 'cd_ex', 'Anonshack', '2026-04-23T08:42:51.211184'))
2026-04-23 13:42:51 | DEBUG    | aiosqlite | operation functools.partial(<built-in method execute of sqlite3.Connection object at 0x109c518a0>, '\n                INSERT INTO users (user_id, username, first_name, joined_at)\n                VALUES (?, ?, ?, ?)\n                ON CONFLICT(user_id) DO UPDATE SET\n                    username   = excluded.username,\n                    first_name = excluded.first_name\n            ', (7885260604, 'cd_ex', 'Anonshack', '2026-04-23T08:42:51.211184')) completed
2026-04-23 13:42:51 | DEBUG    | aiosqlite | executing functools.partial(<built-in method commit of sqlite3.Connection object at 0x109c518a0>)
2026-04-23 13:42:51 | DEBUG    | aiosqlite | operation functools.partial(<built-in method commit of sqlite3.Connection object at 0x109c518a0>) completed
2026-04-23 13:42:51 | DEBUG    | aiosqlite | executing functools.partial(<built-in method close of sqlite3.Connection object at 0x109c518a0>)
2026-04-23 13:42:51 | DEBUG    | aiosqlite | operation functools.partial(<built-in method close of sqlite3.Connection object at 0x109c518a0>) completed
2026-04-23 13:42:53 | [31mERROR   [0m | bot.services.sender | Failed to send 56ccec2a26d5_00001.mp4: 1 validation error for SendVideo
duration
  Input should be a valid integer, got a number with a fractional part [type=int_from_float, input_value=28.3, input_type=float]
    For further information visit https://errors.pydantic.dev/2.9/v/int_from_float
2026-04-23 13:42:53 | DEBUG    | bot.utils.cleanup | 🗑  Deleted temp file: /tmp/instabot/56ccec2a26d5_00001.mp4
2026-04-23 13:42:53 | DEBUG    | aiosqlite | executing <function connect.<locals>.connector at 0x109c822a0>
2026-04-23 13:42:53 | DEBUG    | aiosqlite | operation <function connect.<locals>.connector at 0x109c822a0> completed
2026-04-23 13:42:53 | DEBUG    | aiosqlite | executing functools.partial(<built-in method execute of sqlite3.Connection object at 0x109c53100>, '\n                INSERT INTO downloads (user_id, link, media_type, status, created_at)\n                VALUES (?, ?, ?, ?, ?)\n            ', (7885260604, 'https://www.instagram.com/p/DRw2VX9DPQc/', 'unknown', 'failed', '2026-04-23T08:42:53.276063'))
2026-04-23 13:42:53 | DEBUG    | aiosqlite | operation functools.partial(<built-in method execute of sqlite3.Connection object at 0x109c53100>, '\n                INSERT INTO downloads (user_id, link, media_type, status, created_at)\n                VALUES (?, ?, ?, ?, ?)\n            ', (7885260604, 'https://www.instagram.com/p/DRw2VX9DPQc/', 'unknown', 'failed', '2026-04-23T08:42:53.276063')) completed
2026-04-23 13:42:53 | DEBUG    | aiosqlite | executing functools.partial(<built-in method commit of sqlite3.Connection object at 0x109c53100>)
2026-04-23 13:42:53 | DEBUG    | aiosqlite | operation functools.partial(<built-in method commit of sqlite3.Connection object at 0x109c53100>) completed
2026-04-23 13:42:53 | DEBUG    | aiosqlite | executing functools.partial(<built-in method close of sqlite3.Connection object at 0x109c53100>)
2026-04-23 13:42:53 | DEBUG    | aiosqlite | operation functools.partial(<built-in method close of sqlite3.Connection object at 0x109c53100>) completed
2026-04-23 13:42:54 | DEBUG    | aiosqlite | executing <function connect.<locals>.connector at 0x109c822a0>
2026-04-23 13:42:54 | DEBUG    | aiosqlite | operation <function connect.<locals>.connector at 0x109c822a0> completed
2026-04-23 13:42:54 | DEBUG    | aiosqlite | executing functools.partial(<built-in method execute of sqlite3.Connection object at 0x109c53100>, '\n                SELECT link, media_type, status, created_at\n                FROM downloads\n                WHERE user_id = ?\n                ORDER BY created_at DESC\n                LIMIT ?\n            ', (7885260604, 5))
2026-04-23 13:42:54 | DEBUG    | aiosqlite | operation functools.partial(<built-in method execute of sqlite3.Connection object at 0x109c53100>, '\n                SELECT link, media_type, status, created_at\n                FROM downloads\n                WHERE user_id = ?\n                ORDER BY created_at DESC\n                LIMIT ?\n            ', (7885260604, 5)) completed
2026-04-23 13:42:54 | DEBUG    | aiosqlite | executing functools.partial(<built-in method fetchall of sqlite3.Cursor object at 0x10a24a740>)
2026-04-23 13:42:54 | DEBUG    | aiosqlite | operation functools.partial(<built-in method fetchall of sqlite3.Cursor object at 0x10a24a740>) completed
2026-04-23 13:42:54 | DEBUG    | aiosqlite | executing functools.partial(<built-in method close of sqlite3.Connection object at 0x109c53100>)
2026-04-23 13:42:54 | DEBUG    | aiosqlite | operation functools.partial(<built-in method close of sqlite3.Connection object at 0x109c53100>) completed
2026-04-23 13:43:00 | DEBUG    | aiosqlite | executing <function connect.<locals>.connector at 0x109e86fc0>
2026-04-23 13:43:00 | DEBUG    | aiosqlite | operation <function connect.<locals>.connector at 0x109e86fc0> completed
2026-04-23 13:43:00 | DEBUG    | aiosqlite | executing functools.partial(<built-in method execute of sqlite3.Connection object at 0x109c52f20>, '\n                INSERT INTO users (user_id, username, first_name, joined_at)\n                VALUES (?, ?, ?, ?)\n                ON CONFLICT(user_id) DO UPDATE SET\n                    username   = excluded.username,\n                    first_name = excluded.first_name\n            ', (7885260604, 'cd_ex', 'Anonshack', '2026-04-23T08:43:00.503416'))
2026-04-23 13:43:00 | DEBUG    | aiosqlite | operation functools.partial(<built-in method execute of sqlite3.Connection object at 0x109c52f20>, '\n                INSERT INTO users (user_id, username, first_name, joined_at)\n                VALUES (?, ?, ?, ?)\n                ON CONFLICT(user_id) DO UPDATE SET\n                    username   = excluded.username,\n                    first_name = excluded.first_name\n            ', (7885260604, 'cd_ex', 'Anonshack', '2026-04-23T08:43:00.503416')) completed
2026-04-23 13:43:00 | DEBUG    | aiosqlite | executing functools.partial(<built-in method commit of sqlite3.Connection object at 0x109c52f20>)
2026-04-23 13:43:00 | DEBUG    | aiosqlite | operation functools.partial(<built-in method commit of sqlite3.Connection object at 0x109c52f20>) completed
2026-04-23 13:43:00 | DEBUG    | aiosqlite | executing functools.partial(<built-in method close of sqlite3.Connection object at 0x109c52f20>)
2026-04-23 13:43:00 | DEBUG    | aiosqlite | operation functools.partial(<built-in method close of sqlite3.Connection object at 0x109c52f20>) completed
2026-04-23 13:43:02 | [31mERROR   [0m | bot.services.sender | Failed to send 33e9f71bf55a_00001.mp4: 1 validation error for SendVideo
duration
  Input should be a valid integer, got a number with a fractional part [type=int_from_float, input_value=28.3, input_type=float]
    For further information visit https://errors.pydantic.dev/2.9/v/int_from_float
2026-04-23 13:43:02 | DEBUG    | bot.utils.cleanup | 🗑  Deleted temp file: /tmp/instabot/33e9f71bf55a_00001.mp4
2026-04-23 13:43:02 | DEBUG    | aiosqlite | executing <function connect.<locals>.connector at 0x109b5e700>
2026-04-23 13:43:02 | DEBUG    | aiosqlite | operation <function connect.<locals>.connector at 0x109b5e700> completed
2026-04-23 13:43:02 | DEBUG    | aiosqlite | executing functools.partial(<built-in method execute of sqlite3.Connection object at 0x109c53790>, '\n                INSERT INTO downloads (user_id, link, media_type, status, created_at)\n                VALUES (?, ?, ?, ?, ?)\n            ', (7885260604, 'https://www.instagram.com/p/DRw2VX9DPQc/', 'unknown', 'failed', '2026-04-23T08:43:02.286643'))
2026-04-23 13:43:02 | DEBUG    | aiosqlite | operation functools.partial(<built-in method execute of sqlite3.Connection object at 0x109c53790>, '\n                INSERT INTO downloads (user_id, link, media_type, status, created_at)\n                VALUES (?, ?, ?, ?, ?)\n            ', (7885260604, 'https://www.instagram.com/p/DRw2VX9DPQc/', 'unknown', 'failed', '2026-04-23T08:43:02.286643')) completed
2026-04-23 13:43:02 | DEBUG    | aiosqlite | executing functools.partial(<built-in method commit of sqlite3.Connection object at 0x109c53790>)
2026-04-23 13:43:02 | DEBUG    | aiosqlite | operation functools.partial(<built-in method commit of sqlite3.Connection object at 0x109c53790>) completed
2026-04-23 13:43:02 | DEBUG    | aiosqlite | executing functools.partial(<built-in method close of sqlite3.Connection object at 0x109c53790>)
2026-04-23 13:43:02 | DEBUG    | aiosqlite | operation functools.partial(<built-in method close of sqlite3.Connection object at 0x109c53790>) completed
2026-04-23 13:52:40 | DEBUG    | __main__ | 🧹  Periodic cleanup done.
2026-04-23 14:02:40 | DEBUG    | __main__ | 🧹  Periodic cleanup done.
2026-04-23 14:20:18 | [31mERROR   [0m | aiogram.dispatcher | Failed to fetch updates - TelegramNetworkError: HTTP Client says - ClientOSError: [Errno 54] Connection reset by peer
2026-04-23 14:20:18 | [33mWARNING [0m | aiogram.dispatcher | Sleep for 1.000000 seconds and try again... (tryings = 0, bot id = 8668012956)
2026-04-23 14:20:25 | [33mWARNING [0m | aiogram.dispatcher | Received SIGINT signal
2026-04-23 14:20:25 | [32mINFO    [0m | __main__ | 🧹  Cleaning up temp files…
2026-04-23 14:20:25 | [32mINFO    [0m | __main__ | 👋  Bot stopped cleanly.
2026-04-23 14:25:11 | [32mINFO    [0m | bot.utils.logger | 📝  Logging initialised → logs/bot.log
2026-04-23 14:25:11 | DEBUG    | aiosqlite | executing <function connect.<locals>.connector at 0x109455ee0>
2026-04-23 14:25:11 | DEBUG    | aiosqlite | operation <function connect.<locals>.connector at 0x109455ee0> completed
2026-04-23 14:25:11 | DEBUG    | aiosqlite | executing functools.partial(<built-in method executescript of sqlite3.Connection object at 0x1094485e0>, "\n                CREATE TABLE IF NOT EXISTS users (\n                    user_id     INTEGER PRIMARY KEY,\n                    username    TEXT,\n                    first_name  TEXT,\n                    joined_at   TEXT NOT NULL\n                );\n\n                CREATE TABLE IF NOT EXISTS downloads (\n                    id          INTEGER PRIMARY KEY AUTOINCREMENT,\n                    user_id     INTEGER NOT NULL,\n                    link        TEXT NOT NULL,\n                    media_type  TEXT,            -- 'video' | 'image' | 'carousel'\n                    status      TEXT DEFAULT 'ok', -- 'ok' | 'failed'\n                    created_at  TEXT NOT NULL,\n                    FOREIGN KEY (user_id) REFERENCES users(user_id)\n                );\n            ")
2026-04-23 14:25:11 | DEBUG    | aiosqlite | operation functools.partial(<built-in method executescript of sqlite3.Connection object at 0x1094485e0>, "\n                CREATE TABLE IF NOT EXISTS users (\n                    user_id     INTEGER PRIMARY KEY,\n                    username    TEXT,\n                    first_name  TEXT,\n                    joined_at   TEXT NOT NULL\n                );\n\n                CREATE TABLE IF NOT EXISTS downloads (\n                    id          INTEGER PRIMARY KEY AUTOINCREMENT,\n                    user_id     INTEGER NOT NULL,\n                    link        TEXT NOT NULL,\n                    media_type  TEXT,            -- 'video' | 'image' | 'carousel'\n                    status      TEXT DEFAULT 'ok', -- 'ok' | 'failed'\n                    created_at  TEXT NOT NULL,\n                    FOREIGN KEY (user_id) REFERENCES users(user_id)\n                );\n            ") completed
2026-04-23 14:25:11 | DEBUG    | aiosqlite | executing functools.partial(<built-in method commit of sqlite3.Connection object at 0x1094485e0>)
2026-04-23 14:25:11 | DEBUG    | aiosqlite | operation functools.partial(<built-in method commit of sqlite3.Connection object at 0x1094485e0>) completed
2026-04-23 14:25:11 | DEBUG    | aiosqlite | executing functools.partial(<built-in method close of sqlite3.Connection object at 0x1094485e0>)
2026-04-23 14:25:11 | DEBUG    | aiosqlite | operation functools.partial(<built-in method close of sqlite3.Connection object at 0x1094485e0>) completed
2026-04-23 14:25:11 | [32mINFO    [0m | database.db | ✅  Database ready at database/bot.db
2026-04-23 14:25:11 | [32mINFO    [0m | __main__ | 🚀  Bot started: @instagram_post7_bot  (id=8668012956)
2026-04-23 14:25:11 | [32mINFO    [0m | __main__ | ⚡  Polling started. Press Ctrl+C to stop.
2026-04-23 14:26:10 | [33mWARNING [0m | aiogram.dispatcher | Received SIGINT signal
2026-04-23 14:26:10 | [32mINFO    [0m | __main__ | 🧹  Cleaning up temp files…
2026-04-23 14:26:10 | [32mINFO    [0m | __main__ | 👋  Bot stopped cleanly.
2026-04-23 14:44:45 | [32mINFO    [0m | bot.utils.logger | 📝  Logging initialised → logs/bot.log
2026-04-23 14:44:45 | DEBUG    | aiosqlite | executing <function connect.<locals>.connector at 0x10bdee2a0>
2026-04-23 14:44:45 | DEBUG    | aiosqlite | operation <function connect.<locals>.connector at 0x10bdee2a0> completed
2026-04-23 14:44:45 | DEBUG    | aiosqlite | executing functools.partial(<built-in method executescript of sqlite3.Connection object at 0x10bd956c0>, "\n                CREATE TABLE IF NOT EXISTS users (\n                    user_id     INTEGER PRIMARY KEY,\n                    username    TEXT,\n                    first_name  TEXT,\n                    joined_at   TEXT NOT NULL\n                );\n\n                CREATE TABLE IF NOT EXISTS downloads (\n                    id          INTEGER PRIMARY KEY AUTOINCREMENT,\n                    user_id     INTEGER NOT NULL,\n                    link        TEXT NOT NULL,\n                    media_type  TEXT,            -- 'video' | 'image' | 'carousel'\n                    status      TEXT DEFAULT 'ok', -- 'ok' | 'failed'\n                    created_at  TEXT NOT NULL,\n                    FOREIGN KEY (user_id) REFERENCES users(user_id)\n                );\n            ")
2026-04-23 14:44:45 | DEBUG    | aiosqlite | operation functools.partial(<built-in method executescript of sqlite3.Connection object at 0x10bd956c0>, "\n                CREATE TABLE IF NOT EXISTS users (\n                    user_id     INTEGER PRIMARY KEY,\n                    username    TEXT,\n                    first_name  TEXT,\n                    joined_at   TEXT NOT NULL\n                );\n\n                CREATE TABLE IF NOT EXISTS downloads (\n                    id          INTEGER PRIMARY KEY AUTOINCREMENT,\n                    user_id     INTEGER NOT NULL,\n                    link        TEXT NOT NULL,\n                    media_type  TEXT,            -- 'video' | 'image' | 'carousel'\n                    status      TEXT DEFAULT 'ok', -- 'ok' | 'failed'\n                    created_at  TEXT NOT NULL,\n                    FOREIGN KEY (user_id) REFERENCES users(user_id)\n                );\n            ") completed
2026-04-23 14:44:45 | DEBUG    | aiosqlite | executing functools.partial(<built-in method commit of sqlite3.Connection object at 0x10bd956c0>)
2026-04-23 14:44:45 | DEBUG    | aiosqlite | operation functools.partial(<built-in method commit of sqlite3.Connection object at 0x10bd956c0>) completed
2026-04-23 14:44:45 | DEBUG    | aiosqlite | executing functools.partial(<built-in method close of sqlite3.Connection object at 0x10bd956c0>)
2026-04-23 14:44:45 | DEBUG    | aiosqlite | operation functools.partial(<built-in method close of sqlite3.Connection object at 0x10bd956c0>) completed
2026-04-23 14:44:45 | [32mINFO    [0m | database.db | ✅  Database ready at database/bot.db
2026-04-23 14:44:45 | [32mINFO    [0m | __main__ | 🚀  Bot started: @instagram_post7_bot  (id=8668012956)
2026-04-23 14:44:45 | [32mINFO    [0m | __main__ | ⚡  Polling started. Press Ctrl+C to stop.
2026-04-23 14:44:46 | DEBUG    | aiosqlite | executing <function connect.<locals>.connector at 0x10be18ae0>
2026-04-23 14:44:46 | DEBUG    | aiosqlite | operation <function connect.<locals>.connector at 0x10be18ae0> completed
2026-04-23 14:44:46 | DEBUG    | aiosqlite | executing functools.partial(<built-in method execute of sqlite3.Connection object at 0x10bd974c0>, '\n                INSERT INTO users (user_id, username, first_name, joined_at)\n                VALUES (?, ?, ?, ?)\n                ON CONFLICT(user_id) DO UPDATE SET\n                    username   = excluded.username,\n                    first_name = excluded.first_name\n            ', (7885260604, 'cd_ex', 'Anonshack', '2026-04-23T09:44:46.103998'))
2026-04-23 14:44:46 | DEBUG    | aiosqlite | operation functools.partial(<built-in method execute of sqlite3.Connection object at 0x10bd974c0>, '\n                INSERT INTO users (user_id, username, first_name, joined_at)\n                VALUES (?, ?, ?, ?)\n                ON CONFLICT(user_id) DO UPDATE SET\n                    username   = excluded.username,\n                    first_name = excluded.first_name\n            ', (7885260604, 'cd_ex', 'Anonshack', '2026-04-23T09:44:46.103998')) completed
2026-04-23 14:44:46 | DEBUG    | aiosqlite | executing functools.partial(<built-in method commit of sqlite3.Connection object at 0x10bd974c0>)
2026-04-23 14:44:46 | DEBUG    | aiosqlite | operation functools.partial(<built-in method commit of sqlite3.Connection object at 0x10bd974c0>) completed
2026-04-23 14:44:46 | DEBUG    | aiosqlite | executing functools.partial(<built-in method close of sqlite3.Connection object at 0x10bd974c0>)
2026-04-23 14:44:46 | DEBUG    | aiosqlite | operation functools.partial(<built-in method close of sqlite3.Connection object at 0x10bd974c0>) completed
2026-04-23 14:45:45 | DEBUG    | aiosqlite | executing <function connect.<locals>.connector at 0x10be1b600>
2026-04-23 14:45:45 | DEBUG    | aiosqlite | operation <function connect.<locals>.connector at 0x10be1b600> completed
2026-04-23 14:45:45 | DEBUG    | aiosqlite | executing functools.partial(<built-in method execute of sqlite3.Connection object at 0x10bd96b60>, '\n                INSERT INTO users (user_id, username, first_name, joined_at)\n                VALUES (?, ?, ?, ?)\n                ON CONFLICT(user_id) DO UPDATE SET\n                    username   = excluded.username,\n                    first_name = excluded.first_name\n            ', (7885260604, 'cd_ex', 'Anonshack', '2026-04-23T09:45:45.489210'))
2026-04-23 14:45:45 | DEBUG    | aiosqlite | operation functools.partial(<built-in method execute of sqlite3.Connection object at 0x10bd96b60>, '\n                INSERT INTO users (user_id, username, first_name, joined_at)\n                VALUES (?, ?, ?, ?)\n                ON CONFLICT(user_id) DO UPDATE SET\n                    username   = excluded.username,\n                    first_name = excluded.first_name\n            ', (7885260604, 'cd_ex', 'Anonshack', '2026-04-23T09:45:45.489210')) completed
2026-04-23 14:45:45 | DEBUG    | aiosqlite | executing functools.partial(<built-in method commit of sqlite3.Connection object at 0x10bd96b60>)
2026-04-23 14:45:45 | DEBUG    | aiosqlite | operation functools.partial(<built-in method commit of sqlite3.Connection object at 0x10bd96b60>) completed
2026-04-23 14:45:45 | DEBUG    | aiosqlite | executing functools.partial(<built-in method close of sqlite3.Connection object at 0x10bd96b60>)
2026-04-23 14:45:45 | DEBUG    | aiosqlite | operation functools.partial(<built-in method close of sqlite3.Connection object at 0x10bd96b60>) completed
2026-04-23 14:45:47 | [33mWARNING [0m | bot.services.downloader | Fayl topilmadi entry uchun: DO_leS1CKTs
2026-04-23 14:45:47 | DEBUG    | aiosqlite | executing <function connect.<locals>.connector at 0x10be1b7e0>
2026-04-23 14:45:47 | DEBUG    | aiosqlite | operation <function connect.<locals>.connector at 0x10be1b7e0> completed
2026-04-23 14:45:47 | DEBUG    | aiosqlite | executing functools.partial(<built-in method execute of sqlite3.Connection object at 0x10bd97970>, '\n                INSERT INTO downloads (user_id, link, media_type, status, created_at)\n                VALUES (?, ?, ?, ?, ?)\n            ', (7885260604, 'https://instagram.com/p/DO_leS1CKTs/', 'unknown', 'failed', '2026-04-23T09:45:47.460435'))
2026-04-23 14:45:47 | DEBUG    | aiosqlite | operation functools.partial(<built-in method execute of sqlite3.Connection object at 0x10bd97970>, '\n                INSERT INTO downloads (user_id, link, media_type, status, created_at)\n                VALUES (?, ?, ?, ?, ?)\n            ', (7885260604, 'https://instagram.com/p/DO_leS1CKTs/', 'unknown', 'failed', '2026-04-23T09:45:47.460435')) completed
2026-04-23 14:45:47 | DEBUG    | aiosqlite | executing functools.partial(<built-in method commit of sqlite3.Connection object at 0x10bd97970>)
2026-04-23 14:45:47 | DEBUG    | aiosqlite | operation functools.partial(<built-in method commit of sqlite3.Connection object at 0x10bd97970>) completed
2026-04-23 14:45:47 | DEBUG    | aiosqlite | executing functools.partial(<built-in method close of sqlite3.Connection object at 0x10bd97970>)
2026-04-23 14:45:47 | DEBUG    | aiosqlite | operation functools.partial(<built-in method close of sqlite3.Connection object at 0x10bd97970>) completed
2026-04-23 14:46:15 | DEBUG    | aiosqlite | executing <function connect.<locals>.connector at 0x10be19760>
2026-04-23 14:46:15 | DEBUG    | aiosqlite | operation <function connect.<locals>.connector at 0x10be19760> completed
2026-04-23 14:46:15 | DEBUG    | aiosqlite | executing functools.partial(<built-in method execute of sqlite3.Connection object at 0x10bd97970>, '\n                INSERT INTO users (user_id, username, first_name, joined_at)\n                VALUES (?, ?, ?, ?)\n                ON CONFLICT(user_id) DO UPDATE SET\n                    username   = excluded.username,\n                    first_name = excluded.first_name\n            ', (7885260604, 'cd_ex', 'Anonshack', '2026-04-23T09:46:15.930033'))
2026-04-23 14:46:15 | DEBUG    | aiosqlite | operation functools.partial(<built-in method execute of sqlite3.Connection object at 0x10bd97970>, '\n                INSERT INTO users (user_id, username, first_name, joined_at)\n                VALUES (?, ?, ?, ?)\n                ON CONFLICT(user_id) DO UPDATE SET\n                    username   = excluded.username,\n                    first_name = excluded.first_name\n            ', (7885260604, 'cd_ex', 'Anonshack', '2026-04-23T09:46:15.930033')) completed
2026-04-23 14:46:15 | DEBUG    | aiosqlite | executing functools.partial(<built-in method commit of sqlite3.Connection object at 0x10bd97970>)
2026-04-23 14:46:15 | DEBUG    | aiosqlite | operation functools.partial(<built-in method commit of sqlite3.Connection object at 0x10bd97970>) completed
2026-04-23 14:46:15 | DEBUG    | aiosqlite | executing functools.partial(<built-in method close of sqlite3.Connection object at 0x10bd97970>)
2026-04-23 14:46:15 | DEBUG    | aiosqlite | operation functools.partial(<built-in method close of sqlite3.Connection object at 0x10bd97970>) completed
2026-04-23 14:46:19 | [31mERROR   [0m | bot.services.sender | Failed to send a482990d4c18_00001.mp4: 1 validation error for SendVideo
duration
  Input should be a valid integer, got a number with a fractional part [type=int_from_float, input_value=23.2, input_type=float]
    For further information visit https://errors.pydantic.dev/2.7/v/int_from_float
2026-04-23 14:46:19 | DEBUG    | bot.utils.cleanup | 🗑  Deleted temp file: /tmp/instabot/a482990d4c18_00001.mp4
2026-04-23 14:46:19 | DEBUG    | aiosqlite | executing <function connect.<locals>.connector at 0x10bcdd6c0>
2026-04-23 14:46:19 | DEBUG    | aiosqlite | operation <function connect.<locals>.connector at 0x10bcdd6c0> completed
2026-04-23 14:46:19 | DEBUG    | aiosqlite | executing functools.partial(<built-in method execute of sqlite3.Connection object at 0x10c180130>, '\n                INSERT INTO downloads (user_id, link, media_type, status, created_at)\n                VALUES (?, ?, ?, ?, ?)\n            ', (7885260604, 'https://www.instagram.com/p/DRKRBlBDvi7/', 'unknown', 'failed', '2026-04-23T09:46:19.116087'))
2026-04-23 14:46:19 | DEBUG    | aiosqlite | operation functools.partial(<built-in method execute of sqlite3.Connection object at 0x10c180130>, '\n                INSERT INTO downloads (user_id, link, media_type, status, created_at)\n                VALUES (?, ?, ?, ?, ?)\n            ', (7885260604, 'https://www.instagram.com/p/DRKRBlBDvi7/', 'unknown', 'failed', '2026-04-23T09:46:19.116087')) completed
2026-04-23 14:46:19 | DEBUG    | aiosqlite | executing functools.partial(<built-in method commit of sqlite3.Connection object at 0x10c180130>)
2026-04-23 14:46:19 | DEBUG    | aiosqlite | operation functools.partial(<built-in method commit of sqlite3.Connection object at 0x10c180130>) completed
2026-04-23 14:46:19 | DEBUG    | aiosqlite | executing functools.partial(<built-in method close of sqlite3.Connection object at 0x10c180130>)
2026-04-23 14:46:19 | DEBUG    | aiosqlite | operation functools.partial(<built-in method close of sqlite3.Connection object at 0x10c180130>) completed
2026-04-23 14:50:41 | [33mWARNING [0m | aiogram.dispatcher | Received SIGINT signal
2026-04-23 14:50:41 | [32mINFO    [0m | __main__ | 🧹  Cleaning up temp files…
2026-04-23 14:50:41 | [32mINFO    [0m | __main__ | 👋  Bot stopped cleanly.
2026-04-23 14:50:44 | [32mINFO    [0m | bot.utils.logger | 📝  Logging initialised → logs/bot.log
2026-04-23 14:50:44 | DEBUG    | aiosqlite | executing <function connect.<locals>.connector at 0x10d2ba520>
2026-04-23 14:50:44 | DEBUG    | aiosqlite | operation <function connect.<locals>.connector at 0x10d2ba520> completed
2026-04-23 14:50:44 | DEBUG    | aiosqlite | executing functools.partial(<built-in method executescript of sqlite3.Connection object at 0x10d2598a0>, "\n                CREATE TABLE IF NOT EXISTS users (\n                    user_id     INTEGER PRIMARY KEY,\n                    username    TEXT,\n                    first_name  TEXT,\n                    joined_at   TEXT NOT NULL\n                );\n\n                CREATE TABLE IF NOT EXISTS downloads (\n                    id          INTEGER PRIMARY KEY AUTOINCREMENT,\n                    user_id     INTEGER NOT NULL,\n                    link        TEXT NOT NULL,\n                    media_type  TEXT,            -- 'video' | 'image' | 'carousel'\n                    status      TEXT DEFAULT 'ok', -- 'ok' | 'failed'\n                    created_at  TEXT NOT NULL,\n                    FOREIGN KEY (user_id) REFERENCES users(user_id)\n                );\n            ")
2026-04-23 14:50:44 | DEBUG    | aiosqlite | operation functools.partial(<built-in method executescript of sqlite3.Connection object at 0x10d2598a0>, "\n                CREATE TABLE IF NOT EXISTS users (\n                    user_id     INTEGER PRIMARY KEY,\n                    username    TEXT,\n                    first_name  TEXT,\n                    joined_at   TEXT NOT NULL\n                );\n\n                CREATE TABLE IF NOT EXISTS downloads (\n                    id          INTEGER PRIMARY KEY AUTOINCREMENT,\n                    user_id     INTEGER NOT NULL,\n                    link        TEXT NOT NULL,\n                    media_type  TEXT,            -- 'video' | 'image' | 'carousel'\n                    status      TEXT DEFAULT 'ok', -- 'ok' | 'failed'\n                    created_at  TEXT NOT NULL,\n                    FOREIGN KEY (user_id) REFERENCES users(user_id)\n                );\n            ") completed
2026-04-23 14:50:44 | DEBUG    | aiosqlite | executing functools.partial(<built-in method commit of sqlite3.Connection object at 0x10d2598a0>)
2026-04-23 14:50:44 | DEBUG    | aiosqlite | operation functools.partial(<built-in method commit of sqlite3.Connection object at 0x10d2598a0>) completed
2026-04-23 14:50:44 | DEBUG    | aiosqlite | executing functools.partial(<built-in method close of sqlite3.Connection object at 0x10d2598a0>)
2026-04-23 14:50:44 | DEBUG    | aiosqlite | operation functools.partial(<built-in method close of sqlite3.Connection object at 0x10d2598a0>) completed
2026-04-23 14:50:44 | [32mINFO    [0m | database.db | ✅  Database ready at database/bot.db
2026-04-23 14:50:45 | [32mINFO    [0m | __main__ | 🚀  Bot started: @instagram_post7_bot  (id=8668012956)
2026-04-23 14:50:45 | [32mINFO    [0m | __main__ | ⚡  Polling started. Press Ctrl+C to stop.
2026-04-23 14:51:06 | DEBUG    | aiosqlite | executing <function connect.<locals>.connector at 0x10d2e0c20>
2026-04-23 14:51:06 | DEBUG    | aiosqlite | operation <function connect.<locals>.connector at 0x10d2e0c20> completed
2026-04-23 14:51:06 | DEBUG    | aiosqlite | executing functools.partial(<built-in method execute of sqlite3.Connection object at 0x10d25a980>, '\n                INSERT INTO users (user_id, username, first_name, joined_at)\n                VALUES (?, ?, ?, ?)\n                ON CONFLICT(user_id) DO UPDATE SET\n                    username   = excluded.username,\n                    first_name = excluded.first_name\n            ', (7885260604, 'cd_ex', 'Anonshack', '2026-04-23T09:51:06.396037'))
2026-04-23 14:51:06 | DEBUG    | aiosqlite | operation functools.partial(<built-in method execute of sqlite3.Connection object at 0x10d25a980>, '\n                INSERT INTO users (user_id, username, first_name, joined_at)\n                VALUES (?, ?, ?, ?)\n                ON CONFLICT(user_id) DO UPDATE SET\n                    username   = excluded.username,\n                    first_name = excluded.first_name\n            ', (7885260604, 'cd_ex', 'Anonshack', '2026-04-23T09:51:06.396037')) completed
2026-04-23 14:51:06 | DEBUG    | aiosqlite | executing functools.partial(<built-in method commit of sqlite3.Connection object at 0x10d25a980>)
2026-04-23 14:51:06 | DEBUG    | aiosqlite | operation functools.partial(<built-in method commit of sqlite3.Connection object at 0x10d25a980>) completed
2026-04-23 14:51:06 | DEBUG    | aiosqlite | executing functools.partial(<built-in method close of sqlite3.Connection object at 0x10d25a980>)
2026-04-23 14:51:06 | DEBUG    | aiosqlite | operation functools.partial(<built-in method close of sqlite3.Connection object at 0x10d25a980>) completed
2026-04-23 14:51:13 | DEBUG    | aiosqlite | executing <function connect.<locals>.connector at 0x10d2e25c0>
2026-04-23 14:51:13 | DEBUG    | aiosqlite | operation <function connect.<locals>.connector at 0x10d2e25c0> completed
2026-04-23 14:51:13 | DEBUG    | aiosqlite | executing functools.partial(<built-in method execute of sqlite3.Connection object at 0x10d25ab60>, '\n                INSERT INTO users (user_id, username, first_name, joined_at)\n                VALUES (?, ?, ?, ?)\n                ON CONFLICT(user_id) DO UPDATE SET\n                    username   = excluded.username,\n                    first_name = excluded.first_name\n            ', (7885260604, 'cd_ex', 'Anonshack', '2026-04-23T09:51:13.077572'))
2026-04-23 14:51:13 | DEBUG    | aiosqlite | operation functools.partial(<built-in method execute of sqlite3.Connection object at 0x10d25ab60>, '\n                INSERT INTO users (user_id, username, first_name, joined_at)\n                VALUES (?, ?, ?, ?)\n                ON CONFLICT(user_id) DO UPDATE SET\n                    username   = excluded.username,\n                    first_name = excluded.first_name\n            ', (7885260604, 'cd_ex', 'Anonshack', '2026-04-23T09:51:13.077572')) completed
2026-04-23 14:51:13 | DEBUG    | aiosqlite | executing functools.partial(<built-in method commit of sqlite3.Connection object at 0x10d25ab60>)
2026-04-23 14:51:13 | DEBUG    | aiosqlite | operation functools.partial(<built-in method commit of sqlite3.Connection object at 0x10d25ab60>) completed
2026-04-23 14:51:13 | DEBUG    | aiosqlite | executing functools.partial(<built-in method close of sqlite3.Connection object at 0x10d25ab60>)
2026-04-23 14:51:13 | DEBUG    | aiosqlite | operation functools.partial(<built-in method close of sqlite3.Connection object at 0x10d25ab60>) completed
2026-04-23 14:51:17 | [31mERROR   [0m | bot.services.sender | Failed to send fdd185fba7bc_00001.mp4: 1 validation error for SendVideo
duration
  Input should be a valid integer, got a number with a fractional part [type=int_from_float, input_value=23.2, input_type=float]
    For further information visit https://errors.pydantic.dev/2.7/v/int_from_float
2026-04-23 14:51:17 | DEBUG    | bot.utils.cleanup | 🗑  Deleted temp file: /tmp/instabot/fdd185fba7bc_00001.mp4
2026-04-23 14:51:17 | DEBUG    | aiosqlite | executing <function connect.<locals>.connector at 0x10d813f60>
2026-04-23 14:51:17 | DEBUG    | aiosqlite | operation <function connect.<locals>.connector at 0x10d813f60> completed
2026-04-23 14:51:17 | DEBUG    | aiosqlite | executing functools.partial(<built-in method execute of sqlite3.Connection object at 0x10d55c040>, '\n                INSERT INTO downloads (user_id, link, media_type, status, created_at)\n                VALUES (?, ?, ?, ?, ?)\n            ', (7885260604, 'https://www.instagram.com/p/DRKRBlBDvi7/', 'unknown', 'failed', '2026-04-23T09:51:17.708438'))
2026-04-23 14:51:17 | DEBUG    | aiosqlite | operation functools.partial(<built-in method execute of sqlite3.Connection object at 0x10d55c040>, '\n                INSERT INTO downloads (user_id, link, media_type, status, created_at)\n                VALUES (?, ?, ?, ?, ?)\n            ', (7885260604, 'https://www.instagram.com/p/DRKRBlBDvi7/', 'unknown', 'failed', '2026-04-23T09:51:17.708438')) completed
2026-04-23 14:51:17 | DEBUG    | aiosqlite | executing functools.partial(<built-in method commit of sqlite3.Connection object at 0x10d55c040>)
2026-04-23 14:51:17 | DEBUG    | aiosqlite | operation functools.partial(<built-in method commit of sqlite3.Connection object at 0x10d55c040>) completed
2026-04-23 14:51:17 | DEBUG    | aiosqlite | executing functools.partial(<built-in method close of sqlite3.Connection object at 0x10d55c040>)
2026-04-23 14:51:17 | DEBUG    | aiosqlite | operation functools.partial(<built-in method close of sqlite3.Connection object at 0x10d55c040>) completed
2026-04-23 14:51:31 | DEBUG    | aiosqlite | executing <function connect.<locals>.connector at 0x10d812ca0>
2026-04-23 14:51:31 | DEBUG    | aiosqlite | operation <function connect.<locals>.connector at 0x10d812ca0> completed
2026-04-23 14:51:31 | DEBUG    | aiosqlite | executing functools.partial(<built-in method execute of sqlite3.Connection object at 0x10d55c400>, '\n                INSERT INTO users (user_id, username, first_name, joined_at)\n                VALUES (?, ?, ?, ?)\n                ON CONFLICT(user_id) DO UPDATE SET\n                    username   = excluded.username,\n                    first_name = excluded.first_name\n            ', (7885260604, 'cd_ex', 'Anonshack', '2026-04-23T09:51:31.022580'))
2026-04-23 14:51:31 | DEBUG    | aiosqlite | operation functools.partial(<built-in method execute of sqlite3.Connection object at 0x10d55c400>, '\n                INSERT INTO users (user_id, username, first_name, joined_at)\n                VALUES (?, ?, ?, ?)\n                ON CONFLICT(user_id) DO UPDATE SET\n                    username   = excluded.username,\n                    first_name = excluded.first_name\n            ', (7885260604, 'cd_ex', 'Anonshack', '2026-04-23T09:51:31.022580')) completed
2026-04-23 14:51:31 | DEBUG    | aiosqlite | executing functools.partial(<built-in method commit of sqlite3.Connection object at 0x10d55c400>)
2026-04-23 14:51:31 | DEBUG    | aiosqlite | operation functools.partial(<built-in method commit of sqlite3.Connection object at 0x10d55c400>) completed
2026-04-23 14:51:31 | DEBUG    | aiosqlite | executing functools.partial(<built-in method close of sqlite3.Connection object at 0x10d55c400>)
2026-04-23 14:51:31 | DEBUG    | aiosqlite | operation functools.partial(<built-in method close of sqlite3.Connection object at 0x10d55c400>) completed
2026-04-23 14:51:32 | [33mWARNING [0m | bot.services.downloader | Fayl topilmadi: DO_leS1CKTs
2026-04-23 14:51:32 | [33mWARNING [0m | bot.services.downloader | Attempt 1: no files found
2026-04-23 14:51:33 | [33mWARNING [0m | bot.services.downloader | Fayl topilmadi: DO_leS1CKTs
2026-04-23 14:51:33 | [33mWARNING [0m | bot.services.downloader | Attempt 2: no files found
2026-04-23 14:51:34 | [33mWARNING [0m | bot.services.downloader | Fayl topilmadi: DO_leS1CKTs
2026-04-23 14:51:34 | [33mWARNING [0m | bot.services.downloader | Attempt 3: no files found
2026-04-23 14:51:34 | DEBUG    | aiosqlite | executing <function connect.<locals>.connector at 0x10d812ca0>
2026-04-23 14:51:34 | DEBUG    | aiosqlite | operation <function connect.<locals>.connector at 0x10d812ca0> completed
2026-04-23 14:51:34 | DEBUG    | aiosqlite | executing functools.partial(<built-in method execute of sqlite3.Connection object at 0x10d55cd60>, '\n                INSERT INTO downloads (user_id, link, media_type, status, created_at)\n                VALUES (?, ?, ?, ?, ?)\n            ', (7885260604, 'https://instagram.com/p/DO_leS1CKTs/', 'unknown', 'failed', '2026-04-23T09:51:34.305148'))
2026-04-23 14:51:34 | DEBUG    | aiosqlite | operation functools.partial(<built-in method execute of sqlite3.Connection object at 0x10d55cd60>, '\n                INSERT INTO downloads (user_id, link, media_type, status, created_at)\n                VALUES (?, ?, ?, ?, ?)\n            ', (7885260604, 'https://instagram.com/p/DO_leS1CKTs/', 'unknown', 'failed', '2026-04-23T09:51:34.305148')) completed
2026-04-23 14:51:34 | DEBUG    | aiosqlite | executing functools.partial(<built-in method commit of sqlite3.Connection object at 0x10d55cd60>)
2026-04-23 14:51:34 | DEBUG    | aiosqlite | operation functools.partial(<built-in method commit of sqlite3.Connection object at 0x10d55cd60>) completed
2026-04-23 14:51:34 | DEBUG    | aiosqlite | executing functools.partial(<built-in method close of sqlite3.Connection object at 0x10d55cd60>)
2026-04-23 14:51:34 | DEBUG    | aiosqlite | operation functools.partial(<built-in method close of sqlite3.Connection object at 0x10d55cd60>) completed
2026-04-23 14:56:59 | [33mWARNING [0m | aiogram.dispatcher | Received SIGINT signal
2026-04-23 14:56:59 | [32mINFO    [0m | __main__ | 🧹  Cleaning up temp files…
2026-04-23 14:56:59 | [32mINFO    [0m | __main__ | 👋  Bot stopped cleanly.
2026-04-23 14:58:05 | [32mINFO    [0m | bot.utils.logger | 📝  Logging initialised → logs/bot.log
2026-04-23 14:58:05 | [32mINFO    [0m | bot.services.downloader | ✅ Cookie fayl topildi: cookies.txt
2026-04-23 14:58:05 | DEBUG    | aiosqlite | executing <function connect.<locals>.connector at 0x10b2be660>
2026-04-23 14:58:05 | DEBUG    | aiosqlite | operation <function connect.<locals>.connector at 0x10b2be660> completed
2026-04-23 14:58:05 | DEBUG    | aiosqlite | executing functools.partial(<built-in method executescript of sqlite3.Connection object at 0x10b2616c0>, "\n                CREATE TABLE IF NOT EXISTS users (\n                    user_id     INTEGER PRIMARY KEY,\n                    username    TEXT,\n                    first_name  TEXT,\n                    joined_at   TEXT NOT NULL\n                );\n\n                CREATE TABLE IF NOT EXISTS downloads (\n                    id          INTEGER PRIMARY KEY AUTOINCREMENT,\n                    user_id     INTEGER NOT NULL,\n                    link        TEXT NOT NULL,\n                    media_type  TEXT,            -- 'video' | 'image' | 'carousel'\n                    status      TEXT DEFAULT 'ok', -- 'ok' | 'failed'\n                    created_at  TEXT NOT NULL,\n                    FOREIGN KEY (user_id) REFERENCES users(user_id)\n                );\n            ")
2026-04-23 14:58:05 | DEBUG    | aiosqlite | operation functools.partial(<built-in method executescript of sqlite3.Connection object at 0x10b2616c0>, "\n                CREATE TABLE IF NOT EXISTS users (\n                    user_id     INTEGER PRIMARY KEY,\n                    username    TEXT,\n                    first_name  TEXT,\n                    joined_at   TEXT NOT NULL\n                );\n\n                CREATE TABLE IF NOT EXISTS downloads (\n                    id          INTEGER PRIMARY KEY AUTOINCREMENT,\n                    user_id     INTEGER NOT NULL,\n                    link        TEXT NOT NULL,\n                    media_type  TEXT,            -- 'video' | 'image' | 'carousel'\n                    status      TEXT DEFAULT 'ok', -- 'ok' | 'failed'\n                    created_at  TEXT NOT NULL,\n                    FOREIGN KEY (user_id) REFERENCES users(user_id)\n                );\n            ") completed
2026-04-23 14:58:05 | DEBUG    | aiosqlite | executing functools.partial(<built-in method commit of sqlite3.Connection object at 0x10b2616c0>)
2026-04-23 14:58:05 | DEBUG    | aiosqlite | operation functools.partial(<built-in method commit of sqlite3.Connection object at 0x10b2616c0>) completed
2026-04-23 14:58:05 | DEBUG    | aiosqlite | executing functools.partial(<built-in method close of sqlite3.Connection object at 0x10b2616c0>)
2026-04-23 14:58:05 | DEBUG    | aiosqlite | operation functools.partial(<built-in method close of sqlite3.Connection object at 0x10b2616c0>) completed
2026-04-23 14:58:05 | [32mINFO    [0m | database.db | ✅  Database ready at database/bot.db
2026-04-23 14:58:05 | [32mINFO    [0m | __main__ | 🚀  Bot started: @instagram_post7_bot  (id=8668012956)
2026-04-23 14:58:05 | [32mINFO    [0m | __main__ | ⚡  Polling started. Press Ctrl+C to stop.
2026-04-23 15:01:48 | DEBUG    | aiosqlite | executing <function connect.<locals>.connector at 0x10b2e9c60>
2026-04-23 15:01:48 | DEBUG    | aiosqlite | operation <function connect.<locals>.connector at 0x10b2e9c60> completed
2026-04-23 15:01:48 | DEBUG    | aiosqlite | executing functools.partial(<built-in method execute of sqlite3.Connection object at 0x10b2627a0>, '\n                INSERT INTO users (user_id, username, first_name, joined_at)\n                VALUES (?, ?, ?, ?)\n                ON CONFLICT(user_id) DO UPDATE SET\n                    username   = excluded.username,\n                    first_name = excluded.first_name\n            ', (8547738683, 'geodev_at', 'Kudratbekh', '2026-04-23T10:01:48.757239'))
2026-04-23 15:01:48 | DEBUG    | aiosqlite | operation functools.partial(<built-in method execute of sqlite3.Connection object at 0x10b2627a0>, '\n                INSERT INTO users (user_id, username, first_name, joined_at)\n                VALUES (?, ?, ?, ?)\n                ON CONFLICT(user_id) DO UPDATE SET\n                    username   = excluded.username,\n                    first_name = excluded.first_name\n            ', (8547738683, 'geodev_at', 'Kudratbekh', '2026-04-23T10:01:48.757239')) completed
2026-04-23 15:01:48 | DEBUG    | aiosqlite | executing functools.partial(<built-in method commit of sqlite3.Connection object at 0x10b2627a0>)
2026-04-23 15:01:48 | DEBUG    | aiosqlite | operation functools.partial(<built-in method commit of sqlite3.Connection object at 0x10b2627a0>) completed
2026-04-23 15:01:48 | DEBUG    | aiosqlite | executing functools.partial(<built-in method close of sqlite3.Connection object at 0x10b2627a0>)
2026-04-23 15:01:48 | DEBUG    | aiosqlite | operation functools.partial(<built-in method close of sqlite3.Connection object at 0x10b2627a0>) completed
2026-04-23 15:02:05 | DEBUG    | aiosqlite | executing <function connect.<locals>.connector at 0x10b2ea7a0>
2026-04-23 15:02:05 | DEBUG    | aiosqlite | operation <function connect.<locals>.connector at 0x10b2ea7a0> completed
2026-04-23 15:02:05 | DEBUG    | aiosqlite | executing functools.partial(<built-in method execute of sqlite3.Connection object at 0x10b262980>, '\n                INSERT INTO users (user_id, username, first_name, joined_at)\n                VALUES (?, ?, ?, ?)\n                ON CONFLICT(user_id) DO UPDATE SET\n                    username   = excluded.username,\n                    first_name = excluded.first_name\n            ', (8547738683, 'geodev_at', 'Kudratbekh', '2026-04-23T10:02:05.215641'))
2026-04-23 15:02:05 | DEBUG    | aiosqlite | operation functools.partial(<built-in method execute of sqlite3.Connection object at 0x10b262980>, '\n                INSERT INTO users (user_id, username, first_name, joined_at)\n                VALUES (?, ?, ?, ?)\n                ON CONFLICT(user_id) DO UPDATE SET\n                    username   = excluded.username,\n                    first_name = excluded.first_name\n            ', (8547738683, 'geodev_at', 'Kudratbekh', '2026-04-23T10:02:05.215641')) completed
2026-04-23 15:02:05 | DEBUG    | aiosqlite | executing functools.partial(<built-in method commit of sqlite3.Connection object at 0x10b262980>)
2026-04-23 15:02:05 | DEBUG    | aiosqlite | operation functools.partial(<built-in method commit of sqlite3.Connection object at 0x10b262980>) completed
2026-04-23 15:02:05 | DEBUG    | aiosqlite | executing functools.partial(<built-in method close of sqlite3.Connection object at 0x10b262980>)
2026-04-23 15:02:05 | DEBUG    | aiosqlite | operation functools.partial(<built-in method close of sqlite3.Connection object at 0x10b262980>) completed
2026-04-23 15:02:05 | [32mINFO    [0m | bot.services.downloader | Urinish 1/4 — cookie: ha
2026-04-23 15:02:05 | DEBUG    | bot.services.downloader | Cookie fayl ishlatilmoqda: cookies.txt
2026-04-23 15:02:06 | [32mINFO    [0m | bot.services.downloader | Urinish 2/4 — cookie: yo'q
2026-04-23 15:02:07 | [33mWARNING [0m | bot.services.downloader | Fayl topilmadi: DO_leS1CKTs
2026-04-23 15:02:07 | [32mINFO    [0m | bot.services.downloader | Urinish 3/4 — cookie: yo'q
2026-04-23 15:02:08 | [33mWARNING [0m | bot.services.downloader | Fayl topilmadi: DO_leS1CKTs
2026-04-23 15:02:08 | [32mINFO    [0m | bot.services.downloader | Urinish 4/4 — cookie: yo'q
2026-04-23 15:02:09 | [33mWARNING [0m | bot.services.downloader | Fayl topilmadi: DO_leS1CKTs
2026-04-23 15:02:09 | DEBUG    | aiosqlite | executing <function connect.<locals>.connector at 0x10b2ea8e0>
2026-04-23 15:02:09 | DEBUG    | aiosqlite | operation <function connect.<locals>.connector at 0x10b2ea8e0> completed
2026-04-23 15:02:09 | DEBUG    | aiosqlite | executing functools.partial(<built-in method execute of sqlite3.Connection object at 0x10b56ba60>, '\n                INSERT INTO downloads (user_id, link, media_type, status, created_at)\n                VALUES (?, ?, ?, ?, ?)\n            ', (8547738683, 'https://www.instagram.com/p/DO_leS1CKTs/', 'unknown', 'failed', '2026-04-23T10:02:09.689368'))
2026-04-23 15:02:09 | DEBUG    | aiosqlite | operation functools.partial(<built-in method execute of sqlite3.Connection object at 0x10b56ba60>, '\n                INSERT INTO downloads (user_id, link, media_type, status, created_at)\n                VALUES (?, ?, ?, ?, ?)\n            ', (8547738683, 'https://www.instagram.com/p/DO_leS1CKTs/', 'unknown', 'failed', '2026-04-23T10:02:09.689368')) completed
2026-04-23 15:02:09 | DEBUG    | aiosqlite | executing functools.partial(<built-in method commit of sqlite3.Connection object at 0x10b56ba60>)
2026-04-23 15:02:09 | DEBUG    | aiosqlite | operation functools.partial(<built-in method commit of sqlite3.Connection object at 0x10b56ba60>) completed
2026-04-23 15:02:09 | DEBUG    | aiosqlite | executing functools.partial(<built-in method close of sqlite3.Connection object at 0x10b56ba60>)
2026-04-23 15:02:09 | DEBUG    | aiosqlite | operation functools.partial(<built-in method close of sqlite3.Connection object at 0x10b56ba60>) completed
2026-04-23 15:02:52 | DEBUG    | aiosqlite | executing <function connect.<locals>.connector at 0x10b2e9d00>
2026-04-23 15:02:52 | DEBUG    | aiosqlite | operation <function connect.<locals>.connector at 0x10b2e9d00> completed
2026-04-23 15:02:52 | DEBUG    | aiosqlite | executing functools.partial(<built-in method execute of sqlite3.Connection object at 0x10b2627a0>, '\n                INSERT INTO users (user_id, username, first_name, joined_at)\n                VALUES (?, ?, ?, ?)\n                ON CONFLICT(user_id) DO UPDATE SET\n                    username   = excluded.username,\n                    first_name = excluded.first_name\n            ', (7885260604, 'cd_ex', 'Anonshack', '2026-04-23T10:02:52.400117'))
2026-04-23 15:02:52 | DEBUG    | aiosqlite | operation functools.partial(<built-in method execute of sqlite3.Connection object at 0x10b2627a0>, '\n                INSERT INTO users (user_id, username, first_name, joined_at)\n                VALUES (?, ?, ?, ?)\n                ON CONFLICT(user_id) DO UPDATE SET\n                    username   = excluded.username,\n                    first_name = excluded.first_name\n            ', (7885260604, 'cd_ex', 'Anonshack', '2026-04-23T10:02:52.400117')) completed
2026-04-23 15:02:52 | DEBUG    | aiosqlite | executing functools.partial(<built-in method commit of sqlite3.Connection object at 0x10b2627a0>)
2026-04-23 15:02:52 | DEBUG    | aiosqlite | operation functools.partial(<built-in method commit of sqlite3.Connection object at 0x10b2627a0>) completed
2026-04-23 15:02:52 | DEBUG    | aiosqlite | executing functools.partial(<built-in method close of sqlite3.Connection object at 0x10b2627a0>)
2026-04-23 15:02:52 | DEBUG    | aiosqlite | operation functools.partial(<built-in method close of sqlite3.Connection object at 0x10b2627a0>) completed
2026-04-23 15:04:56 | DEBUG    | aiosqlite | executing <function connect.<locals>.connector at 0x10b2e8ea0>
2026-04-23 15:04:56 | DEBUG    | aiosqlite | operation <function connect.<locals>.connector at 0x10b2e8ea0> completed
2026-04-23 15:04:56 | DEBUG    | aiosqlite | executing functools.partial(<built-in method execute of sqlite3.Connection object at 0x10b2625c0>, '\n                INSERT INTO users (user_id, username, first_name, joined_at)\n                VALUES (?, ?, ?, ?)\n                ON CONFLICT(user_id) DO UPDATE SET\n                    username   = excluded.username,\n                    first_name = excluded.first_name\n            ', (7885260604, 'cd_ex', 'Anonshack', '2026-04-23T10:04:56.649138'))
2026-04-23 15:04:56 | DEBUG    | aiosqlite | operation functools.partial(<built-in method execute of sqlite3.Connection object at 0x10b2625c0>, '\n                INSERT INTO users (user_id, username, first_name, joined_at)\n                VALUES (?, ?, ?, ?)\n                ON CONFLICT(user_id) DO UPDATE SET\n                    username   = excluded.username,\n                    first_name = excluded.first_name\n            ', (7885260604, 'cd_ex', 'Anonshack', '2026-04-23T10:04:56.649138')) completed
2026-04-23 15:04:56 | DEBUG    | aiosqlite | executing functools.partial(<built-in method commit of sqlite3.Connection object at 0x10b2625c0>)
2026-04-23 15:04:56 | DEBUG    | aiosqlite | operation functools.partial(<built-in method commit of sqlite3.Connection object at 0x10b2625c0>) completed
2026-04-23 15:04:56 | DEBUG    | aiosqlite | executing functools.partial(<built-in method close of sqlite3.Connection object at 0x10b2625c0>)
2026-04-23 15:04:56 | DEBUG    | aiosqlite | operation functools.partial(<built-in method close of sqlite3.Connection object at 0x10b2625c0>) completed
2026-04-23 15:04:57 | [32mINFO    [0m | bot.services.downloader | Urinish 1/4 — cookie: ha
2026-04-23 15:04:57 | DEBUG    | bot.services.downloader | Cookie fayl ishlatilmoqda: cookies.txt
2026-04-23 15:04:58 | [32mINFO    [0m | bot.services.downloader | ✅ Muvaffaqiyatli: 1 ta fayl (urinish #1)
2026-04-23 15:04:58 | [31mERROR   [0m | bot.services.sender | Failed to send 3f645eafac3b_00001.mp4: 1 validation error for SendVideo
duration
  Input should be a valid integer, got a number with a fractional part [type=int_from_float, input_value=23.200000762939453, input_type=float]
    For further information visit https://errors.pydantic.dev/2.7/v/int_from_float
2026-04-23 15:04:58 | DEBUG    | bot.utils.cleanup | 🗑  Deleted temp file: /tmp/instabot/3f645eafac3b_00001.mp4
2026-04-23 15:04:58 | DEBUG    | aiosqlite | executing <function connect.<locals>.connector at 0x10b936de0>
2026-04-23 15:04:58 | DEBUG    | aiosqlite | operation <function connect.<locals>.connector at 0x10b936de0> completed
2026-04-23 15:04:58 | DEBUG    | aiosqlite | executing functools.partial(<built-in method execute of sqlite3.Connection object at 0x10b62b2e0>, '\n                INSERT INTO downloads (user_id, link, media_type, status, created_at)\n                VALUES (?, ?, ?, ?, ?)\n            ', (7885260604, 'https://www.instagram.com/p/DRKRBlBDvi7/', 'unknown', 'failed', '2026-04-23T10:04:58.542578'))
2026-04-23 15:04:58 | DEBUG    | aiosqlite | operation functools.partial(<built-in method execute of sqlite3.Connection object at 0x10b62b2e0>, '\n                INSERT INTO downloads (user_id, link, media_type, status, created_at)\n                VALUES (?, ?, ?, ?, ?)\n            ', (7885260604, 'https://www.instagram.com/p/DRKRBlBDvi7/', 'unknown', 'failed', '2026-04-23T10:04:58.542578')) completed
2026-04-23 15:04:58 | DEBUG    | aiosqlite | executing functools.partial(<built-in method commit of sqlite3.Connection object at 0x10b62b2e0>)
2026-04-23 15:04:58 | DEBUG    | aiosqlite | operation functools.partial(<built-in method commit of sqlite3.Connection object at 0x10b62b2e0>) completed
2026-04-23 15:04:58 | DEBUG    | aiosqlite | executing functools.partial(<built-in method close of sqlite3.Connection object at 0x10b62b2e0>)
2026-04-23 15:04:58 | DEBUG    | aiosqlite | operation functools.partial(<built-in method close of sqlite3.Connection object at 0x10b62b2e0>) completed
2026-04-23 15:08:05 | DEBUG    | __main__ | 🧹  Periodic cleanup done.
2026-04-23 15:10:05 | [33mWARNING [0m | aiogram.dispatcher | Received SIGINT signal
2026-04-23 15:10:05 | [32mINFO    [0m | __main__ | 🧹  Cleaning up temp files…
2026-04-23 15:10:05 | [32mINFO    [0m | __main__ | 👋  Bot stopped cleanly.
2026-04-23 15:11:17 | [32mINFO    [0m | bot.utils.logger | 📝  Logging initialised → logs/bot.log
2026-04-23 15:11:17 | [32mINFO    [0m | bot.services.downloader | ✅ Cookie fayl topildi: cookies.txt
2026-04-23 15:11:17 | DEBUG    | aiosqlite | executing <function connect.<locals>.connector at 0x10d5827a0>
2026-04-23 15:11:17 | DEBUG    | aiosqlite | operation <function connect.<locals>.connector at 0x10d5827a0> completed
2026-04-23 15:11:17 | DEBUG    | aiosqlite | executing functools.partial(<built-in method executescript of sqlite3.Connection object at 0x10d5256c0>, "\n                CREATE TABLE IF NOT EXISTS users (\n                    user_id     INTEGER PRIMARY KEY,\n                    username    TEXT,\n                    first_name  TEXT,\n                    joined_at   TEXT NOT NULL\n                );\n\n                CREATE TABLE IF NOT EXISTS downloads (\n                    id          INTEGER PRIMARY KEY AUTOINCREMENT,\n                    user_id     INTEGER NOT NULL,\n                    link        TEXT NOT NULL,\n                    media_type  TEXT,            -- 'video' | 'image' | 'carousel'\n                    status      TEXT DEFAULT 'ok', -- 'ok' | 'failed'\n                    created_at  TEXT NOT NULL,\n                    FOREIGN KEY (user_id) REFERENCES users(user_id)\n                );\n            ")
2026-04-23 15:11:17 | DEBUG    | aiosqlite | operation functools.partial(<built-in method executescript of sqlite3.Connection object at 0x10d5256c0>, "\n                CREATE TABLE IF NOT EXISTS users (\n                    user_id     INTEGER PRIMARY KEY,\n                    username    TEXT,\n                    first_name  TEXT,\n                    joined_at   TEXT NOT NULL\n                );\n\n                CREATE TABLE IF NOT EXISTS downloads (\n                    id          INTEGER PRIMARY KEY AUTOINCREMENT,\n                    user_id     INTEGER NOT NULL,\n                    link        TEXT NOT NULL,\n                    media_type  TEXT,            -- 'video' | 'image' | 'carousel'\n                    status      TEXT DEFAULT 'ok', -- 'ok' | 'failed'\n                    created_at  TEXT NOT NULL,\n                    FOREIGN KEY (user_id) REFERENCES users(user_id)\n                );\n            ") completed
2026-04-23 15:11:17 | DEBUG    | aiosqlite | executing functools.partial(<built-in method commit of sqlite3.Connection object at 0x10d5256c0>)
2026-04-23 15:11:17 | DEBUG    | aiosqlite | operation functools.partial(<built-in method commit of sqlite3.Connection object at 0x10d5256c0>) completed
2026-04-23 15:11:17 | DEBUG    | aiosqlite | executing functools.partial(<built-in method close of sqlite3.Connection object at 0x10d5256c0>)
2026-04-23 15:11:17 | DEBUG    | aiosqlite | operation functools.partial(<built-in method close of sqlite3.Connection object at 0x10d5256c0>) completed
2026-04-23 15:11:17 | [32mINFO    [0m | database.db | ✅  Database ready at database/bot.db
2026-04-23 15:11:17 | [32mINFO    [0m | __main__ | 🚀  Bot started: @instagram_post7_bot  (id=8668012956)
2026-04-23 15:11:17 | [32mINFO    [0m | __main__ | ⚡  Polling started. Press Ctrl+C to stop.
2026-04-23 15:11:41 | DEBUG    | aiosqlite | executing <function connect.<locals>.connector at 0x10d5a8ea0>
2026-04-23 15:11:41 | DEBUG    | aiosqlite | operation <function connect.<locals>.connector at 0x10d5a8ea0> completed
2026-04-23 15:11:41 | DEBUG    | aiosqlite | executing functools.partial(<built-in method execute of sqlite3.Connection object at 0x10d5267a0>, '\n                INSERT INTO users (user_id, username, first_name, joined_at)\n                VALUES (?, ?, ?, ?)\n                ON CONFLICT(user_id) DO UPDATE SET\n                    username   = excluded.username,\n                    first_name = excluded.first_name\n            ', (7885260604, 'cd_ex', 'Anonshack', '2026-04-23T10:11:41.732453'))
2026-04-23 15:11:41 | DEBUG    | aiosqlite | operation functools.partial(<built-in method execute of sqlite3.Connection object at 0x10d5267a0>, '\n                INSERT INTO users (user_id, username, first_name, joined_at)\n                VALUES (?, ?, ?, ?)\n                ON CONFLICT(user_id) DO UPDATE SET\n                    username   = excluded.username,\n                    first_name = excluded.first_name\n            ', (7885260604, 'cd_ex', 'Anonshack', '2026-04-23T10:11:41.732453')) completed
2026-04-23 15:11:41 | DEBUG    | aiosqlite | executing functools.partial(<built-in method commit of sqlite3.Connection object at 0x10d5267a0>)
2026-04-23 15:11:41 | DEBUG    | aiosqlite | operation functools.partial(<built-in method commit of sqlite3.Connection object at 0x10d5267a0>) completed
2026-04-23 15:11:41 | DEBUG    | aiosqlite | executing functools.partial(<built-in method close of sqlite3.Connection object at 0x10d5267a0>)
2026-04-23 15:11:41 | DEBUG    | aiosqlite | operation functools.partial(<built-in method close of sqlite3.Connection object at 0x10d5267a0>) completed
2026-04-23 15:11:44 | DEBUG    | aiosqlite | executing <function connect.<locals>.connector at 0x10d5aa840>
2026-04-23 15:11:44 | DEBUG    | aiosqlite | operation <function connect.<locals>.connector at 0x10d5aa840> completed
2026-04-23 15:11:44 | DEBUG    | aiosqlite | executing functools.partial(<built-in method execute of sqlite3.Connection object at 0x10d526c50>, '\n                INSERT INTO users (user_id, username, first_name, joined_at)\n                VALUES (?, ?, ?, ?)\n                ON CONFLICT(user_id) DO UPDATE SET\n                    username   = excluded.username,\n                    first_name = excluded.first_name\n            ', (7885260604, 'cd_ex', 'Anonshack', '2026-04-23T10:11:44.547590'))
2026-04-23 15:11:44 | DEBUG    | aiosqlite | operation functools.partial(<built-in method execute of sqlite3.Connection object at 0x10d526c50>, '\n                INSERT INTO users (user_id, username, first_name, joined_at)\n                VALUES (?, ?, ?, ?)\n                ON CONFLICT(user_id) DO UPDATE SET\n                    username   = excluded.username,\n                    first_name = excluded.first_name\n            ', (7885260604, 'cd_ex', 'Anonshack', '2026-04-23T10:11:44.547590')) completed
2026-04-23 15:11:44 | DEBUG    | aiosqlite | executing functools.partial(<built-in method commit of sqlite3.Connection object at 0x10d526c50>)
2026-04-23 15:11:44 | DEBUG    | aiosqlite | operation functools.partial(<built-in method commit of sqlite3.Connection object at 0x10d526c50>) completed
2026-04-23 15:11:44 | DEBUG    | aiosqlite | executing functools.partial(<built-in method close of sqlite3.Connection object at 0x10d526c50>)
2026-04-23 15:11:44 | DEBUG    | aiosqlite | operation functools.partial(<built-in method close of sqlite3.Connection object at 0x10d526c50>) completed
2026-04-23 15:11:44 | [32mINFO    [0m | bot.services.downloader | Urinish 1/4 — cookie: ha
2026-04-23 15:11:46 | [32mINFO    [0m | bot.services.downloader | ✅ Muvaffaqiyatli: 1 ta fayl (urinish #1)
2026-04-23 15:11:47 | DEBUG    | bot.utils.cleanup | 🗑  Deleted temp file: /tmp/instabot/90b51f3dfc93_00001.mp4
2026-04-23 15:11:47 | DEBUG    | aiosqlite | executing <function connect.<locals>.connector at 0x10d5aaa20>
2026-04-23 15:11:47 | DEBUG    | aiosqlite | operation <function connect.<locals>.connector at 0x10d5aaa20> completed
2026-04-23 15:11:47 | DEBUG    | aiosqlite | executing functools.partial(<built-in method execute of sqlite3.Connection object at 0x10d827b50>, '\n                INSERT INTO downloads (user_id, link, media_type, status, created_at)\n                VALUES (?, ?, ?, ?, ?)\n            ', (7885260604, 'https://www.instagram.com/p/DRKRBlBDvi7/', 'video', 'ok', '2026-04-23T10:11:47.495446'))
2026-04-23 15:11:47 | DEBUG    | aiosqlite | operation functools.partial(<built-in method execute of sqlite3.Connection object at 0x10d827b50>, '\n                INSERT INTO downloads (user_id, link, media_type, status, created_at)\n                VALUES (?, ?, ?, ?, ?)\n            ', (7885260604, 'https://www.instagram.com/p/DRKRBlBDvi7/', 'video', 'ok', '2026-04-23T10:11:47.495446')) completed
2026-04-23 15:11:47 | DEBUG    | aiosqlite | executing functools.partial(<built-in method commit of sqlite3.Connection object at 0x10d827b50>)
2026-04-23 15:11:47 | DEBUG    | aiosqlite | operation functools.partial(<built-in method commit of sqlite3.Connection object at 0x10d827b50>) completed
2026-04-23 15:11:47 | DEBUG    | aiosqlite | executing functools.partial(<built-in method close of sqlite3.Connection object at 0x10d827b50>)
2026-04-23 15:11:47 | DEBUG    | aiosqlite | operation functools.partial(<built-in method close of sqlite3.Connection object at 0x10d827b50>) completed
2026-04-23 15:12:35 | DEBUG    | aiosqlite | executing <function connect.<locals>.connector at 0x10d5a8fe0>
2026-04-23 15:12:35 | DEBUG    | aiosqlite | operation <function connect.<locals>.connector at 0x10d5a8fe0> completed
2026-04-23 15:12:35 | DEBUG    | aiosqlite | executing functools.partial(<built-in method execute of sqlite3.Connection object at 0x10d526b60>, '\n                SELECT link, media_type, status, created_at\n                FROM downloads\n                WHERE user_id = ?\n                ORDER BY created_at DESC\n                LIMIT ?\n            ', (7885260604, 5))
2026-04-23 15:12:35 | DEBUG    | aiosqlite | operation functools.partial(<built-in method execute of sqlite3.Connection object at 0x10d526b60>, '\n                SELECT link, media_type, status, created_at\n                FROM downloads\n                WHERE user_id = ?\n                ORDER BY created_at DESC\n                LIMIT ?\n            ', (7885260604, 5)) completed
2026-04-23 15:12:35 | DEBUG    | aiosqlite | executing functools.partial(<built-in method fetchall of sqlite3.Cursor object at 0x10d614dc0>)
2026-04-23 15:12:35 | DEBUG    | aiosqlite | operation functools.partial(<built-in method fetchall of sqlite3.Cursor object at 0x10d614dc0>) completed
2026-04-23 15:12:35 | DEBUG    | aiosqlite | executing functools.partial(<built-in method close of sqlite3.Connection object at 0x10d526b60>)
2026-04-23 15:12:35 | DEBUG    | aiosqlite | operation functools.partial(<built-in method close of sqlite3.Connection object at 0x10d526b60>) completed
2026-04-23 15:12:39 | DEBUG    | aiosqlite | executing <function connect.<locals>.connector at 0x10d580720>
2026-04-23 15:12:39 | DEBUG    | aiosqlite | operation <function connect.<locals>.connector at 0x10d580720> completed
2026-04-23 15:12:39 | DEBUG    | aiosqlite | executing functools.partial(<built-in method execute of sqlite3.Connection object at 0x10d827f10>, '\n                INSERT INTO users (user_id, username, first_name, joined_at)\n                VALUES (?, ?, ?, ?)\n                ON CONFLICT(user_id) DO UPDATE SET\n                    username   = excluded.username,\n                    first_name = excluded.first_name\n            ', (7885260604, 'cd_ex', 'Anonshack', '2026-04-23T10:12:39.445171'))
2026-04-23 15:12:39 | DEBUG    | aiosqlite | operation functools.partial(<built-in method execute of sqlite3.Connection object at 0x10d827f10>, '\n                INSERT INTO users (user_id, username, first_name, joined_at)\n                VALUES (?, ?, ?, ?)\n                ON CONFLICT(user_id) DO UPDATE SET\n                    username   = excluded.username,\n                    first_name = excluded.first_name\n            ', (7885260604, 'cd_ex', 'Anonshack', '2026-04-23T10:12:39.445171')) completed
2026-04-23 15:12:39 | DEBUG    | aiosqlite | executing functools.partial(<built-in method commit of sqlite3.Connection object at 0x10d827f10>)
2026-04-23 15:12:39 | DEBUG    | aiosqlite | operation functools.partial(<built-in method commit of sqlite3.Connection object at 0x10d827f10>) completed
2026-04-23 15:12:39 | DEBUG    | aiosqlite | executing functools.partial(<built-in method close of sqlite3.Connection object at 0x10d827f10>)
2026-04-23 15:12:39 | DEBUG    | aiosqlite | operation functools.partial(<built-in method close of sqlite3.Connection object at 0x10d827f10>) completed
2026-04-23 15:12:49 | DEBUG    | aiosqlite | executing <function connect.<locals>.connector at 0x10d5a8fe0>
2026-04-23 15:12:49 | DEBUG    | aiosqlite | operation <function connect.<locals>.connector at 0x10d5a8fe0> completed
2026-04-23 15:12:49 | DEBUG    | aiosqlite | executing functools.partial(<built-in method execute of sqlite3.Connection object at 0x10d8272e0>, '\n                INSERT INTO users (user_id, username, first_name, joined_at)\n                VALUES (?, ?, ?, ?)\n                ON CONFLICT(user_id) DO UPDATE SET\n                    username   = excluded.username,\n                    first_name = excluded.first_name\n            ', (7885260604, 'cd_ex', 'Anonshack', '2026-04-23T10:12:49.299985'))
2026-04-23 15:12:49 | DEBUG    | aiosqlite | operation functools.partial(<built-in method execute of sqlite3.Connection object at 0x10d8272e0>, '\n                INSERT INTO users (user_id, username, first_name, joined_at)\n                VALUES (?, ?, ?, ?)\n                ON CONFLICT(user_id) DO UPDATE SET\n                    username   = excluded.username,\n                    first_name = excluded.first_name\n            ', (7885260604, 'cd_ex', 'Anonshack', '2026-04-23T10:12:49.299985')) completed
2026-04-23 15:12:49 | DEBUG    | aiosqlite | executing functools.partial(<built-in method commit of sqlite3.Connection object at 0x10d8272e0>)
2026-04-23 15:12:49 | DEBUG    | aiosqlite | operation functools.partial(<built-in method commit of sqlite3.Connection object at 0x10d8272e0>) completed
2026-04-23 15:12:49 | DEBUG    | aiosqlite | executing functools.partial(<built-in method close of sqlite3.Connection object at 0x10d8272e0>)
2026-04-23 15:12:49 | DEBUG    | aiosqlite | operation functools.partial(<built-in method close of sqlite3.Connection object at 0x10d8272e0>) completed
2026-04-23 15:12:49 | [32mINFO    [0m | bot.services.downloader | Urinish 1/4 — cookie: ha
2026-04-23 15:12:51 | [33mWARNING [0m | bot.services.downloader | Attempt 1: no files found
2026-04-23 15:12:51 | [32mINFO    [0m | bot.services.downloader | Urinish 2/4 — cookie: yo'q
2026-04-23 15:12:53 | [33mWARNING [0m | bot.services.downloader | Fayl topilmadi: DO_leS1CKTs
2026-04-23 15:12:53 | [33mWARNING [0m | bot.services.downloader | Attempt 2: no files found
2026-04-23 15:12:53 | [32mINFO    [0m | bot.services.downloader | Urinish 3/4 — cookie: yo'q
2026-04-23 15:12:54 | [33mWARNING [0m | bot.services.downloader | Fayl topilmadi: DO_leS1CKTs
2026-04-23 15:12:54 | [33mWARNING [0m | bot.services.downloader | Attempt 3: no files found
2026-04-23 15:12:54 | [32mINFO    [0m | bot.services.downloader | Urinish 4/4 — cookie: yo'q
2026-04-23 15:12:55 | [33mWARNING [0m | bot.services.downloader | Fayl topilmadi: DO_leS1CKTs
2026-04-23 15:12:55 | [33mWARNING [0m | bot.services.downloader | Attempt 4: no files found
2026-04-23 15:12:55 | DEBUG    | aiosqlite | executing <function connect.<locals>.connector at 0x10db73420>
2026-04-23 15:12:55 | DEBUG    | aiosqlite | operation <function connect.<locals>.connector at 0x10db73420> completed
2026-04-23 15:12:55 | DEBUG    | aiosqlite | executing functools.partial(<built-in method execute of sqlite3.Connection object at 0x10d8ebd30>, '\n                INSERT INTO downloads (user_id, link, media_type, status, created_at)\n                VALUES (?, ?, ?, ?, ?)\n            ', (7885260604, 'https://www.instagram.com/p/DO_leS1CKTs/', 'unknown', 'failed', '2026-04-23T10:12:55.150814'))
2026-04-23 15:12:55 | DEBUG    | aiosqlite | operation functools.partial(<built-in method execute of sqlite3.Connection object at 0x10d8ebd30>, '\n                INSERT INTO downloads (user_id, link, media_type, status, created_at)\n                VALUES (?, ?, ?, ?, ?)\n            ', (7885260604, 'https://www.instagram.com/p/DO_leS1CKTs/', 'unknown', 'failed', '2026-04-23T10:12:55.150814')) completed
2026-04-23 15:12:55 | DEBUG    | aiosqlite | executing functools.partial(<built-in method commit of sqlite3.Connection object at 0x10d8ebd30>)
2026-04-23 15:12:55 | DEBUG    | aiosqlite | operation functools.partial(<built-in method commit of sqlite3.Connection object at 0x10d8ebd30>) completed
2026-04-23 15:12:55 | DEBUG    | aiosqlite | executing functools.partial(<built-in method close of sqlite3.Connection object at 0x10d8ebd30>)
2026-04-23 15:12:55 | DEBUG    | aiosqlite | operation functools.partial(<built-in method close of sqlite3.Connection object at 0x10d8ebd30>) completed
2026-04-23 15:13:10 | DEBUG    | aiosqlite | executing <function connect.<locals>.connector at 0x10d5a9ee0>
2026-04-23 15:13:10 | DEBUG    | aiosqlite | operation <function connect.<locals>.connector at 0x10d5a9ee0> completed
2026-04-23 15:13:10 | DEBUG    | aiosqlite | executing functools.partial(<built-in method execute of sqlite3.Connection object at 0x10d5264d0>, '\n                INSERT INTO users (user_id, username, first_name, joined_at)\n                VALUES (?, ?, ?, ?)\n                ON CONFLICT(user_id) DO UPDATE SET\n                    username   = excluded.username,\n                    first_name = excluded.first_name\n            ', (7885260604, 'cd_ex', 'Anonshack', '2026-04-23T10:13:10.553602'))
2026-04-23 15:13:10 | DEBUG    | aiosqlite | operation functools.partial(<built-in method execute of sqlite3.Connection object at 0x10d5264d0>, '\n                INSERT INTO users (user_id, username, first_name, joined_at)\n                VALUES (?, ?, ?, ?)\n                ON CONFLICT(user_id) DO UPDATE SET\n                    username   = excluded.username,\n                    first_name = excluded.first_name\n            ', (7885260604, 'cd_ex', 'Anonshack', '2026-04-23T10:13:10.553602')) completed
2026-04-23 15:13:10 | DEBUG    | aiosqlite | executing functools.partial(<built-in method commit of sqlite3.Connection object at 0x10d5264d0>)
2026-04-23 15:13:10 | DEBUG    | aiosqlite | operation functools.partial(<built-in method commit of sqlite3.Connection object at 0x10d5264d0>) completed
2026-04-23 15:13:10 | DEBUG    | aiosqlite | executing functools.partial(<built-in method close of sqlite3.Connection object at 0x10d5264d0>)
2026-04-23 15:13:10 | DEBUG    | aiosqlite | operation functools.partial(<built-in method close of sqlite3.Connection object at 0x10d5264d0>) completed
2026-04-23 15:13:10 | [32mINFO    [0m | bot.services.downloader | Urinish 1/4 — cookie: ha
2026-04-23 15:13:12 | [32mINFO    [0m | bot.services.downloader | Urinish 2/4 — cookie: yo'q
2026-04-23 15:13:13 | [32mINFO    [0m | bot.services.downloader | Urinish 3/4 — cookie: yo'q
2026-04-23 15:13:15 | [32mINFO    [0m | bot.services.downloader | Urinish 4/4 — cookie: yo'q
2026-04-23 15:13:16 | DEBUG    | aiosqlite | executing <function connect.<locals>.connector at 0x10d582e80>
2026-04-23 15:13:16 | DEBUG    | aiosqlite | operation <function connect.<locals>.connector at 0x10d582e80> completed
2026-04-23 15:13:16 | DEBUG    | aiosqlite | executing functools.partial(<built-in method execute of sqlite3.Connection object at 0x1121089a0>, '\n                INSERT INTO downloads (user_id, link, media_type, status, created_at)\n                VALUES (?, ?, ?, ?, ?)\n            ', (7885260604, 'https://www.instagram.com/stories/nur_bek6679/', 'unknown', 'failed', '2026-04-23T10:13:16.520629'))
2026-04-23 15:13:16 | DEBUG    | aiosqlite | operation functools.partial(<built-in method execute of sqlite3.Connection object at 0x1121089a0>, '\n                INSERT INTO downloads (user_id, link, media_type, status, created_at)\n                VALUES (?, ?, ?, ?, ?)\n            ', (7885260604, 'https://www.instagram.com/stories/nur_bek6679/', 'unknown', 'failed', '2026-04-23T10:13:16.520629')) completed
2026-04-23 15:13:16 | DEBUG    | aiosqlite | executing functools.partial(<built-in method commit of sqlite3.Connection object at 0x1121089a0>)
2026-04-23 15:13:16 | DEBUG    | aiosqlite | operation functools.partial(<built-in method commit of sqlite3.Connection object at 0x1121089a0>) completed
2026-04-23 15:13:16 | DEBUG    | aiosqlite | executing functools.partial(<built-in method close of sqlite3.Connection object at 0x1121089a0>)
2026-04-23 15:13:16 | DEBUG    | aiosqlite | operation functools.partial(<built-in method close of sqlite3.Connection object at 0x1121089a0>) completed
2026-04-23 15:17:24 | [33mWARNING [0m | aiogram.dispatcher | Received SIGINT signal
2026-04-23 15:17:24 | [32mINFO    [0m | __main__ | 🧹  Cleaning up temp files…
2026-04-23 15:17:24 | [32mINFO    [0m | __main__ | 👋  Bot stopped cleanly.
2026-04-23 15:17:28 | [32mINFO    [0m | bot.utils.logger | 📝  Logging initialised → logs/bot.log
2026-04-23 15:17:28 | [32mINFO    [0m | bot.services.downloader | ✅ Cookie fayl topildi: cookies.txt
2026-04-23 15:17:28 | DEBUG    | aiosqlite | executing <function connect.<locals>.connector at 0x109a5eca0>
2026-04-23 15:17:28 | DEBUG    | aiosqlite | operation <function connect.<locals>.connector at 0x109a5eca0> completed
2026-04-23 15:17:28 | DEBUG    | aiosqlite | executing functools.partial(<built-in method executescript of sqlite3.Connection object at 0x109a055d0>, "\n                CREATE TABLE IF NOT EXISTS users (\n                    user_id     INTEGER PRIMARY KEY,\n                    username    TEXT,\n                    first_name  TEXT,\n                    joined_at   TEXT NOT NULL\n                );\n\n                CREATE TABLE IF NOT EXISTS downloads (\n                    id          INTEGER PRIMARY KEY AUTOINCREMENT,\n                    user_id     INTEGER NOT NULL,\n                    link        TEXT NOT NULL,\n                    media_type  TEXT,            -- 'video' | 'image' | 'carousel'\n                    status      TEXT DEFAULT 'ok', -- 'ok' | 'failed'\n                    created_at  TEXT NOT NULL,\n                    FOREIGN KEY (user_id) REFERENCES users(user_id)\n                );\n            ")
2026-04-23 15:17:28 | DEBUG    | aiosqlite | operation functools.partial(<built-in method executescript of sqlite3.Connection object at 0x109a055d0>, "\n                CREATE TABLE IF NOT EXISTS users (\n                    user_id     INTEGER PRIMARY KEY,\n                    username    TEXT,\n                    first_name  TEXT,\n                    joined_at   TEXT NOT NULL\n                );\n\n                CREATE TABLE IF NOT EXISTS downloads (\n                    id          INTEGER PRIMARY KEY AUTOINCREMENT,\n                    user_id     INTEGER NOT NULL,\n                    link        TEXT NOT NULL,\n                    media_type  TEXT,            -- 'video' | 'image' | 'carousel'\n                    status      TEXT DEFAULT 'ok', -- 'ok' | 'failed'\n                    created_at  TEXT NOT NULL,\n                    FOREIGN KEY (user_id) REFERENCES users(user_id)\n                );\n            ") completed
2026-04-23 15:17:28 | DEBUG    | aiosqlite | executing functools.partial(<built-in method commit of sqlite3.Connection object at 0x109a055d0>)
2026-04-23 15:17:28 | DEBUG    | aiosqlite | operation functools.partial(<built-in method commit of sqlite3.Connection object at 0x109a055d0>) completed
2026-04-23 15:17:28 | DEBUG    | aiosqlite | executing functools.partial(<built-in method close of sqlite3.Connection object at 0x109a055d0>)
2026-04-23 15:17:28 | DEBUG    | aiosqlite | operation functools.partial(<built-in method close of sqlite3.Connection object at 0x109a055d0>) completed
2026-04-23 15:17:28 | [32mINFO    [0m | database.db | ✅  Database ready at database/bot.db
2026-04-23 15:17:28 | [32mINFO    [0m | __main__ | 🚀  Bot started: @instagram_post7_bot  (id=8668012956)
2026-04-23 15:17:28 | [32mINFO    [0m | __main__ | ⚡  Polling started. Press Ctrl+C to stop.
2026-04-23 15:20:09 | DEBUG    | aiosqlite | executing <function connect.<locals>.connector at 0x109a823e0>
2026-04-23 15:20:09 | DEBUG    | aiosqlite | operation <function connect.<locals>.connector at 0x109a823e0> completed
2026-04-23 15:20:09 | DEBUG    | aiosqlite | executing functools.partial(<built-in method execute of sqlite3.Connection object at 0x109a064d0>, '\n                INSERT INTO users (user_id, username, first_name, joined_at)\n                VALUES (?, ?, ?, ?)\n                ON CONFLICT(user_id) DO UPDATE SET\n                    username   = excluded.username,\n                    first_name = excluded.first_name\n            ', (7885260604, 'cd_ex', 'Anonshack', '2026-04-23T10:20:09.834243'))
2026-04-23 15:20:09 | DEBUG    | aiosqlite | operation functools.partial(<built-in method execute of sqlite3.Connection object at 0x109a064d0>, '\n                INSERT INTO users (user_id, username, first_name, joined_at)\n                VALUES (?, ?, ?, ?)\n                ON CONFLICT(user_id) DO UPDATE SET\n                    username   = excluded.username,\n                    first_name = excluded.first_name\n            ', (7885260604, 'cd_ex', 'Anonshack', '2026-04-23T10:20:09.834243')) completed
2026-04-23 15:20:09 | DEBUG    | aiosqlite | executing functools.partial(<built-in method commit of sqlite3.Connection object at 0x109a064d0>)
2026-04-23 15:20:09 | DEBUG    | aiosqlite | operation functools.partial(<built-in method commit of sqlite3.Connection object at 0x109a064d0>) completed
2026-04-23 15:20:09 | DEBUG    | aiosqlite | executing functools.partial(<built-in method close of sqlite3.Connection object at 0x109a064d0>)
2026-04-23 15:20:09 | DEBUG    | aiosqlite | operation functools.partial(<built-in method close of sqlite3.Connection object at 0x109a064d0>) completed
2026-04-23 15:20:10 | [32mINFO    [0m | bot.services.downloader | Urinish 1/4 — cookie: ha
2026-04-23 15:20:12 | [32mINFO    [0m | bot.services.downloader | 🎵 Audio ajratildi: dbcd7a5fcbd9_0_audio.mp3 (0.5 MB)
2026-04-23 15:20:12 | [32mINFO    [0m | bot.services.downloader | ✅ Muvaffaqiyatli: 1 ta fayl (urinish #1)
2026-04-23 15:20:14 | [32mINFO    [0m | bot.services.sender | 🎵 Audio yuborildi: dbcd7a5fcbd9_0_audio.mp3
2026-04-23 15:20:14 | DEBUG    | bot.utils.cleanup | 🗑  Deleted temp file: /tmp/instabot/dbcd7a5fcbd9_00001.mp4
2026-04-23 15:20:14 | DEBUG    | bot.utils.cleanup | 🗑  Deleted temp file: /tmp/instabot/dbcd7a5fcbd9_0_audio.mp3
2026-04-23 15:20:14 | DEBUG    | aiosqlite | executing <function connect.<locals>.connector at 0x109a5f1a0>
2026-04-23 15:20:14 | DEBUG    | aiosqlite | operation <function connect.<locals>.connector at 0x109a5f1a0> completed
2026-04-23 15:20:14 | DEBUG    | aiosqlite | executing functools.partial(<built-in method execute of sqlite3.Connection object at 0x109dcf1f0>, '\n                INSERT INTO downloads (user_id, link, media_type, status, created_at)\n                VALUES (?, ?, ?, ?, ?)\n            ', (7885260604, 'https://www.instagram.com/p/DRKRBlBDvi7/', 'video', 'ok', '2026-04-23T10:20:14.736485'))
2026-04-23 15:20:14 | DEBUG    | aiosqlite | operation functools.partial(<built-in method execute of sqlite3.Connection object at 0x109dcf1f0>, '\n                INSERT INTO downloads (user_id, link, media_type, status, created_at)\n                VALUES (?, ?, ?, ?, ?)\n            ', (7885260604, 'https://www.instagram.com/p/DRKRBlBDvi7/', 'video', 'ok', '2026-04-23T10:20:14.736485')) completed
2026-04-23 15:20:14 | DEBUG    | aiosqlite | executing functools.partial(<built-in method commit of sqlite3.Connection object at 0x109dcf1f0>)
2026-04-23 15:20:14 | DEBUG    | aiosqlite | operation functools.partial(<built-in method commit of sqlite3.Connection object at 0x109dcf1f0>) completed
2026-04-23 15:20:14 | DEBUG    | aiosqlite | executing functools.partial(<built-in method close of sqlite3.Connection object at 0x109dcf1f0>)
2026-04-23 15:20:14 | DEBUG    | aiosqlite | operation functools.partial(<built-in method close of sqlite3.Connection object at 0x109dcf1f0>) completed
2026-04-23 15:20:51 | DEBUG    | aiosqlite | executing <function connect.<locals>.connector at 0x109a5f1a0>
2026-04-23 15:20:51 | DEBUG    | aiosqlite | operation <function connect.<locals>.connector at 0x109a5f1a0> completed
2026-04-23 15:20:51 | DEBUG    | aiosqlite | executing functools.partial(<built-in method execute of sqlite3.Connection object at 0x109a063e0>, '\n                INSERT INTO users (user_id, username, first_name, joined_at)\n                VALUES (?, ?, ?, ?)\n                ON CONFLICT(user_id) DO UPDATE SET\n                    username   = excluded.username,\n                    first_name = excluded.first_name\n            ', (7885260604, 'cd_ex', 'Anonshack', '2026-04-23T10:20:51.806551'))
2026-04-23 15:20:51 | DEBUG    | aiosqlite | operation functools.partial(<built-in method execute of sqlite3.Connection object at 0x109a063e0>, '\n                INSERT INTO users (user_id, username, first_name, joined_at)\n                VALUES (?, ?, ?, ?)\n                ON CONFLICT(user_id) DO UPDATE SET\n                    username   = excluded.username,\n                    first_name = excluded.first_name\n            ', (7885260604, 'cd_ex', 'Anonshack', '2026-04-23T10:20:51.806551')) completed
2026-04-23 15:20:51 | DEBUG    | aiosqlite | executing functools.partial(<built-in method commit of sqlite3.Connection object at 0x109a063e0>)
2026-04-23 15:20:51 | DEBUG    | aiosqlite | operation functools.partial(<built-in method commit of sqlite3.Connection object at 0x109a063e0>) completed
2026-04-23 15:20:51 | DEBUG    | aiosqlite | executing functools.partial(<built-in method close of sqlite3.Connection object at 0x109a063e0>)
2026-04-23 15:20:51 | DEBUG    | aiosqlite | operation functools.partial(<built-in method close of sqlite3.Connection object at 0x109a063e0>) completed
2026-04-23 15:20:52 | [32mINFO    [0m | bot.services.downloader | Urinish 1/4 — cookie: ha
2026-04-23 15:20:53 | [32mINFO    [0m | bot.services.downloader | Urinish 2/4 — cookie: yo'q
2026-04-23 15:20:54 | [32mINFO    [0m | bot.services.downloader | Urinish 3/4 — cookie: yo'q
2026-04-23 15:20:56 | [32mINFO    [0m | bot.services.downloader | Urinish 4/4 — cookie: yo'q
2026-04-23 15:20:57 | DEBUG    | aiosqlite | executing <function connect.<locals>.connector at 0x105c83100>
2026-04-23 15:20:57 | DEBUG    | aiosqlite | operation <function connect.<locals>.connector at 0x105c83100> completed
2026-04-23 15:20:57 | DEBUG    | aiosqlite | executing functools.partial(<built-in method execute of sqlite3.Connection object at 0x10a44ad40>, '\n                INSERT INTO downloads (user_id, link, media_type, status, created_at)\n                VALUES (?, ?, ?, ?, ?)\n            ', (7885260604, 'https://www.instagram.com/stories/nur_bek6679/', 'unknown', 'failed', '2026-04-23T10:20:57.271471'))
2026-04-23 15:20:57 | DEBUG    | aiosqlite | operation functools.partial(<built-in method execute of sqlite3.Connection object at 0x10a44ad40>, '\n                INSERT INTO downloads (user_id, link, media_type, status, created_at)\n                VALUES (?, ?, ?, ?, ?)\n            ', (7885260604, 'https://www.instagram.com/stories/nur_bek6679/', 'unknown', 'failed', '2026-04-23T10:20:57.271471')) completed
2026-04-23 15:20:57 | DEBUG    | aiosqlite | executing functools.partial(<built-in method commit of sqlite3.Connection object at 0x10a44ad40>)
2026-04-23 15:20:57 | DEBUG    | aiosqlite | operation functools.partial(<built-in method commit of sqlite3.Connection object at 0x10a44ad40>) completed
2026-04-23 15:20:57 | DEBUG    | aiosqlite | executing functools.partial(<built-in method close of sqlite3.Connection object at 0x10a44ad40>)
2026-04-23 15:20:57 | DEBUG    | aiosqlite | operation functools.partial(<built-in method close of sqlite3.Connection object at 0x10a44ad40>) completed
2026-04-23 15:21:40 | DEBUG    | aiosqlite | executing <function connect.<locals>.connector at 0x109a5ef20>
2026-04-23 15:21:40 | DEBUG    | aiosqlite | operation <function connect.<locals>.connector at 0x109a5ef20> completed
2026-04-23 15:21:40 | DEBUG    | aiosqlite | executing functools.partial(<built-in method execute of sqlite3.Connection object at 0x109a06d40>, '\n                INSERT INTO users (user_id, username, first_name, joined_at)\n                VALUES (?, ?, ?, ?)\n                ON CONFLICT(user_id) DO UPDATE SET\n                    username   = excluded.username,\n                    first_name = excluded.first_name\n            ', (7885260604, 'cd_ex', 'Anonshack', '2026-04-23T10:21:40.066134'))
2026-04-23 15:21:40 | DEBUG    | aiosqlite | operation functools.partial(<built-in method execute of sqlite3.Connection object at 0x109a06d40>, '\n                INSERT INTO users (user_id, username, first_name, joined_at)\n                VALUES (?, ?, ?, ?)\n                ON CONFLICT(user_id) DO UPDATE SET\n                    username   = excluded.username,\n                    first_name = excluded.first_name\n            ', (7885260604, 'cd_ex', 'Anonshack', '2026-04-23T10:21:40.066134')) completed
2026-04-23 15:21:40 | DEBUG    | aiosqlite | executing functools.partial(<built-in method commit of sqlite3.Connection object at 0x109a06d40>)
2026-04-23 15:21:40 | DEBUG    | aiosqlite | operation functools.partial(<built-in method commit of sqlite3.Connection object at 0x109a06d40>) completed
2026-04-23 15:21:40 | DEBUG    | aiosqlite | executing functools.partial(<built-in method close of sqlite3.Connection object at 0x109a06d40>)
2026-04-23 15:21:40 | DEBUG    | aiosqlite | operation functools.partial(<built-in method close of sqlite3.Connection object at 0x109a06d40>) completed
2026-04-23 15:21:40 | [32mINFO    [0m | bot.services.downloader | Urinish 1/4 — cookie: ha
2026-04-23 15:21:42 | [32mINFO    [0m | bot.services.downloader | Urinish 2/4 — cookie: yo'q
2026-04-23 15:21:43 | [32mINFO    [0m | bot.services.downloader | Urinish 3/4 — cookie: yo'q
2026-04-23 15:21:45 | [32mINFO    [0m | bot.services.downloader | Urinish 4/4 — cookie: yo'q
2026-04-23 15:21:46 | DEBUG    | aiosqlite | executing <function connect.<locals>.connector at 0x109a5ede0>
2026-04-23 15:21:46 | DEBUG    | aiosqlite | operation <function connect.<locals>.connector at 0x109a5ede0> completed
2026-04-23 15:21:46 | DEBUG    | aiosqlite | executing functools.partial(<built-in method execute of sqlite3.Connection object at 0x10a448c70>, '\n                INSERT INTO downloads (user_id, link, media_type, status, created_at)\n                VALUES (?, ?, ?, ?, ?)\n            ', (7885260604, 'https://www.instagram.com/stories/nur_bek6679/', 'unknown', 'failed', '2026-04-23T10:21:46.350747'))
2026-04-23 15:21:46 | DEBUG    | aiosqlite | operation functools.partial(<built-in method execute of sqlite3.Connection object at 0x10a448c70>, '\n                INSERT INTO downloads (user_id, link, media_type, status, created_at)\n                VALUES (?, ?, ?, ?, ?)\n            ', (7885260604, 'https://www.instagram.com/stories/nur_bek6679/', 'unknown', 'failed', '2026-04-23T10:21:46.350747')) completed
2026-04-23 15:21:46 | DEBUG    | aiosqlite | executing functools.partial(<built-in method commit of sqlite3.Connection object at 0x10a448c70>)
2026-04-23 15:21:46 | DEBUG    | aiosqlite | operation functools.partial(<built-in method commit of sqlite3.Connection object at 0x10a448c70>) completed
2026-04-23 15:21:46 | DEBUG    | aiosqlite | executing functools.partial(<built-in method close of sqlite3.Connection object at 0x10a448c70>)
2026-04-23 15:21:46 | DEBUG    | aiosqlite | operation functools.partial(<built-in method close of sqlite3.Connection object at 0x10a448c70>) completed
2026-04-23 15:24:08 | [33mWARNING [0m | aiogram.dispatcher | Received SIGINT signal
2026-04-23 15:24:08 | [32mINFO    [0m | __main__ | 🧹  Cleaning up temp files…
2026-04-23 15:24:08 | [32mINFO    [0m | __main__ | 👋  Bot stopped cleanly.
2026-04-23 17:02:54 | [32mINFO    [0m | bot.utils.logger | 📝  Logging initialised → logs/bot.log
2026-04-23 17:04:01 | [32mINFO    [0m | bot.utils.logger | 📝  Logging initialised → logs/bot.log
2026-04-23 17:04:01 | DEBUG    | aiosqlite | executing <function connect.<locals>.connector at 0x10b3a6c00>
2026-04-23 17:04:01 | DEBUG    | aiosqlite | operation <function connect.<locals>.connector at 0x10b3a6c00> completed
2026-04-23 17:04:01 | DEBUG    | aiosqlite | executing functools.partial(<built-in method executescript of sqlite3.Connection object at 0x10b3514e0>, "\n                CREATE TABLE IF NOT EXISTS users (\n                    user_id     INTEGER PRIMARY KEY,\n                    username    TEXT,\n                    first_name  TEXT,\n                    joined_at   TEXT NOT NULL\n                );\n\n                CREATE TABLE IF NOT EXISTS downloads (\n                    id          INTEGER PRIMARY KEY AUTOINCREMENT,\n                    user_id     INTEGER NOT NULL,\n                    link        TEXT NOT NULL,\n                    media_type  TEXT,            -- 'video' | 'image' | 'carousel'\n                    status      TEXT DEFAULT 'ok', -- 'ok' | 'failed'\n                    created_at  TEXT NOT NULL,\n                    FOREIGN KEY (user_id) REFERENCES users(user_id)\n                );\n            ")
2026-04-23 17:04:01 | DEBUG    | aiosqlite | operation functools.partial(<built-in method executescript of sqlite3.Connection object at 0x10b3514e0>, "\n                CREATE TABLE IF NOT EXISTS users (\n                    user_id     INTEGER PRIMARY KEY,\n                    username    TEXT,\n                    first_name  TEXT,\n                    joined_at   TEXT NOT NULL\n                );\n\n                CREATE TABLE IF NOT EXISTS downloads (\n                    id          INTEGER PRIMARY KEY AUTOINCREMENT,\n                    user_id     INTEGER NOT NULL,\n                    link        TEXT NOT NULL,\n                    media_type  TEXT,            -- 'video' | 'image' | 'carousel'\n                    status      TEXT DEFAULT 'ok', -- 'ok' | 'failed'\n                    created_at  TEXT NOT NULL,\n                    FOREIGN KEY (user_id) REFERENCES users(user_id)\n                );\n            ") completed
2026-04-23 17:04:01 | DEBUG    | aiosqlite | executing functools.partial(<built-in method commit of sqlite3.Connection object at 0x10b3514e0>)
2026-04-23 17:04:01 | DEBUG    | aiosqlite | operation functools.partial(<built-in method commit of sqlite3.Connection object at 0x10b3514e0>) completed
2026-04-23 17:04:01 | DEBUG    | aiosqlite | executing functools.partial(<built-in method close of sqlite3.Connection object at 0x10b3514e0>)
2026-04-23 17:04:01 | DEBUG    | aiosqlite | operation functools.partial(<built-in method close of sqlite3.Connection object at 0x10b3514e0>) completed
2026-04-23 17:04:01 | [32mINFO    [0m | database.db | ✅  Database ready at database/bot.db
2026-04-23 17:04:02 | [32mINFO    [0m | __main__ | 🚀  Bot started: @instagram_post7_bot  (id=8668012956)
2026-04-23 17:04:02 | [32mINFO    [0m | __main__ | ⚡  Polling started. Press Ctrl+C to stop.
2026-04-23 17:04:12 | DEBUG    | aiosqlite | executing <function connect.<locals>.connector at 0x10b3c62a0>
2026-04-23 17:04:12 | DEBUG    | aiosqlite | operation <function connect.<locals>.connector at 0x10b3c62a0> completed
2026-04-23 17:04:12 | DEBUG    | aiosqlite | executing functools.partial(<built-in method execute of sqlite3.Connection object at 0x10b352200>, '\n                INSERT INTO users (user_id, username, first_name, joined_at)\n                VALUES (?, ?, ?, ?)\n                ON CONFLICT(user_id) DO UPDATE SET\n                    username   = excluded.username,\n                    first_name = excluded.first_name\n            ', (7885260604, 'cd_ex', 'Anonshack', '2026-04-23T12:04:12.419334'))
2026-04-23 17:04:12 | DEBUG    | aiosqlite | operation functools.partial(<built-in method execute of sqlite3.Connection object at 0x10b352200>, '\n                INSERT INTO users (user_id, username, first_name, joined_at)\n                VALUES (?, ?, ?, ?)\n                ON CONFLICT(user_id) DO UPDATE SET\n                    username   = excluded.username,\n                    first_name = excluded.first_name\n            ', (7885260604, 'cd_ex', 'Anonshack', '2026-04-23T12:04:12.419334')) completed
2026-04-23 17:04:12 | DEBUG    | aiosqlite | executing functools.partial(<built-in method commit of sqlite3.Connection object at 0x10b352200>)
2026-04-23 17:04:12 | DEBUG    | aiosqlite | operation functools.partial(<built-in method commit of sqlite3.Connection object at 0x10b352200>) completed
2026-04-23 17:04:12 | DEBUG    | aiosqlite | executing functools.partial(<built-in method close of sqlite3.Connection object at 0x10b352200>)
2026-04-23 17:04:12 | DEBUG    | aiosqlite | operation functools.partial(<built-in method close of sqlite3.Connection object at 0x10b352200>) completed
2026-04-23 17:04:17 | DEBUG    | aiosqlite | executing <function connect.<locals>.connector at 0x10b3a7100>
2026-04-23 17:04:17 | DEBUG    | aiosqlite | operation <function connect.<locals>.connector at 0x10b3a7100> completed
2026-04-23 17:04:17 | DEBUG    | aiosqlite | executing functools.partial(<built-in method execute of sqlite3.Connection object at 0x10b643e20>, '\n                INSERT INTO downloads (user_id, link, media_type, status, created_at)\n                VALUES (?, ?, ?, ?, ?)\n            ', (7885260604, 'https://www.instagram.com/stories/nur_bek6679/', 'video', 'ok', '2026-04-23T12:04:17.567198'))
2026-04-23 17:04:17 | DEBUG    | aiosqlite | operation functools.partial(<built-in method execute of sqlite3.Connection object at 0x10b643e20>, '\n                INSERT INTO downloads (user_id, link, media_type, status, created_at)\n                VALUES (?, ?, ?, ?, ?)\n            ', (7885260604, 'https://www.instagram.com/stories/nur_bek6679/', 'video', 'ok', '2026-04-23T12:04:17.567198')) completed
2026-04-23 17:04:17 | DEBUG    | aiosqlite | executing functools.partial(<built-in method commit of sqlite3.Connection object at 0x10b643e20>)
2026-04-23 17:04:17 | DEBUG    | aiosqlite | operation functools.partial(<built-in method commit of sqlite3.Connection object at 0x10b643e20>) completed
2026-04-23 17:04:17 | DEBUG    | aiosqlite | executing functools.partial(<built-in method close of sqlite3.Connection object at 0x10b643e20>)
2026-04-23 17:04:17 | DEBUG    | aiosqlite | operation functools.partial(<built-in method close of sqlite3.Connection object at 0x10b643e20>) completed
2026-04-23 17:04:34 | DEBUG    | aiosqlite | executing <function connect.<locals>.connector at 0x10bafade0>
2026-04-23 17:04:34 | DEBUG    | aiosqlite | operation <function connect.<locals>.connector at 0x10bafade0> completed
2026-04-23 17:04:34 | DEBUG    | aiosqlite | executing functools.partial(<built-in method execute of sqlite3.Connection object at 0x10b353100>, '\n                INSERT INTO users (user_id, username, first_name, joined_at)\n                VALUES (?, ?, ?, ?)\n                ON CONFLICT(user_id) DO UPDATE SET\n                    username   = excluded.username,\n                    first_name = excluded.first_name\n            ', (7885260604, 'cd_ex', 'Anonshack', '2026-04-23T12:04:34.334243'))
2026-04-23 17:04:34 | DEBUG    | aiosqlite | operation functools.partial(<built-in method execute of sqlite3.Connection object at 0x10b353100>, '\n                INSERT INTO users (user_id, username, first_name, joined_at)\n                VALUES (?, ?, ?, ?)\n                ON CONFLICT(user_id) DO UPDATE SET\n                    username   = excluded.username,\n                    first_name = excluded.first_name\n            ', (7885260604, 'cd_ex', 'Anonshack', '2026-04-23T12:04:34.334243')) completed
2026-04-23 17:04:34 | DEBUG    | aiosqlite | executing functools.partial(<built-in method commit of sqlite3.Connection object at 0x10b353100>)
2026-04-23 17:04:34 | DEBUG    | aiosqlite | operation functools.partial(<built-in method commit of sqlite3.Connection object at 0x10b353100>) completed
2026-04-23 17:04:34 | DEBUG    | aiosqlite | executing functools.partial(<built-in method close of sqlite3.Connection object at 0x10b353100>)
2026-04-23 17:04:34 | DEBUG    | aiosqlite | operation functools.partial(<built-in method close of sqlite3.Connection object at 0x10b353100>) completed
2026-04-23 17:04:35 | [31mERROR   [0m | bot.services.downloader | Download error: [0;31mERROR:[0m [Instagram] DO_leS1CKTs: No video formats found!; please report this issue on  https://github.com/yt-dlp/yt-dlp/issues?q= , filling out the appropriate issue template. Confirm you are on the latest version using  yt-dlp -U
2026-04-23 17:04:35 | DEBUG    | aiosqlite | executing <function connect.<locals>.connector at 0x10b3c62a0>
2026-04-23 17:04:35 | DEBUG    | aiosqlite | operation <function connect.<locals>.connector at 0x10b3c62a0> completed
2026-04-23 17:04:35 | DEBUG    | aiosqlite | executing functools.partial(<built-in method execute of sqlite3.Connection object at 0x10b706c50>, '\n                INSERT INTO downloads (user_id, link, media_type, status, created_at)\n                VALUES (?, ?, ?, ?, ?)\n            ', (7885260604, 'https://www.instagram.com/p/DO_leS1CKTs/', 'unknown', 'failed', '2026-04-23T12:04:35.666501'))
2026-04-23 17:04:35 | DEBUG    | aiosqlite | operation functools.partial(<built-in method execute of sqlite3.Connection object at 0x10b706c50>, '\n                INSERT INTO downloads (user_id, link, media_type, status, created_at)\n                VALUES (?, ?, ?, ?, ?)\n            ', (7885260604, 'https://www.instagram.com/p/DO_leS1CKTs/', 'unknown', 'failed', '2026-04-23T12:04:35.666501')) completed
2026-04-23 17:04:35 | DEBUG    | aiosqlite | executing functools.partial(<built-in method commit of sqlite3.Connection object at 0x10b706c50>)
2026-04-23 17:04:35 | DEBUG    | aiosqlite | operation functools.partial(<built-in method commit of sqlite3.Connection object at 0x10b706c50>) completed
2026-04-23 17:04:35 | DEBUG    | aiosqlite | executing functools.partial(<built-in method close of sqlite3.Connection object at 0x10b706c50>)
2026-04-23 17:04:35 | DEBUG    | aiosqlite | operation functools.partial(<built-in method close of sqlite3.Connection object at 0x10b706c50>) completed
2026-04-23 17:05:21 | DEBUG    | aiosqlite | executing <function connect.<locals>.connector at 0x107607100>
2026-04-23 17:05:21 | DEBUG    | aiosqlite | operation <function connect.<locals>.connector at 0x107607100> completed
2026-04-23 17:05:21 | DEBUG    | aiosqlite | executing functools.partial(<built-in method execute of sqlite3.Connection object at 0x10b352f20>, '\n                INSERT INTO users (user_id, username, first_name, joined_at)\n                VALUES (?, ?, ?, ?)\n                ON CONFLICT(user_id) DO UPDATE SET\n                    username   = excluded.username,\n                    first_name = excluded.first_name\n            ', (7885260604, 'cd_ex', 'Anonshack', '2026-04-23T12:05:21.166830'))
2026-04-23 17:05:21 | DEBUG    | aiosqlite | operation functools.partial(<built-in method execute of sqlite3.Connection object at 0x10b352f20>, '\n                INSERT INTO users (user_id, username, first_name, joined_at)\n                VALUES (?, ?, ?, ?)\n                ON CONFLICT(user_id) DO UPDATE SET\n                    username   = excluded.username,\n                    first_name = excluded.first_name\n            ', (7885260604, 'cd_ex', 'Anonshack', '2026-04-23T12:05:21.166830')) completed
2026-04-23 17:05:21 | DEBUG    | aiosqlite | executing functools.partial(<built-in method commit of sqlite3.Connection object at 0x10b352f20>)
2026-04-23 17:05:21 | DEBUG    | aiosqlite | operation functools.partial(<built-in method commit of sqlite3.Connection object at 0x10b352f20>) completed
2026-04-23 17:05:21 | DEBUG    | aiosqlite | executing functools.partial(<built-in method close of sqlite3.Connection object at 0x10b352f20>)
2026-04-23 17:05:21 | DEBUG    | aiosqlite | operation functools.partial(<built-in method close of sqlite3.Connection object at 0x10b352f20>) completed
2026-04-23 17:05:24 | DEBUG    | aiosqlite | executing <function connect.<locals>.connector at 0x107607100>
2026-04-23 17:05:24 | DEBUG    | aiosqlite | operation <function connect.<locals>.connector at 0x107607100> completed
2026-04-23 17:05:24 | DEBUG    | aiosqlite | executing functools.partial(<built-in method execute of sqlite3.Connection object at 0x10b353010>, '\n                INSERT INTO downloads (user_id, link, media_type, status, created_at)\n                VALUES (?, ?, ?, ?, ?)\n            ', (7885260604, 'https://www.instagram.com/p/DRKRBlBDvi7/', 'video', 'ok', '2026-04-23T12:05:24.967331'))
2026-04-23 17:05:24 | DEBUG    | aiosqlite | operation functools.partial(<built-in method execute of sqlite3.Connection object at 0x10b353010>, '\n                INSERT INTO downloads (user_id, link, media_type, status, created_at)\n                VALUES (?, ?, ?, ?, ?)\n            ', (7885260604, 'https://www.instagram.com/p/DRKRBlBDvi7/', 'video', 'ok', '2026-04-23T12:05:24.967331')) completed
2026-04-23 17:05:24 | DEBUG    | aiosqlite | executing functools.partial(<built-in method commit of sqlite3.Connection object at 0x10b353010>)
2026-04-23 17:05:24 | DEBUG    | aiosqlite | operation functools.partial(<built-in method commit of sqlite3.Connection object at 0x10b353010>) completed
2026-04-23 17:05:24 | DEBUG    | aiosqlite | executing functools.partial(<built-in method close of sqlite3.Connection object at 0x10b353010>)
2026-04-23 17:05:24 | DEBUG    | aiosqlite | operation functools.partial(<built-in method close of sqlite3.Connection object at 0x10b353010>) completed
2026-04-23 17:05:32 | DEBUG    | aiosqlite | executing <function connect.<locals>.connector at 0x110136480>
2026-04-23 17:05:32 | DEBUG    | aiosqlite | operation <function connect.<locals>.connector at 0x110136480> completed
2026-04-23 17:05:32 | DEBUG    | aiosqlite | executing functools.partial(<built-in method execute of sqlite3.Connection object at 0x10b3526b0>, '\n                SELECT link, media_type, status, created_at\n                FROM downloads\n                WHERE user_id = ?\n                ORDER BY created_at DESC\n                LIMIT ?\n            ', (7885260604, 5))
2026-04-23 17:05:32 | DEBUG    | aiosqlite | operation functools.partial(<built-in method execute of sqlite3.Connection object at 0x10b3526b0>, '\n                SELECT link, media_type, status, created_at\n                FROM downloads\n                WHERE user_id = ?\n                ORDER BY created_at DESC\n                LIMIT ?\n            ', (7885260604, 5)) completed
2026-04-23 17:05:32 | DEBUG    | aiosqlite | executing functools.partial(<built-in method fetchall of sqlite3.Cursor object at 0x10bb3a740>)
2026-04-23 17:05:32 | DEBUG    | aiosqlite | operation functools.partial(<built-in method fetchall of sqlite3.Cursor object at 0x10bb3a740>) completed
2026-04-23 17:05:32 | DEBUG    | aiosqlite | executing functools.partial(<built-in method close of sqlite3.Connection object at 0x10b3526b0>)
2026-04-23 17:05:32 | DEBUG    | aiosqlite | operation functools.partial(<built-in method close of sqlite3.Connection object at 0x10b3526b0>) completed
2026-04-23 17:05:35 | DEBUG    | aiosqlite | executing <function connect.<locals>.connector at 0x110136020>
2026-04-23 17:05:35 | DEBUG    | aiosqlite | operation <function connect.<locals>.connector at 0x110136020> completed
2026-04-23 17:05:35 | DEBUG    | aiosqlite | executing functools.partial(<built-in method execute of sqlite3.Connection object at 0x10b3526b0>, "SELECT COUNT(*) as cnt FROM downloads WHERE status = 'ok'", [])
2026-04-23 17:05:35 | DEBUG    | aiosqlite | operation functools.partial(<built-in method execute of sqlite3.Connection object at 0x10b3526b0>, "SELECT COUNT(*) as cnt FROM downloads WHERE status = 'ok'", []) completed
2026-04-23 17:05:35 | DEBUG    | aiosqlite | executing functools.partial(<built-in method fetchone of sqlite3.Cursor object at 0x10bb3a240>)
2026-04-23 17:05:35 | DEBUG    | aiosqlite | operation functools.partial(<built-in method fetchone of sqlite3.Cursor object at 0x10bb3a240>) completed
2026-04-23 17:05:35 | DEBUG    | aiosqlite | executing functools.partial(<built-in method execute of sqlite3.Connection object at 0x10b3526b0>, 'SELECT COUNT(*) as cnt FROM users', [])
2026-04-23 17:05:35 | DEBUG    | aiosqlite | operation functools.partial(<built-in method execute of sqlite3.Connection object at 0x10b3526b0>, 'SELECT COUNT(*) as cnt FROM users', []) completed
2026-04-23 17:05:35 | DEBUG    | aiosqlite | executing functools.partial(<built-in method fetchone of sqlite3.Cursor object at 0x10bb3a6c0>)
2026-04-23 17:05:35 | DEBUG    | aiosqlite | operation functools.partial(<built-in method fetchone of sqlite3.Cursor object at 0x10bb3a6c0>) completed
2026-04-23 17:05:35 | DEBUG    | aiosqlite | executing functools.partial(<built-in method execute of sqlite3.Connection object at 0x10b3526b0>, "\n                SELECT COUNT(*) as cnt FROM downloads\n                WHERE status = 'ok' AND DATE(created_at) = DATE('now')\n            ", [])
2026-04-23 17:05:35 | DEBUG    | aiosqlite | operation functools.partial(<built-in method execute of sqlite3.Connection object at 0x10b3526b0>, "\n                SELECT COUNT(*) as cnt FROM downloads\n                WHERE status = 'ok' AND DATE(created_at) = DATE('now')\n            ", []) completed
2026-04-23 17:05:35 | DEBUG    | aiosqlite | executing functools.partial(<built-in method fetchone of sqlite3.Cursor object at 0x10bb38640>)
2026-04-23 17:05:35 | DEBUG    | aiosqlite | operation functools.partial(<built-in method fetchone of sqlite3.Cursor object at 0x10bb38640>) completed
2026-04-23 17:05:35 | DEBUG    | aiosqlite | executing functools.partial(<built-in method close of sqlite3.Connection object at 0x10b3526b0>)
2026-04-23 17:05:35 | DEBUG    | aiosqlite | operation functools.partial(<built-in method close of sqlite3.Connection object at 0x10b3526b0>) completed
2026-04-23 17:05:35 | DEBUG    | aiosqlite | executing <function connect.<locals>.connector at 0x110137b00>
2026-04-23 17:05:35 | DEBUG    | aiosqlite | operation <function connect.<locals>.connector at 0x110137b00> completed
2026-04-23 17:05:35 | DEBUG    | aiosqlite | executing functools.partial(<built-in method execute of sqlite3.Connection object at 0x10b3526b0>, "\n                SELECT COUNT(*) as cnt FROM downloads\n                WHERE user_id = ? AND status = 'ok'\n            ", (7885260604,))
2026-04-23 17:05:35 | DEBUG    | aiosqlite | operation functools.partial(<built-in method execute of sqlite3.Connection object at 0x10b3526b0>, "\n                SELECT COUNT(*) as cnt FROM downloads\n                WHERE user_id = ? AND status = 'ok'\n            ", (7885260604,)) completed
2026-04-23 17:05:35 | DEBUG    | aiosqlite | executing functools.partial(<built-in method fetchone of sqlite3.Cursor object at 0x10bb3a6c0>)
2026-04-23 17:05:35 | DEBUG    | aiosqlite | operation functools.partial(<built-in method fetchone of sqlite3.Cursor object at 0x10bb3a6c0>) completed
2026-04-23 17:05:35 | DEBUG    | aiosqlite | executing functools.partial(<built-in method close of sqlite3.Connection object at 0x10b3526b0>)
2026-04-23 17:05:35 | DEBUG    | aiosqlite | operation functools.partial(<built-in method close of sqlite3.Connection object at 0x10b3526b0>) completed
2026-04-23 17:05:46 | DEBUG    | aiosqlite | executing <function connect.<locals>.connector at 0x110137060>
2026-04-23 17:05:46 | DEBUG    | aiosqlite | operation <function connect.<locals>.connector at 0x110137060> completed
2026-04-23 17:05:46 | DEBUG    | aiosqlite | executing functools.partial(<built-in method execute of sqlite3.Connection object at 0x10b352980>, '\n                INSERT INTO users (user_id, username, first_name, joined_at)\n                VALUES (?, ?, ?, ?)\n                ON CONFLICT(user_id) DO UPDATE SET\n                    username   = excluded.username,\n                    first_name = excluded.first_name\n            ', (7885260604, 'cd_ex', 'Anonshack', '2026-04-23T12:05:46.072989'))
2026-04-23 17:05:46 | DEBUG    | aiosqlite | operation functools.partial(<built-in method execute of sqlite3.Connection object at 0x10b352980>, '\n                INSERT INTO users (user_id, username, first_name, joined_at)\n                VALUES (?, ?, ?, ?)\n                ON CONFLICT(user_id) DO UPDATE SET\n                    username   = excluded.username,\n                    first_name = excluded.first_name\n            ', (7885260604, 'cd_ex', 'Anonshack', '2026-04-23T12:05:46.072989')) completed
2026-04-23 17:05:46 | DEBUG    | aiosqlite | executing functools.partial(<built-in method commit of sqlite3.Connection object at 0x10b352980>)
2026-04-23 17:05:46 | DEBUG    | aiosqlite | operation functools.partial(<built-in method commit of sqlite3.Connection object at 0x10b352980>) completed
2026-04-23 17:05:46 | DEBUG    | aiosqlite | executing functools.partial(<built-in method close of sqlite3.Connection object at 0x10b352980>)
2026-04-23 17:05:46 | DEBUG    | aiosqlite | operation functools.partial(<built-in method close of sqlite3.Connection object at 0x10b352980>) completed
2026-04-23 17:06:27 | [33mWARNING [0m | aiogram.dispatcher | Received SIGINT signal
2026-04-23 17:06:27 | [32mINFO    [0m | __main__ | 🧹  Cleaning up temp files…
2026-04-23 17:06:27 | [32mINFO    [0m | __main__ | 👋  Bot stopped cleanly.
2026-04-23 17:08:29 | [32mINFO    [0m | bot.utils.logger | 📝  Logging initialised → logs/bot.log
2026-04-23 17:08:29 | DEBUG    | aiosqlite | executing <function connect.<locals>.connector at 0x10d97ac00>
2026-04-23 17:08:29 | DEBUG    | aiosqlite | operation <function connect.<locals>.connector at 0x10d97ac00> completed
2026-04-23 17:08:29 | DEBUG    | aiosqlite | executing functools.partial(<built-in method executescript of sqlite3.Connection object at 0x10d9214e0>, "\n                CREATE TABLE IF NOT EXISTS users (\n                    user_id     INTEGER PRIMARY KEY,\n                    username    TEXT,\n                    first_name  TEXT,\n                    joined_at   TEXT NOT NULL\n                );\n\n                CREATE TABLE IF NOT EXISTS downloads (\n                    id          INTEGER PRIMARY KEY AUTOINCREMENT,\n                    user_id     INTEGER NOT NULL,\n                    link        TEXT NOT NULL,\n                    media_type  TEXT,            -- 'video' | 'image' | 'carousel'\n                    status      TEXT DEFAULT 'ok', -- 'ok' | 'failed'\n                    created_at  TEXT NOT NULL,\n                    FOREIGN KEY (user_id) REFERENCES users(user_id)\n                );\n            ")
2026-04-23 17:08:29 | DEBUG    | aiosqlite | operation functools.partial(<built-in method executescript of sqlite3.Connection object at 0x10d9214e0>, "\n                CREATE TABLE IF NOT EXISTS users (\n                    user_id     INTEGER PRIMARY KEY,\n                    username    TEXT,\n                    first_name  TEXT,\n                    joined_at   TEXT NOT NULL\n                );\n\n                CREATE TABLE IF NOT EXISTS downloads (\n                    id          INTEGER PRIMARY KEY AUTOINCREMENT,\n                    user_id     INTEGER NOT NULL,\n                    link        TEXT NOT NULL,\n                    media_type  TEXT,            -- 'video' | 'image' | 'carousel'\n                    status      TEXT DEFAULT 'ok', -- 'ok' | 'failed'\n                    created_at  TEXT NOT NULL,\n                    FOREIGN KEY (user_id) REFERENCES users(user_id)\n                );\n            ") completed
2026-04-23 17:08:29 | DEBUG    | aiosqlite | executing functools.partial(<built-in method commit of sqlite3.Connection object at 0x10d9214e0>)
2026-04-23 17:08:29 | DEBUG    | aiosqlite | operation functools.partial(<built-in method commit of sqlite3.Connection object at 0x10d9214e0>) completed
2026-04-23 17:08:29 | DEBUG    | aiosqlite | executing functools.partial(<built-in method close of sqlite3.Connection object at 0x10d9214e0>)
2026-04-23 17:08:29 | DEBUG    | aiosqlite | operation functools.partial(<built-in method close of sqlite3.Connection object at 0x10d9214e0>) completed
2026-04-23 17:08:29 | [32mINFO    [0m | database.db | ✅  Database ready at database/bot.db
2026-04-23 17:08:29 | [32mINFO    [0m | __main__ | 🚀  Bot started: @instagram_post7_bot  (id=8668012956)
2026-04-23 17:08:29 | [32mINFO    [0m | __main__ | ⚡  Polling started. Press Ctrl+C to stop.
2026-04-23 17:08:33 | DEBUG    | aiosqlite | executing <function connect.<locals>.connector at 0x10d999300>
2026-04-23 17:08:33 | DEBUG    | aiosqlite | operation <function connect.<locals>.connector at 0x10d999300> completed
2026-04-23 17:08:33 | DEBUG    | aiosqlite | executing functools.partial(<built-in method execute of sqlite3.Connection object at 0x10d922200>, '\n                INSERT INTO users (user_id, username, first_name, joined_at)\n                VALUES (?, ?, ?, ?)\n                ON CONFLICT(user_id) DO UPDATE SET\n                    username   = excluded.username,\n                    first_name = excluded.first_name\n            ', (7885260604, 'cd_ex', 'Anonshack', '2026-04-23T12:08:33.896060'))
2026-04-23 17:08:33 | DEBUG    | aiosqlite | operation functools.partial(<built-in method execute of sqlite3.Connection object at 0x10d922200>, '\n                INSERT INTO users (user_id, username, first_name, joined_at)\n                VALUES (?, ?, ?, ?)\n                ON CONFLICT(user_id) DO UPDATE SET\n                    username   = excluded.username,\n                    first_name = excluded.first_name\n            ', (7885260604, 'cd_ex', 'Anonshack', '2026-04-23T12:08:33.896060')) completed
2026-04-23 17:08:33 | DEBUG    | aiosqlite | executing functools.partial(<built-in method commit of sqlite3.Connection object at 0x10d922200>)
2026-04-23 17:08:33 | DEBUG    | aiosqlite | operation functools.partial(<built-in method commit of sqlite3.Connection object at 0x10d922200>) completed
2026-04-23 17:08:33 | DEBUG    | aiosqlite | executing functools.partial(<built-in method close of sqlite3.Connection object at 0x10d922200>)
2026-04-23 17:08:33 | DEBUG    | aiosqlite | operation functools.partial(<built-in method close of sqlite3.Connection object at 0x10d922200>) completed
2026-04-23 17:08:44 | DEBUG    | aiosqlite | executing <function connect.<locals>.connector at 0x10d99aca0>
2026-04-23 17:08:44 | DEBUG    | aiosqlite | operation <function connect.<locals>.connector at 0x10d99aca0> completed
2026-04-23 17:08:44 | DEBUG    | aiosqlite | executing functools.partial(<built-in method execute of sqlite3.Connection object at 0x10d9225c0>, '\n                INSERT INTO users (user_id, username, first_name, joined_at)\n                VALUES (?, ?, ?, ?)\n                ON CONFLICT(user_id) DO UPDATE SET\n                    username   = excluded.username,\n                    first_name = excluded.first_name\n            ', (7885260604, 'cd_ex', 'Anonshack', '2026-04-23T12:08:44.729783'))
2026-04-23 17:08:44 | DEBUG    | aiosqlite | operation functools.partial(<built-in method execute of sqlite3.Connection object at 0x10d9225c0>, '\n                INSERT INTO users (user_id, username, first_name, joined_at)\n                VALUES (?, ?, ?, ?)\n                ON CONFLICT(user_id) DO UPDATE SET\n                    username   = excluded.username,\n                    first_name = excluded.first_name\n            ', (7885260604, 'cd_ex', 'Anonshack', '2026-04-23T12:08:44.729783')) completed
2026-04-23 17:08:44 | DEBUG    | aiosqlite | executing functools.partial(<built-in method commit of sqlite3.Connection object at 0x10d9225c0>)
2026-04-23 17:08:44 | DEBUG    | aiosqlite | operation functools.partial(<built-in method commit of sqlite3.Connection object at 0x10d9225c0>) completed
2026-04-23 17:08:44 | DEBUG    | aiosqlite | executing functools.partial(<built-in method close of sqlite3.Connection object at 0x10d9225c0>)
2026-04-23 17:08:44 | DEBUG    | aiosqlite | operation functools.partial(<built-in method close of sqlite3.Connection object at 0x10d9225c0>) completed
2026-04-23 17:08:48 | DEBUG    | aiosqlite | executing <function connect.<locals>.connector at 0x10d978c20>
2026-04-23 17:08:48 | DEBUG    | aiosqlite | operation <function connect.<locals>.connector at 0x10d978c20> completed
2026-04-23 17:08:48 | DEBUG    | aiosqlite | executing functools.partial(<built-in method execute of sqlite3.Connection object at 0x10dc274c0>, '\n                INSERT INTO downloads (user_id, link, media_type, status, created_at)\n                VALUES (?, ?, ?, ?, ?)\n            ', (7885260604, 'https://www.instagram.com/p/DRKRBlBDvi7/', 'video', 'ok', '2026-04-23T12:08:48.734200'))
2026-04-23 17:08:48 | DEBUG    | aiosqlite | operation functools.partial(<built-in method execute of sqlite3.Connection object at 0x10dc274c0>, '\n                INSERT INTO downloads (user_id, link, media_type, status, created_at)\n                VALUES (?, ?, ?, ?, ?)\n            ', (7885260604, 'https://www.instagram.com/p/DRKRBlBDvi7/', 'video', 'ok', '2026-04-23T12:08:48.734200')) completed
2026-04-23 17:08:48 | DEBUG    | aiosqlite | executing functools.partial(<built-in method commit of sqlite3.Connection object at 0x10dc274c0>)
2026-04-23 17:08:48 | DEBUG    | aiosqlite | operation functools.partial(<built-in method commit of sqlite3.Connection object at 0x10dc274c0>) completed
2026-04-23 17:08:48 | DEBUG    | aiosqlite | executing functools.partial(<built-in method close of sqlite3.Connection object at 0x10dc274c0>)
2026-04-23 17:08:48 | DEBUG    | aiosqlite | operation functools.partial(<built-in method close of sqlite3.Connection object at 0x10dc274c0>) completed
2026-04-23 17:08:59 | DEBUG    | aiosqlite | executing <function connect.<locals>.connector at 0x10e0d62a0>
2026-04-23 17:08:59 | DEBUG    | aiosqlite | operation <function connect.<locals>.connector at 0x10e0d62a0> completed
2026-04-23 17:08:59 | DEBUG    | aiosqlite | executing functools.partial(<built-in method execute of sqlite3.Connection object at 0x10dc274c0>, '\n                INSERT INTO users (user_id, username, first_name, joined_at)\n                VALUES (?, ?, ?, ?)\n                ON CONFLICT(user_id) DO UPDATE SET\n                    username   = excluded.username,\n                    first_name = excluded.first_name\n            ', (7885260604, 'cd_ex', 'Anonshack', '2026-04-23T12:08:59.539345'))
2026-04-23 17:08:59 | DEBUG    | aiosqlite | operation functools.partial(<built-in method execute of sqlite3.Connection object at 0x10dc274c0>, '\n                INSERT INTO users (user_id, username, first_name, joined_at)\n                VALUES (?, ?, ?, ?)\n                ON CONFLICT(user_id) DO UPDATE SET\n                    username   = excluded.username,\n                    first_name = excluded.first_name\n            ', (7885260604, 'cd_ex', 'Anonshack', '2026-04-23T12:08:59.539345')) completed
2026-04-23 17:08:59 | DEBUG    | aiosqlite | executing functools.partial(<built-in method commit of sqlite3.Connection object at 0x10dc274c0>)
2026-04-23 17:08:59 | DEBUG    | aiosqlite | operation functools.partial(<built-in method commit of sqlite3.Connection object at 0x10dc274c0>) completed
2026-04-23 17:08:59 | DEBUG    | aiosqlite | executing functools.partial(<built-in method close of sqlite3.Connection object at 0x10dc274c0>)
2026-04-23 17:08:59 | DEBUG    | aiosqlite | operation functools.partial(<built-in method close of sqlite3.Connection object at 0x10dc274c0>) completed
2026-04-23 17:09:03 | DEBUG    | aiosqlite | executing <function connect.<locals>.connector at 0x10d97ad40>
2026-04-23 17:09:03 | DEBUG    | aiosqlite | operation <function connect.<locals>.connector at 0x10d97ad40> completed
2026-04-23 17:09:03 | DEBUG    | aiosqlite | executing functools.partial(<built-in method execute of sqlite3.Connection object at 0x10dc271f0>, '\n                INSERT INTO downloads (user_id, link, media_type, status, created_at)\n                VALUES (?, ?, ?, ?, ?)\n            ', (7885260604, 'https://www.instagram.com/stories/nur_bek6679/', 'video', 'ok', '2026-04-23T12:09:03.122946'))
2026-04-23 17:09:03 | DEBUG    | aiosqlite | operation functools.partial(<built-in method execute of sqlite3.Connection object at 0x10dc271f0>, '\n                INSERT INTO downloads (user_id, link, media_type, status, created_at)\n                VALUES (?, ?, ?, ?, ?)\n            ', (7885260604, 'https://www.instagram.com/stories/nur_bek6679/', 'video', 'ok', '2026-04-23T12:09:03.122946')) completed
2026-04-23 17:09:03 | DEBUG    | aiosqlite | executing functools.partial(<built-in method commit of sqlite3.Connection object at 0x10dc271f0>)
2026-04-23 17:09:03 | DEBUG    | aiosqlite | operation functools.partial(<built-in method commit of sqlite3.Connection object at 0x10dc271f0>) completed
2026-04-23 17:09:03 | DEBUG    | aiosqlite | executing functools.partial(<built-in method close of sqlite3.Connection object at 0x10dc271f0>)
2026-04-23 17:09:03 | DEBUG    | aiosqlite | operation functools.partial(<built-in method close of sqlite3.Connection object at 0x10dc271f0>) completed
2026-04-23 17:09:14 | DEBUG    | aiosqlite | executing <function connect.<locals>.connector at 0x10d97ae80>
2026-04-23 17:09:14 | DEBUG    | aiosqlite | operation <function connect.<locals>.connector at 0x10d97ae80> completed
2026-04-23 17:09:14 | DEBUG    | aiosqlite | executing functools.partial(<built-in method execute of sqlite3.Connection object at 0x10dcfad40>, '\n                INSERT INTO users (user_id, username, first_name, joined_at)\n                VALUES (?, ?, ?, ?)\n                ON CONFLICT(user_id) DO UPDATE SET\n                    username   = excluded.username,\n                    first_name = excluded.first_name\n            ', (7885260604, 'cd_ex', 'Anonshack', '2026-04-23T12:09:14.100323'))
2026-04-23 17:09:14 | DEBUG    | aiosqlite | operation functools.partial(<built-in method execute of sqlite3.Connection object at 0x10dcfad40>, '\n                INSERT INTO users (user_id, username, first_name, joined_at)\n                VALUES (?, ?, ?, ?)\n                ON CONFLICT(user_id) DO UPDATE SET\n                    username   = excluded.username,\n                    first_name = excluded.first_name\n            ', (7885260604, 'cd_ex', 'Anonshack', '2026-04-23T12:09:14.100323')) completed
2026-04-23 17:09:14 | DEBUG    | aiosqlite | executing functools.partial(<built-in method commit of sqlite3.Connection object at 0x10dcfad40>)
2026-04-23 17:09:14 | DEBUG    | aiosqlite | operation functools.partial(<built-in method commit of sqlite3.Connection object at 0x10dcfad40>) completed
2026-04-23 17:09:14 | DEBUG    | aiosqlite | executing functools.partial(<built-in method close of sqlite3.Connection object at 0x10dcfad40>)
2026-04-23 17:09:14 | DEBUG    | aiosqlite | operation functools.partial(<built-in method close of sqlite3.Connection object at 0x10dcfad40>) completed
2026-04-23 17:09:15 | DEBUG    | aiosqlite | executing <function connect.<locals>.connector at 0x10e0d67a0>
2026-04-23 17:09:15 | DEBUG    | aiosqlite | operation <function connect.<locals>.connector at 0x10e0d67a0> completed
2026-04-23 17:09:15 | DEBUG    | aiosqlite | executing functools.partial(<built-in method execute of sqlite3.Connection object at 0x10dcfb100>, '\n                INSERT INTO downloads (user_id, link, media_type, status, created_at)\n                VALUES (?, ?, ?, ?, ?)\n            ', (7885260604, 'https://www.instagram.com/p/DO_leS1CKTs/', 'unknown', 'failed', '2026-04-23T12:09:15.219338'))
2026-04-23 17:09:15 | DEBUG    | aiosqlite | operation functools.partial(<built-in method execute of sqlite3.Connection object at 0x10dcfb100>, '\n                INSERT INTO downloads (user_id, link, media_type, status, created_at)\n                VALUES (?, ?, ?, ?, ?)\n            ', (7885260604, 'https://www.instagram.com/p/DO_leS1CKTs/', 'unknown', 'failed', '2026-04-23T12:09:15.219338')) completed
2026-04-23 17:09:15 | DEBUG    | aiosqlite | executing functools.partial(<built-in method commit of sqlite3.Connection object at 0x10dcfb100>)
2026-04-23 17:09:15 | DEBUG    | aiosqlite | operation functools.partial(<built-in method commit of sqlite3.Connection object at 0x10dcfb100>) completed
2026-04-23 17:09:15 | DEBUG    | aiosqlite | executing functools.partial(<built-in method close of sqlite3.Connection object at 0x10dcfb100>)
2026-04-23 17:09:15 | DEBUG    | aiosqlite | operation functools.partial(<built-in method close of sqlite3.Connection object at 0x10dcfb100>) completed
2026-04-23 17:09:38 | DEBUG    | aiosqlite | executing <function connect.<locals>.connector at 0x10d99ae80>
2026-04-23 17:09:38 | DEBUG    | aiosqlite | operation <function connect.<locals>.connector at 0x10d99ae80> completed
2026-04-23 17:09:38 | DEBUG    | aiosqlite | executing functools.partial(<built-in method execute of sqlite3.Connection object at 0x10d921f30>, '\n                INSERT INTO users (user_id, username, first_name, joined_at)\n                VALUES (?, ?, ?, ?)\n                ON CONFLICT(user_id) DO UPDATE SET\n                    username   = excluded.username,\n                    first_name = excluded.first_name\n            ', (7885260604, 'cd_ex', 'Anonshack', '2026-04-23T12:09:38.852146'))
2026-04-23 17:09:38 | DEBUG    | aiosqlite | operation functools.partial(<built-in method execute of sqlite3.Connection object at 0x10d921f30>, '\n                INSERT INTO users (user_id, username, first_name, joined_at)\n                VALUES (?, ?, ?, ?)\n                ON CONFLICT(user_id) DO UPDATE SET\n                    username   = excluded.username,\n                    first_name = excluded.first_name\n            ', (7885260604, 'cd_ex', 'Anonshack', '2026-04-23T12:09:38.852146')) completed
2026-04-23 17:09:38 | DEBUG    | aiosqlite | executing functools.partial(<built-in method commit of sqlite3.Connection object at 0x10d921f30>)
2026-04-23 17:09:38 | DEBUG    | aiosqlite | operation functools.partial(<built-in method commit of sqlite3.Connection object at 0x10d921f30>) completed
2026-04-23 17:09:38 | DEBUG    | aiosqlite | executing functools.partial(<built-in method close of sqlite3.Connection object at 0x10d921f30>)
2026-04-23 17:09:38 | DEBUG    | aiosqlite | operation functools.partial(<built-in method close of sqlite3.Connection object at 0x10d921f30>) completed
2026-04-23 17:09:42 | [31mERROR   [0m | bot.services.downloader | Download xatosi: 'NoneType' object has no attribute 'get'
2026-04-23 17:09:42 | DEBUG    | aiosqlite | executing <function connect.<locals>.connector at 0x104b37100>
2026-04-23 17:09:42 | DEBUG    | aiosqlite | operation <function connect.<locals>.connector at 0x104b37100> completed
2026-04-23 17:09:42 | DEBUG    | aiosqlite | executing functools.partial(<built-in method execute of sqlite3.Connection object at 0x10e448310>, '\n                INSERT INTO downloads (user_id, link, media_type, status, created_at)\n                VALUES (?, ?, ?, ?, ?)\n            ', (7885260604, 'https://www.instagram.com/p/DTm0UdwCFPx/', 'unknown', 'failed', '2026-04-23T12:09:42.613512'))
2026-04-23 17:09:42 | DEBUG    | aiosqlite | operation functools.partial(<built-in method execute of sqlite3.Connection object at 0x10e448310>, '\n                INSERT INTO downloads (user_id, link, media_type, status, created_at)\n                VALUES (?, ?, ?, ?, ?)\n            ', (7885260604, 'https://www.instagram.com/p/DTm0UdwCFPx/', 'unknown', 'failed', '2026-04-23T12:09:42.613512')) completed
2026-04-23 17:09:42 | DEBUG    | aiosqlite | executing functools.partial(<built-in method commit of sqlite3.Connection object at 0x10e448310>)
2026-04-23 17:09:42 | DEBUG    | aiosqlite | operation functools.partial(<built-in method commit of sqlite3.Connection object at 0x10e448310>) completed
2026-04-23 17:09:42 | DEBUG    | aiosqlite | executing functools.partial(<built-in method close of sqlite3.Connection object at 0x10e448310>)
2026-04-23 17:09:42 | DEBUG    | aiosqlite | operation functools.partial(<built-in method close of sqlite3.Connection object at 0x10e448310>) completed
2026-04-23 17:13:20 | [33mWARNING [0m | aiogram.dispatcher | Received SIGINT signal
2026-04-23 17:13:21 | [32mINFO    [0m | __main__ | 🧹  Cleaning up temp files…
2026-04-23 17:13:21 | DEBUG    | bot.utils.cleanup | 🗑  Deleted temp file: /tmp/instabot/a3d237d6d2_00001.mp4
2026-04-23 17:13:21 | [32mINFO    [0m | __main__ | 👋  Bot stopped cleanly.
2026-04-23 17:13:24 | [32mINFO    [0m | bot.utils.logger | 📝  Logging initialised → logs/bot.log
2026-04-23 17:13:24 | DEBUG    | aiosqlite | executing <function connect.<locals>.connector at 0x10b2b2480>
2026-04-23 17:13:24 | DEBUG    | aiosqlite | operation <function connect.<locals>.connector at 0x10b2b2480> completed
2026-04-23 17:13:24 | DEBUG    | aiosqlite | executing functools.partial(<built-in method executescript of sqlite3.Connection object at 0x10b2554e0>, "\n                CREATE TABLE IF NOT EXISTS users (\n                    user_id     INTEGER PRIMARY KEY,\n                    username    TEXT,\n                    first_name  TEXT,\n                    joined_at   TEXT NOT NULL\n                );\n\n                CREATE TABLE IF NOT EXISTS downloads (\n                    id          INTEGER PRIMARY KEY AUTOINCREMENT,\n                    user_id     INTEGER NOT NULL,\n                    link        TEXT NOT NULL,\n                    media_type  TEXT,            -- 'video' | 'image' | 'carousel'\n                    status      TEXT DEFAULT 'ok', -- 'ok' | 'failed'\n                    created_at  TEXT NOT NULL,\n                    FOREIGN KEY (user_id) REFERENCES users(user_id)\n                );\n            ")
2026-04-23 17:13:24 | DEBUG    | aiosqlite | operation functools.partial(<built-in method executescript of sqlite3.Connection object at 0x10b2554e0>, "\n                CREATE TABLE IF NOT EXISTS users (\n                    user_id     INTEGER PRIMARY KEY,\n                    username    TEXT,\n                    first_name  TEXT,\n                    joined_at   TEXT NOT NULL\n                );\n\n                CREATE TABLE IF NOT EXISTS downloads (\n                    id          INTEGER PRIMARY KEY AUTOINCREMENT,\n                    user_id     INTEGER NOT NULL,\n                    link        TEXT NOT NULL,\n                    media_type  TEXT,            -- 'video' | 'image' | 'carousel'\n                    status      TEXT DEFAULT 'ok', -- 'ok' | 'failed'\n                    created_at  TEXT NOT NULL,\n                    FOREIGN KEY (user_id) REFERENCES users(user_id)\n                );\n            ") completed
2026-04-23 17:13:24 | DEBUG    | aiosqlite | executing functools.partial(<built-in method commit of sqlite3.Connection object at 0x10b2554e0>)
2026-04-23 17:13:24 | DEBUG    | aiosqlite | operation functools.partial(<built-in method commit of sqlite3.Connection object at 0x10b2554e0>) completed
2026-04-23 17:13:24 | DEBUG    | aiosqlite | executing functools.partial(<built-in method close of sqlite3.Connection object at 0x10b2554e0>)
2026-04-23 17:13:24 | DEBUG    | aiosqlite | operation functools.partial(<built-in method close of sqlite3.Connection object at 0x10b2554e0>) completed
2026-04-23 17:13:24 | [32mINFO    [0m | database.db | ✅  Database ready at database/bot.db
2026-04-23 17:13:24 | [32mINFO    [0m | __main__ | 🚀  Bot started: @instagram_post7_bot  (id=8668012956)
2026-04-23 17:13:24 | [32mINFO    [0m | __main__ | ⚡  Polling started. Press Ctrl+C to stop.
2026-04-23 17:13:33 | DEBUG    | aiosqlite | executing <function connect.<locals>.connector at 0x10b2d9b20>
2026-04-23 17:13:33 | DEBUG    | aiosqlite | operation <function connect.<locals>.connector at 0x10b2d9b20> completed
2026-04-23 17:13:33 | DEBUG    | aiosqlite | executing functools.partial(<built-in method execute of sqlite3.Connection object at 0x10b256200>, '\n                INSERT INTO users (user_id, username, first_name, joined_at)\n                VALUES (?, ?, ?, ?)\n                ON CONFLICT(user_id) DO UPDATE SET\n                    username   = excluded.username,\n                    first_name = excluded.first_name\n            ', (7885260604, 'cd_ex', 'Anonshack', '2026-04-23T12:13:33.702961'))
2026-04-23 17:13:33 | DEBUG    | aiosqlite | operation functools.partial(<built-in method execute of sqlite3.Connection object at 0x10b256200>, '\n                INSERT INTO users (user_id, username, first_name, joined_at)\n                VALUES (?, ?, ?, ?)\n                ON CONFLICT(user_id) DO UPDATE SET\n                    username   = excluded.username,\n                    first_name = excluded.first_name\n            ', (7885260604, 'cd_ex', 'Anonshack', '2026-04-23T12:13:33.702961')) completed
2026-04-23 17:13:33 | DEBUG    | aiosqlite | executing functools.partial(<built-in method commit of sqlite3.Connection object at 0x10b256200>)
2026-04-23 17:13:33 | DEBUG    | aiosqlite | operation functools.partial(<built-in method commit of sqlite3.Connection object at 0x10b256200>) completed
2026-04-23 17:13:33 | DEBUG    | aiosqlite | executing functools.partial(<built-in method close of sqlite3.Connection object at 0x10b256200>)
2026-04-23 17:13:33 | DEBUG    | aiosqlite | operation functools.partial(<built-in method close of sqlite3.Connection object at 0x10b256200>) completed
2026-04-23 17:13:37 | DEBUG    | aiosqlite | executing <function connect.<locals>.connector at 0x10b75f6a0>
2026-04-23 17:13:37 | DEBUG    | aiosqlite | operation <function connect.<locals>.connector at 0x10b75f6a0> completed
2026-04-23 17:13:37 | DEBUG    | aiosqlite | executing functools.partial(<built-in method execute of sqlite3.Connection object at 0x10b557d30>, '\n                INSERT INTO downloads (user_id, link, media_type, status, created_at)\n                VALUES (?, ?, ?, ?, ?)\n            ', (7885260604, 'https://www.instagram.com/p/DRKRBlBDvi7/', 'video', 'ok', '2026-04-23T12:13:37.584171'))
2026-04-23 17:13:37 | DEBUG    | aiosqlite | operation functools.partial(<built-in method execute of sqlite3.Connection object at 0x10b557d30>, '\n                INSERT INTO downloads (user_id, link, media_type, status, created_at)\n                VALUES (?, ?, ?, ?, ?)\n            ', (7885260604, 'https://www.instagram.com/p/DRKRBlBDvi7/', 'video', 'ok', '2026-04-23T12:13:37.584171')) completed
2026-04-23 17:13:37 | DEBUG    | aiosqlite | executing functools.partial(<built-in method commit of sqlite3.Connection object at 0x10b557d30>)
2026-04-23 17:13:37 | DEBUG    | aiosqlite | operation functools.partial(<built-in method commit of sqlite3.Connection object at 0x10b557d30>) completed
2026-04-23 17:13:37 | DEBUG    | aiosqlite | executing functools.partial(<built-in method close of sqlite3.Connection object at 0x10b557d30>)
2026-04-23 17:13:37 | DEBUG    | aiosqlite | operation functools.partial(<built-in method close of sqlite3.Connection object at 0x10b557d30>) completed
2026-04-23 17:13:42 | DEBUG    | aiosqlite | executing <function connect.<locals>.connector at 0x10b75f6a0>
2026-04-23 17:13:42 | DEBUG    | aiosqlite | operation <function connect.<locals>.connector at 0x10b75f6a0> completed
2026-04-23 17:13:42 | DEBUG    | aiosqlite | executing functools.partial(<built-in method execute of sqlite3.Connection object at 0x10b2565c0>, '\n                INSERT INTO users (user_id, username, first_name, joined_at)\n                VALUES (?, ?, ?, ?)\n                ON CONFLICT(user_id) DO UPDATE SET\n                    username   = excluded.username,\n                    first_name = excluded.first_name\n            ', (7885260604, 'cd_ex', 'Anonshack', '2026-04-23T12:13:42.531332'))
2026-04-23 17:13:42 | DEBUG    | aiosqlite | operation functools.partial(<built-in method execute of sqlite3.Connection object at 0x10b2565c0>, '\n                INSERT INTO users (user_id, username, first_name, joined_at)\n                VALUES (?, ?, ?, ?)\n                ON CONFLICT(user_id) DO UPDATE SET\n                    username   = excluded.username,\n                    first_name = excluded.first_name\n            ', (7885260604, 'cd_ex', 'Anonshack', '2026-04-23T12:13:42.531332')) completed
2026-04-23 17:13:42 | DEBUG    | aiosqlite | executing functools.partial(<built-in method commit of sqlite3.Connection object at 0x10b2565c0>)
2026-04-23 17:13:42 | DEBUG    | aiosqlite | operation functools.partial(<built-in method commit of sqlite3.Connection object at 0x10b2565c0>) completed
2026-04-23 17:13:42 | DEBUG    | aiosqlite | executing functools.partial(<built-in method close of sqlite3.Connection object at 0x10b2565c0>)
2026-04-23 17:13:42 | DEBUG    | aiosqlite | operation functools.partial(<built-in method close of sqlite3.Connection object at 0x10b2565c0>) completed
2026-04-23 17:13:46 | DEBUG    | aiosqlite | executing <function connect.<locals>.connector at 0x10b2b2980>
2026-04-23 17:13:46 | DEBUG    | aiosqlite | operation <function connect.<locals>.connector at 0x10b2b2980> completed
2026-04-23 17:13:46 | DEBUG    | aiosqlite | executing functools.partial(<built-in method execute of sqlite3.Connection object at 0x10b6172e0>, '\n                INSERT INTO downloads (user_id, link, media_type, status, created_at)\n                VALUES (?, ?, ?, ?, ?)\n            ', (7885260604, 'https://www.instagram.com/stories/nur_bek6679/', 'video', 'ok', '2026-04-23T12:13:46.176378'))
2026-04-23 17:13:46 | DEBUG    | aiosqlite | operation functools.partial(<built-in method execute of sqlite3.Connection object at 0x10b6172e0>, '\n                INSERT INTO downloads (user_id, link, media_type, status, created_at)\n                VALUES (?, ?, ?, ?, ?)\n            ', (7885260604, 'https://www.instagram.com/stories/nur_bek6679/', 'video', 'ok', '2026-04-23T12:13:46.176378')) completed
2026-04-23 17:13:46 | DEBUG    | aiosqlite | executing functools.partial(<built-in method commit of sqlite3.Connection object at 0x10b6172e0>)
2026-04-23 17:13:46 | DEBUG    | aiosqlite | operation functools.partial(<built-in method commit of sqlite3.Connection object at 0x10b6172e0>) completed
2026-04-23 17:13:46 | DEBUG    | aiosqlite | executing functools.partial(<built-in method close of sqlite3.Connection object at 0x10b6172e0>)
2026-04-23 17:13:46 | DEBUG    | aiosqlite | operation functools.partial(<built-in method close of sqlite3.Connection object at 0x10b6172e0>) completed
2026-04-23 17:13:53 | DEBUG    | aiosqlite | executing <function connect.<locals>.connector at 0x10ba0b880>
2026-04-23 17:13:53 | DEBUG    | aiosqlite | operation <function connect.<locals>.connector at 0x10ba0b880> completed
2026-04-23 17:13:53 | DEBUG    | aiosqlite | executing functools.partial(<built-in method execute of sqlite3.Connection object at 0x10b255f30>, '\n                INSERT INTO users (user_id, username, first_name, joined_at)\n                VALUES (?, ?, ?, ?)\n                ON CONFLICT(user_id) DO UPDATE SET\n                    username   = excluded.username,\n                    first_name = excluded.first_name\n            ', (7885260604, 'cd_ex', 'Anonshack', '2026-04-23T12:13:53.524373'))
2026-04-23 17:13:53 | DEBUG    | aiosqlite | operation functools.partial(<built-in method execute of sqlite3.Connection object at 0x10b255f30>, '\n                INSERT INTO users (user_id, username, first_name, joined_at)\n                VALUES (?, ?, ?, ?)\n                ON CONFLICT(user_id) DO UPDATE SET\n                    username   = excluded.username,\n                    first_name = excluded.first_name\n            ', (7885260604, 'cd_ex', 'Anonshack', '2026-04-23T12:13:53.524373')) completed
2026-04-23 17:13:53 | DEBUG    | aiosqlite | executing functools.partial(<built-in method commit of sqlite3.Connection object at 0x10b255f30>)
2026-04-23 17:13:53 | DEBUG    | aiosqlite | operation functools.partial(<built-in method commit of sqlite3.Connection object at 0x10b255f30>) completed
2026-04-23 17:13:53 | DEBUG    | aiosqlite | executing functools.partial(<built-in method close of sqlite3.Connection object at 0x10b255f30>)
2026-04-23 17:13:53 | DEBUG    | aiosqlite | operation functools.partial(<built-in method close of sqlite3.Connection object at 0x10b255f30>) completed
2026-04-23 17:13:54 | [33mWARNING [0m | bot.services.downloader | Lokal audio ajratishda xato: Command '['ffmpeg', '-y', '-i', '/tmp/instabot/5971672ef4_00001.mp4', '-vn', '-acodec', 'libmp3lame', '-ab', '128k', '/tmp/instabot/5971672ef4_00001_audio.mp3']' returned non-zero exit status 234.
2026-04-23 17:13:55 | DEBUG    | aiosqlite | executing <function connect.<locals>.connector at 0x10bd525c0>
2026-04-23 17:13:55 | DEBUG    | aiosqlite | operation <function connect.<locals>.connector at 0x10bd525c0> completed
2026-04-23 17:13:55 | DEBUG    | aiosqlite | executing functools.partial(<built-in method execute of sqlite3.Connection object at 0x10b616d40>, '\n                INSERT INTO downloads (user_id, link, media_type, status, created_at)\n                VALUES (?, ?, ?, ?, ?)\n            ', (7885260604, 'https://www.instagram.com/p/DTm0UdwCFPx/', 'video', 'ok', '2026-04-23T12:13:55.614097'))
2026-04-23 17:13:55 | DEBUG    | aiosqlite | operation functools.partial(<built-in method execute of sqlite3.Connection object at 0x10b616d40>, '\n                INSERT INTO downloads (user_id, link, media_type, status, created_at)\n                VALUES (?, ?, ?, ?, ?)\n            ', (7885260604, 'https://www.instagram.com/p/DTm0UdwCFPx/', 'video', 'ok', '2026-04-23T12:13:55.614097')) completed
2026-04-23 17:13:55 | DEBUG    | aiosqlite | executing functools.partial(<built-in method commit of sqlite3.Connection object at 0x10b616d40>)
2026-04-23 17:13:55 | DEBUG    | aiosqlite | operation functools.partial(<built-in method commit of sqlite3.Connection object at 0x10b616d40>) completed
2026-04-23 17:13:55 | DEBUG    | aiosqlite | executing functools.partial(<built-in method close of sqlite3.Connection object at 0x10b616d40>)
2026-04-23 17:13:55 | DEBUG    | aiosqlite | operation functools.partial(<built-in method close of sqlite3.Connection object at 0x10b616d40>) completed
2026-04-23 17:14:10 | DEBUG    | aiosqlite | executing <function connect.<locals>.connector at 0x10bd502c0>
2026-04-23 17:14:10 | DEBUG    | aiosqlite | operation <function connect.<locals>.connector at 0x10bd502c0> completed
2026-04-23 17:14:10 | DEBUG    | aiosqlite | executing functools.partial(<built-in method execute of sqlite3.Connection object at 0x10b6162f0>, '\n                INSERT INTO users (user_id, username, first_name, joined_at)\n                VALUES (?, ?, ?, ?)\n                ON CONFLICT(user_id) DO UPDATE SET\n                    username   = excluded.username,\n                    first_name = excluded.first_name\n            ', (7885260604, 'cd_ex', 'Anonshack', '2026-04-23T12:14:10.942563'))
2026-04-23 17:14:10 | DEBUG    | aiosqlite | operation functools.partial(<built-in method execute of sqlite3.Connection object at 0x10b6162f0>, '\n                INSERT INTO users (user_id, username, first_name, joined_at)\n                VALUES (?, ?, ?, ?)\n                ON CONFLICT(user_id) DO UPDATE SET\n                    username   = excluded.username,\n                    first_name = excluded.first_name\n            ', (7885260604, 'cd_ex', 'Anonshack', '2026-04-23T12:14:10.942563')) completed
2026-04-23 17:14:10 | DEBUG    | aiosqlite | executing functools.partial(<built-in method commit of sqlite3.Connection object at 0x10b6162f0>)
2026-04-23 17:14:10 | DEBUG    | aiosqlite | operation functools.partial(<built-in method commit of sqlite3.Connection object at 0x10b6162f0>) completed
2026-04-23 17:14:10 | DEBUG    | aiosqlite | executing functools.partial(<built-in method close of sqlite3.Connection object at 0x10b6162f0>)
2026-04-23 17:14:10 | DEBUG    | aiosqlite | operation functools.partial(<built-in method close of sqlite3.Connection object at 0x10b6162f0>) completed
2026-04-23 17:14:12 | [33mWARNING [0m | bot.services.downloader | Lokal audio ajratishda xato: Command '['ffmpeg', '-y', '-i', '/tmp/instabot/36b8c7edf4_00001.mp4', '-vn', '-acodec', 'libmp3lame', '-ab', '128k', '/tmp/instabot/36b8c7edf4_00001_audio.mp3']' returned non-zero exit status 234.
2026-04-23 17:14:14 | DEBUG    | aiosqlite | executing <function connect.<locals>.connector at 0x10bd53240>
2026-04-23 17:14:14 | DEBUG    | aiosqlite | operation <function connect.<locals>.connector at 0x10bd53240> completed
2026-04-23 17:14:14 | DEBUG    | aiosqlite | executing functools.partial(<built-in method execute of sqlite3.Connection object at 0x10b555e40>, '\n                INSERT INTO downloads (user_id, link, media_type, status, created_at)\n                VALUES (?, ?, ?, ?, ?)\n            ', (7885260604, 'https://www.instagram.com/p/DTm0UdwCFPx/', 'video', 'ok', '2026-04-23T12:14:14.177685'))
2026-04-23 17:14:14 | DEBUG    | aiosqlite | operation functools.partial(<built-in method execute of sqlite3.Connection object at 0x10b555e40>, '\n                INSERT INTO downloads (user_id, link, media_type, status, created_at)\n                VALUES (?, ?, ?, ?, ?)\n            ', (7885260604, 'https://www.instagram.com/p/DTm0UdwCFPx/', 'video', 'ok', '2026-04-23T12:14:14.177685')) completed
2026-04-23 17:14:14 | DEBUG    | aiosqlite | executing functools.partial(<built-in method commit of sqlite3.Connection object at 0x10b555e40>)
2026-04-23 17:14:14 | DEBUG    | aiosqlite | operation functools.partial(<built-in method commit of sqlite3.Connection object at 0x10b555e40>) completed
2026-04-23 17:14:14 | DEBUG    | aiosqlite | executing functools.partial(<built-in method close of sqlite3.Connection object at 0x10b555e40>)
2026-04-23 17:14:14 | DEBUG    | aiosqlite | operation functools.partial(<built-in method close of sqlite3.Connection object at 0x10b555e40>) completed
2026-04-23 17:14:21 | DEBUG    | aiosqlite | executing <function connect.<locals>.connector at 0x10bd52de0>
2026-04-23 17:14:21 | DEBUG    | aiosqlite | operation <function connect.<locals>.connector at 0x10bd52de0> completed
2026-04-23 17:14:21 | DEBUG    | aiosqlite | executing functools.partial(<built-in method execute of sqlite3.Connection object at 0x10b6163e0>, '\n                INSERT INTO users (user_id, username, first_name, joined_at)\n                VALUES (?, ?, ?, ?)\n                ON CONFLICT(user_id) DO UPDATE SET\n                    username   = excluded.username,\n                    first_name = excluded.first_name\n            ', (7885260604, 'cd_ex', 'Anonshack', '2026-04-23T12:14:21.470033'))
2026-04-23 17:14:21 | DEBUG    | aiosqlite | operation functools.partial(<built-in method execute of sqlite3.Connection object at 0x10b6163e0>, '\n                INSERT INTO users (user_id, username, first_name, joined_at)\n                VALUES (?, ?, ?, ?)\n                ON CONFLICT(user_id) DO UPDATE SET\n                    username   = excluded.username,\n                    first_name = excluded.first_name\n            ', (7885260604, 'cd_ex', 'Anonshack', '2026-04-23T12:14:21.470033')) completed
2026-04-23 17:14:21 | DEBUG    | aiosqlite | executing functools.partial(<built-in method commit of sqlite3.Connection object at 0x10b6163e0>)
2026-04-23 17:14:21 | DEBUG    | aiosqlite | operation functools.partial(<built-in method commit of sqlite3.Connection object at 0x10b6163e0>) completed
2026-04-23 17:14:21 | DEBUG    | aiosqlite | executing functools.partial(<built-in method close of sqlite3.Connection object at 0x10b6163e0>)
2026-04-23 17:14:21 | DEBUG    | aiosqlite | operation functools.partial(<built-in method close of sqlite3.Connection object at 0x10b6163e0>) completed
2026-04-23 17:14:22 | DEBUG    | aiosqlite | executing <function connect.<locals>.connector at 0x10bd53740>
2026-04-23 17:14:22 | DEBUG    | aiosqlite | operation <function connect.<locals>.connector at 0x10bd53740> completed
2026-04-23 17:14:22 | DEBUG    | aiosqlite | executing functools.partial(<built-in method execute of sqlite3.Connection object at 0x10bd7aa70>, '\n                INSERT INTO downloads (user_id, link, media_type, status, created_at)\n                VALUES (?, ?, ?, ?, ?)\n            ', (7885260604, 'https://www.instagram.com/p/DO_leS1CKTs/', 'unknown', 'failed', '2026-04-23T12:14:22.317255'))
2026-04-23 17:14:22 | DEBUG    | aiosqlite | operation functools.partial(<built-in method execute of sqlite3.Connection object at 0x10bd7aa70>, '\n                INSERT INTO downloads (user_id, link, media_type, status, created_at)\n                VALUES (?, ?, ?, ?, ?)\n            ', (7885260604, 'https://www.instagram.com/p/DO_leS1CKTs/', 'unknown', 'failed', '2026-04-23T12:14:22.317255')) completed
2026-04-23 17:14:22 | DEBUG    | aiosqlite | executing functools.partial(<built-in method commit of sqlite3.Connection object at 0x10bd7aa70>)
2026-04-23 17:14:22 | DEBUG    | aiosqlite | operation functools.partial(<built-in method commit of sqlite3.Connection object at 0x10bd7aa70>) completed
2026-04-23 17:14:22 | DEBUG    | aiosqlite | executing functools.partial(<built-in method close of sqlite3.Connection object at 0x10bd7aa70>)
2026-04-23 17:14:22 | DEBUG    | aiosqlite | operation functools.partial(<built-in method close of sqlite3.Connection object at 0x10bd7aa70>) completed
2026-04-23 17:14:42 | DEBUG    | aiosqlite | executing <function connect.<locals>.connector at 0x10bd50e00>
2026-04-23 17:14:42 | DEBUG    | aiosqlite | operation <function connect.<locals>.connector at 0x10bd50e00> completed
2026-04-23 17:14:42 | DEBUG    | aiosqlite | executing functools.partial(<built-in method execute of sqlite3.Connection object at 0x10b616980>, '\n                INSERT INTO users (user_id, username, first_name, joined_at)\n                VALUES (?, ?, ?, ?)\n                ON CONFLICT(user_id) DO UPDATE SET\n                    username   = excluded.username,\n                    first_name = excluded.first_name\n            ', (7885260604, 'cd_ex', 'Anonshack', '2026-04-23T12:14:42.760569'))
2026-04-23 17:14:42 | DEBUG    | aiosqlite | operation functools.partial(<built-in method execute of sqlite3.Connection object at 0x10b616980>, '\n                INSERT INTO users (user_id, username, first_name, joined_at)\n                VALUES (?, ?, ?, ?)\n                ON CONFLICT(user_id) DO UPDATE SET\n                    username   = excluded.username,\n                    first_name = excluded.first_name\n            ', (7885260604, 'cd_ex', 'Anonshack', '2026-04-23T12:14:42.760569')) completed
2026-04-23 17:14:42 | DEBUG    | aiosqlite | executing functools.partial(<built-in method commit of sqlite3.Connection object at 0x10b616980>)
2026-04-23 17:14:42 | DEBUG    | aiosqlite | operation functools.partial(<built-in method commit of sqlite3.Connection object at 0x10b616980>) completed
2026-04-23 17:14:42 | DEBUG    | aiosqlite | executing functools.partial(<built-in method close of sqlite3.Connection object at 0x10b616980>)
2026-04-23 17:14:42 | DEBUG    | aiosqlite | operation functools.partial(<built-in method close of sqlite3.Connection object at 0x10b616980>) completed
2026-04-23 17:14:56 | [33mWARNING [0m | bot.services.downloader | Lokal audio ajratishda xato: Command '['ffmpeg', '-y', '-i', '/tmp/instabot/0de46dacb1_00006.mp4', '-vn', '-acodec', 'libmp3lame', '-ab', '128k', '/tmp/instabot/0de46dacb1_00006_audio.mp3']' returned non-zero exit status 234.
2026-04-23 17:15:01 | DEBUG    | aiosqlite | executing <function connect.<locals>.connector at 0x110051300>
2026-04-23 17:15:01 | DEBUG    | aiosqlite | operation <function connect.<locals>.connector at 0x110051300> completed
2026-04-23 17:15:01 | DEBUG    | aiosqlite | executing functools.partial(<built-in method execute of sqlite3.Connection object at 0x10b4f2200>, '\n                INSERT INTO downloads (user_id, link, media_type, status, created_at)\n                VALUES (?, ?, ?, ?, ?)\n            ', (7885260604, 'https://www.instagram.com/stories/highlights/18097180672684620/', 'carousel', 'ok', '2026-04-23T12:15:01.867732'))
2026-04-23 17:15:01 | DEBUG    | aiosqlite | operation functools.partial(<built-in method execute of sqlite3.Connection object at 0x10b4f2200>, '\n                INSERT INTO downloads (user_id, link, media_type, status, created_at)\n                VALUES (?, ?, ?, ?, ?)\n            ', (7885260604, 'https://www.instagram.com/stories/highlights/18097180672684620/', 'carousel', 'ok', '2026-04-23T12:15:01.867732')) completed
2026-04-23 17:15:01 | DEBUG    | aiosqlite | executing functools.partial(<built-in method commit of sqlite3.Connection object at 0x10b4f2200>)
2026-04-23 17:15:01 | DEBUG    | aiosqlite | operation functools.partial(<built-in method commit of sqlite3.Connection object at 0x10b4f2200>) completed
2026-04-23 17:15:01 | DEBUG    | aiosqlite | executing functools.partial(<built-in method close of sqlite3.Connection object at 0x10b4f2200>)
2026-04-23 17:15:01 | DEBUG    | aiosqlite | operation functools.partial(<built-in method close of sqlite3.Connection object at 0x10b4f2200>) completed
2026-04-23 17:16:11 | DEBUG    | aiosqlite | executing <function connect.<locals>.connector at 0x110053060>
2026-04-23 17:16:11 | DEBUG    | aiosqlite | operation <function connect.<locals>.connector at 0x110053060> completed
2026-04-23 17:16:11 | DEBUG    | aiosqlite | executing functools.partial(<built-in method execute of sqlite3.Connection object at 0x10b6167a0>, '\n                INSERT INTO users (user_id, username, first_name, joined_at)\n                VALUES (?, ?, ?, ?)\n                ON CONFLICT(user_id) DO UPDATE SET\n                    username   = excluded.username,\n                    first_name = excluded.first_name\n            ', (8547738683, 'geodev_at', 'Kudratbekh', '2026-04-23T12:16:11.043145'))
2026-04-23 17:16:11 | DEBUG    | aiosqlite | operation functools.partial(<built-in method execute of sqlite3.Connection object at 0x10b6167a0>, '\n                INSERT INTO users (user_id, username, first_name, joined_at)\n                VALUES (?, ?, ?, ?)\n                ON CONFLICT(user_id) DO UPDATE SET\n                    username   = excluded.username,\n                    first_name = excluded.first_name\n            ', (8547738683, 'geodev_at', 'Kudratbekh', '2026-04-23T12:16:11.043145')) completed
2026-04-23 17:16:11 | DEBUG    | aiosqlite | executing functools.partial(<built-in method commit of sqlite3.Connection object at 0x10b6167a0>)
2026-04-23 17:16:11 | DEBUG    | aiosqlite | operation functools.partial(<built-in method commit of sqlite3.Connection object at 0x10b6167a0>) completed
2026-04-23 17:16:11 | DEBUG    | aiosqlite | executing functools.partial(<built-in method close of sqlite3.Connection object at 0x10b6167a0>)
2026-04-23 17:16:11 | DEBUG    | aiosqlite | operation functools.partial(<built-in method close of sqlite3.Connection object at 0x10b6167a0>) completed
2026-04-23 17:16:17 | [33mWARNING [0m | bot.services.downloader | Lokal audio ajratishda xato: Command '['ffmpeg', '-y', '-i', '/tmp/instabot/22733797f9_00006.mp4', '-vn', '-acodec', 'libmp3lame', '-ab', '128k', '/tmp/instabot/22733797f9_00006_audio.mp3']' returned non-zero exit status 234.
2026-04-23 17:16:22 | DEBUG    | aiosqlite | executing <function connect.<locals>.connector at 0x10a503a60>
2026-04-23 17:16:22 | DEBUG    | aiosqlite | operation <function connect.<locals>.connector at 0x10a503a60> completed
2026-04-23 17:16:22 | DEBUG    | aiosqlite | executing functools.partial(<built-in method execute of sqlite3.Connection object at 0x1103356c0>, '\n                INSERT INTO downloads (user_id, link, media_type, status, created_at)\n                VALUES (?, ?, ?, ?, ?)\n            ', (8547738683, 'https://www.instagram.com/stories/highlights/18097180672684620/', 'carousel', 'ok', '2026-04-23T12:16:22.596534'))
2026-04-23 17:16:22 | DEBUG    | aiosqlite | operation functools.partial(<built-in method execute of sqlite3.Connection object at 0x1103356c0>, '\n                INSERT INTO downloads (user_id, link, media_type, status, created_at)\n                VALUES (?, ?, ?, ?, ?)\n            ', (8547738683, 'https://www.instagram.com/stories/highlights/18097180672684620/', 'carousel', 'ok', '2026-04-23T12:16:22.596534')) completed
2026-04-23 17:16:22 | DEBUG    | aiosqlite | executing functools.partial(<built-in method commit of sqlite3.Connection object at 0x1103356c0>)
2026-04-23 17:16:22 | DEBUG    | aiosqlite | operation functools.partial(<built-in method commit of sqlite3.Connection object at 0x1103356c0>) completed
2026-04-23 17:16:22 | DEBUG    | aiosqlite | executing functools.partial(<built-in method close of sqlite3.Connection object at 0x1103356c0>)
2026-04-23 17:16:22 | DEBUG    | aiosqlite | operation functools.partial(<built-in method close of sqlite3.Connection object at 0x1103356c0>) completed
2026-04-23 17:20:20 | [33mWARNING [0m | aiogram.dispatcher | Received SIGINT signal
2026-04-23 17:20:20 | [32mINFO    [0m | __main__ | 🧹  Cleaning up temp files…
2026-04-23 17:20:20 | [32mINFO    [0m | __main__ | 👋  Bot stopped cleanly.
2026-04-23 17:20:22 | [32mINFO    [0m | bot.utils.logger | 📝  Logging initialised → logs/bot.log
2026-04-23 17:20:22 | DEBUG    | aiosqlite | executing <function connect.<locals>.connector at 0x10b435ee0>
2026-04-23 17:20:22 | DEBUG    | aiosqlite | operation <function connect.<locals>.connector at 0x10b435ee0> completed
2026-04-23 17:20:22 | DEBUG    | aiosqlite | executing functools.partial(<built-in method executescript of sqlite3.Connection object at 0x10b3d94e0>, "\n                CREATE TABLE IF NOT EXISTS users (\n                    user_id     INTEGER PRIMARY KEY,\n                    username    TEXT,\n                    first_name  TEXT,\n                    joined_at   TEXT NOT NULL\n                );\n\n                CREATE TABLE IF NOT EXISTS downloads (\n                    id          INTEGER PRIMARY KEY AUTOINCREMENT,\n                    user_id     INTEGER NOT NULL,\n                    link        TEXT NOT NULL,\n                    media_type  TEXT,            -- 'video' | 'image' | 'carousel'\n                    status      TEXT DEFAULT 'ok', -- 'ok' | 'failed'\n                    created_at  TEXT NOT NULL,\n                    FOREIGN KEY (user_id) REFERENCES users(user_id)\n                );\n            ")
2026-04-23 17:20:22 | DEBUG    | aiosqlite | operation functools.partial(<built-in method executescript of sqlite3.Connection object at 0x10b3d94e0>, "\n                CREATE TABLE IF NOT EXISTS users (\n                    user_id     INTEGER PRIMARY KEY,\n                    username    TEXT,\n                    first_name  TEXT,\n                    joined_at   TEXT NOT NULL\n                );\n\n                CREATE TABLE IF NOT EXISTS downloads (\n                    id          INTEGER PRIMARY KEY AUTOINCREMENT,\n                    user_id     INTEGER NOT NULL,\n                    link        TEXT NOT NULL,\n                    media_type  TEXT,            -- 'video' | 'image' | 'carousel'\n                    status      TEXT DEFAULT 'ok', -- 'ok' | 'failed'\n                    created_at  TEXT NOT NULL,\n                    FOREIGN KEY (user_id) REFERENCES users(user_id)\n                );\n            ") completed
2026-04-23 17:20:22 | DEBUG    | aiosqlite | executing functools.partial(<built-in method commit of sqlite3.Connection object at 0x10b3d94e0>)
2026-04-23 17:20:22 | DEBUG    | aiosqlite | operation functools.partial(<built-in method commit of sqlite3.Connection object at 0x10b3d94e0>) completed
2026-04-23 17:20:22 | DEBUG    | aiosqlite | executing functools.partial(<built-in method close of sqlite3.Connection object at 0x10b3d94e0>)
2026-04-23 17:20:22 | DEBUG    | aiosqlite | operation functools.partial(<built-in method close of sqlite3.Connection object at 0x10b3d94e0>) completed
2026-04-23 17:20:22 | [32mINFO    [0m | database.db | ✅  Database ready at database/bot.db
2026-04-23 17:20:23 | [32mINFO    [0m | __main__ | 🚀  Bot started: @instagram_post7_bot  (id=8668012956)
2026-04-23 17:20:23 | [32mINFO    [0m | __main__ | ⚡  Polling started. Press Ctrl+C to stop.
2026-04-23 17:20:32 | DEBUG    | aiosqlite | executing <function connect.<locals>.connector at 0x10b45d580>
2026-04-23 17:20:32 | DEBUG    | aiosqlite | operation <function connect.<locals>.connector at 0x10b45d580> completed
2026-04-23 17:20:32 | DEBUG    | aiosqlite | executing functools.partial(<built-in method execute of sqlite3.Connection object at 0x10b3da200>, '\n                INSERT INTO users (user_id, username, first_name, joined_at)\n                VALUES (?, ?, ?, ?)\n                ON CONFLICT(user_id) DO UPDATE SET\n                    username   = excluded.username,\n                    first_name = excluded.first_name\n            ', (7885260604, 'cd_ex', 'Anonshack', '2026-04-23T12:20:32.841203'))
2026-04-23 17:20:32 | DEBUG    | aiosqlite | operation functools.partial(<built-in method execute of sqlite3.Connection object at 0x10b3da200>, '\n                INSERT INTO users (user_id, username, first_name, joined_at)\n                VALUES (?, ?, ?, ?)\n                ON CONFLICT(user_id) DO UPDATE SET\n                    username   = excluded.username,\n                    first_name = excluded.first_name\n            ', (7885260604, 'cd_ex', 'Anonshack', '2026-04-23T12:20:32.841203')) completed
2026-04-23 17:20:32 | DEBUG    | aiosqlite | executing functools.partial(<built-in method commit of sqlite3.Connection object at 0x10b3da200>)
2026-04-23 17:20:32 | DEBUG    | aiosqlite | operation functools.partial(<built-in method commit of sqlite3.Connection object at 0x10b3da200>) completed
2026-04-23 17:20:32 | DEBUG    | aiosqlite | executing functools.partial(<built-in method close of sqlite3.Connection object at 0x10b3da200>)
2026-04-23 17:20:32 | DEBUG    | aiosqlite | operation functools.partial(<built-in method close of sqlite3.Connection object at 0x10b3da200>) completed
2026-04-23 17:20:44 | DEBUG    | aiosqlite | executing <function connect.<locals>.connector at 0x10b8ef4c0>
2026-04-23 17:20:44 | DEBUG    | aiosqlite | operation <function connect.<locals>.connector at 0x10b8ef4c0> completed
2026-04-23 17:20:44 | DEBUG    | aiosqlite | executing functools.partial(<built-in method execute of sqlite3.Connection object at 0x10b3da980>, '\n                INSERT INTO downloads (user_id, link, media_type, status, created_at)\n                VALUES (?, ?, ?, ?, ?)\n            ', (7885260604, 'https://www.instagram.com/stories/highlights/18097180672684620/', 'mixed', 'ok', '2026-04-23T12:20:44.249809'))
2026-04-23 17:20:44 | DEBUG    | aiosqlite | operation functools.partial(<built-in method execute of sqlite3.Connection object at 0x10b3da980>, '\n                INSERT INTO downloads (user_id, link, media_type, status, created_at)\n                VALUES (?, ?, ?, ?, ?)\n            ', (7885260604, 'https://www.instagram.com/stories/highlights/18097180672684620/', 'mixed', 'ok', '2026-04-23T12:20:44.249809')) completed
2026-04-23 17:20:44 | DEBUG    | aiosqlite | executing functools.partial(<built-in method commit of sqlite3.Connection object at 0x10b3da980>)
2026-04-23 17:20:44 | DEBUG    | aiosqlite | operation functools.partial(<built-in method commit of sqlite3.Connection object at 0x10b3da980>) completed
2026-04-23 17:20:44 | DEBUG    | aiosqlite | executing functools.partial(<built-in method close of sqlite3.Connection object at 0x10b3da980>)
2026-04-23 17:20:44 | DEBUG    | aiosqlite | operation functools.partial(<built-in method close of sqlite3.Connection object at 0x10b3da980>) completed
2026-04-23 17:21:06 | DEBUG    | aiosqlite | executing <function connect.<locals>.connector at 0x10bbacae0>
2026-04-23 17:21:06 | DEBUG    | aiosqlite | operation <function connect.<locals>.connector at 0x10bbacae0> completed
2026-04-23 17:21:06 | DEBUG    | aiosqlite | executing functools.partial(<built-in method execute of sqlite3.Connection object at 0x10b3da980>, '\n                INSERT INTO users (user_id, username, first_name, joined_at)\n                VALUES (?, ?, ?, ?)\n                ON CONFLICT(user_id) DO UPDATE SET\n                    username   = excluded.username,\n                    first_name = excluded.first_name\n            ', (7885260604, 'cd_ex', 'Anonshack', '2026-04-23T12:21:06.391856'))
2026-04-23 17:21:06 | DEBUG    | aiosqlite | operation functools.partial(<built-in method execute of sqlite3.Connection object at 0x10b3da980>, '\n                INSERT INTO users (user_id, username, first_name, joined_at)\n                VALUES (?, ?, ?, ?)\n                ON CONFLICT(user_id) DO UPDATE SET\n                    username   = excluded.username,\n                    first_name = excluded.first_name\n            ', (7885260604, 'cd_ex', 'Anonshack', '2026-04-23T12:21:06.391856')) completed
2026-04-23 17:21:06 | DEBUG    | aiosqlite | executing functools.partial(<built-in method commit of sqlite3.Connection object at 0x10b3da980>)
2026-04-23 17:21:06 | DEBUG    | aiosqlite | operation functools.partial(<built-in method commit of sqlite3.Connection object at 0x10b3da980>) completed
2026-04-23 17:21:06 | DEBUG    | aiosqlite | executing functools.partial(<built-in method close of sqlite3.Connection object at 0x10b3da980>)
2026-04-23 17:21:06 | DEBUG    | aiosqlite | operation functools.partial(<built-in method close of sqlite3.Connection object at 0x10b3da980>) completed
2026-04-23 17:21:09 | DEBUG    | aiosqlite | executing <function connect.<locals>.connector at 0x10b4363e0>
2026-04-23 17:21:09 | DEBUG    | aiosqlite | operation <function connect.<locals>.connector at 0x10b4363e0> completed
2026-04-23 17:21:09 | DEBUG    | aiosqlite | executing functools.partial(<built-in method execute of sqlite3.Connection object at 0x10b3dbe20>, '\n                INSERT INTO downloads (user_id, link, media_type, status, created_at)\n                VALUES (?, ?, ?, ?, ?)\n            ', (7885260604, 'https://www.instagram.com/p/DTm0UdwCFPx/', 'mixed', 'ok', '2026-04-23T12:21:09.432047'))
2026-04-23 17:21:09 | DEBUG    | aiosqlite | operation functools.partial(<built-in method execute of sqlite3.Connection object at 0x10b3dbe20>, '\n                INSERT INTO downloads (user_id, link, media_type, status, created_at)\n                VALUES (?, ?, ?, ?, ?)\n            ', (7885260604, 'https://www.instagram.com/p/DTm0UdwCFPx/', 'mixed', 'ok', '2026-04-23T12:21:09.432047')) completed
2026-04-23 17:21:09 | DEBUG    | aiosqlite | executing functools.partial(<built-in method commit of sqlite3.Connection object at 0x10b3dbe20>)
2026-04-23 17:21:09 | DEBUG    | aiosqlite | operation functools.partial(<built-in method commit of sqlite3.Connection object at 0x10b3dbe20>) completed
2026-04-23 17:21:09 | DEBUG    | aiosqlite | executing functools.partial(<built-in method close of sqlite3.Connection object at 0x10b3dbe20>)
2026-04-23 17:21:09 | DEBUG    | aiosqlite | operation functools.partial(<built-in method close of sqlite3.Connection object at 0x10b3dbe20>) completed
2026-04-23 17:23:56 | DEBUG    | aiosqlite | executing <function connect.<locals>.connector at 0x10bbb0cc0>
2026-04-23 17:23:56 | DEBUG    | aiosqlite | operation <function connect.<locals>.connector at 0x10bbb0cc0> completed
2026-04-23 17:23:56 | DEBUG    | aiosqlite | executing functools.partial(<built-in method execute of sqlite3.Connection object at 0x10b3da200>, '\n                INSERT INTO users (user_id, username, first_name, joined_at)\n                VALUES (?, ?, ?, ?)\n                ON CONFLICT(user_id) DO UPDATE SET\n                    username   = excluded.username,\n                    first_name = excluded.first_name\n            ', (7885260604, 'cd_ex', 'Anonshack', '2026-04-23T12:23:56.383710'))
2026-04-23 17:23:56 | DEBUG    | aiosqlite | operation functools.partial(<built-in method execute of sqlite3.Connection object at 0x10b3da200>, '\n                INSERT INTO users (user_id, username, first_name, joined_at)\n                VALUES (?, ?, ?, ?)\n                ON CONFLICT(user_id) DO UPDATE SET\n                    username   = excluded.username,\n                    first_name = excluded.first_name\n            ', (7885260604, 'cd_ex', 'Anonshack', '2026-04-23T12:23:56.383710')) completed
2026-04-23 17:23:56 | DEBUG    | aiosqlite | executing functools.partial(<built-in method commit of sqlite3.Connection object at 0x10b3da200>)
2026-04-23 17:23:56 | DEBUG    | aiosqlite | operation functools.partial(<built-in method commit of sqlite3.Connection object at 0x10b3da200>) completed
2026-04-23 17:23:56 | DEBUG    | aiosqlite | executing functools.partial(<built-in method close of sqlite3.Connection object at 0x10b3da200>)
2026-04-23 17:23:56 | DEBUG    | aiosqlite | operation functools.partial(<built-in method close of sqlite3.Connection object at 0x10b3da200>) completed
2026-04-23 17:23:58 | DEBUG    | aiosqlite | executing <function connect.<locals>.connector at 0x10bbb18a0>
2026-04-23 17:23:58 | DEBUG    | aiosqlite | operation <function connect.<locals>.connector at 0x10bbb18a0> completed
2026-04-23 17:23:58 | DEBUG    | aiosqlite | executing functools.partial(<built-in method execute of sqlite3.Connection object at 0x10b6d7a60>, '\n                INSERT INTO downloads (user_id, link, media_type, status, created_at)\n                VALUES (?, ?, ?, ?, ?)\n            ', (7885260604, 'https://www.instagram.com/stories/highlights/18069579247479616/', 'unknown', 'failed', '2026-04-23T12:23:58.943392'))
2026-04-23 17:23:58 | DEBUG    | aiosqlite | operation functools.partial(<built-in method execute of sqlite3.Connection object at 0x10b6d7a60>, '\n                INSERT INTO downloads (user_id, link, media_type, status, created_at)\n                VALUES (?, ?, ?, ?, ?)\n            ', (7885260604, 'https://www.instagram.com/stories/highlights/18069579247479616/', 'unknown', 'failed', '2026-04-23T12:23:58.943392')) completed
2026-04-23 17:23:58 | DEBUG    | aiosqlite | executing functools.partial(<built-in method commit of sqlite3.Connection object at 0x10b6d7a60>)
2026-04-23 17:23:58 | DEBUG    | aiosqlite | operation functools.partial(<built-in method commit of sqlite3.Connection object at 0x10b6d7a60>) completed
2026-04-23 17:23:58 | DEBUG    | aiosqlite | executing functools.partial(<built-in method close of sqlite3.Connection object at 0x10b6d7a60>)
2026-04-23 17:23:58 | DEBUG    | aiosqlite | operation functools.partial(<built-in method close of sqlite3.Connection object at 0x10b6d7a60>) completed
2026-04-23 17:30:23 | DEBUG    | __main__ | 🧹  Periodic cleanup done.
2026-04-23 17:30:39 | [33mWARNING [0m | aiogram.dispatcher | Received SIGINT signal
2026-04-23 17:30:40 | [32mINFO    [0m | __main__ | 🧹  Cleaning up temp files…
2026-04-23 17:30:40 | [32mINFO    [0m | __main__ | 👋  Bot stopped cleanly.
2026-04-23 17:30:42 | [32mINFO    [0m | bot.utils.logger | 📝  Logging initialised → logs/bot.log
2026-04-23 17:30:42 | DEBUG    | aiosqlite | executing <function connect.<locals>.connector at 0x10c0da5c0>
2026-04-23 17:30:42 | DEBUG    | aiosqlite | operation <function connect.<locals>.connector at 0x10c0da5c0> completed
2026-04-23 17:30:42 | DEBUG    | aiosqlite | executing functools.partial(<built-in method executescript of sqlite3.Connection object at 0x10c0854e0>, "\n                CREATE TABLE IF NOT EXISTS users (\n                    user_id     INTEGER PRIMARY KEY,\n                    username    TEXT,\n                    first_name  TEXT,\n                    joined_at   TEXT NOT NULL\n                );\n\n                CREATE TABLE IF NOT EXISTS downloads (\n                    id          INTEGER PRIMARY KEY AUTOINCREMENT,\n                    user_id     INTEGER NOT NULL,\n                    link        TEXT NOT NULL,\n                    media_type  TEXT,            -- 'video' | 'image' | 'carousel'\n                    status      TEXT DEFAULT 'ok', -- 'ok' | 'failed'\n                    created_at  TEXT NOT NULL,\n                    FOREIGN KEY (user_id) REFERENCES users(user_id)\n                );\n            ")
2026-04-23 17:30:42 | DEBUG    | aiosqlite | operation functools.partial(<built-in method executescript of sqlite3.Connection object at 0x10c0854e0>, "\n                CREATE TABLE IF NOT EXISTS users (\n                    user_id     INTEGER PRIMARY KEY,\n                    username    TEXT,\n                    first_name  TEXT,\n                    joined_at   TEXT NOT NULL\n                );\n\n                CREATE TABLE IF NOT EXISTS downloads (\n                    id          INTEGER PRIMARY KEY AUTOINCREMENT,\n                    user_id     INTEGER NOT NULL,\n                    link        TEXT NOT NULL,\n                    media_type  TEXT,            -- 'video' | 'image' | 'carousel'\n                    status      TEXT DEFAULT 'ok', -- 'ok' | 'failed'\n                    created_at  TEXT NOT NULL,\n                    FOREIGN KEY (user_id) REFERENCES users(user_id)\n                );\n            ") completed
2026-04-23 17:30:42 | DEBUG    | aiosqlite | executing functools.partial(<built-in method commit of sqlite3.Connection object at 0x10c0854e0>)
2026-04-23 17:30:42 | DEBUG    | aiosqlite | operation functools.partial(<built-in method commit of sqlite3.Connection object at 0x10c0854e0>) completed
2026-04-23 17:30:42 | DEBUG    | aiosqlite | executing functools.partial(<built-in method close of sqlite3.Connection object at 0x10c0854e0>)
2026-04-23 17:30:42 | DEBUG    | aiosqlite | operation functools.partial(<built-in method close of sqlite3.Connection object at 0x10c0854e0>) completed
2026-04-23 17:30:42 | [32mINFO    [0m | database.db | ✅  Database ready at database/bot.db
2026-04-23 17:30:43 | [32mINFO    [0m | __main__ | 🚀  Bot started: @instagram_post7_bot  (id=8668012956)
2026-04-23 17:30:43 | [32mINFO    [0m | __main__ | ⚡  Polling started. Press Ctrl+C to stop.
2026-04-23 17:31:00 | DEBUG    | aiosqlite | executing <function connect.<locals>.connector at 0x10c105c60>
2026-04-23 17:31:00 | DEBUG    | aiosqlite | operation <function connect.<locals>.connector at 0x10c105c60> completed
2026-04-23 17:31:00 | DEBUG    | aiosqlite | executing functools.partial(<built-in method execute of sqlite3.Connection object at 0x10c0866b0>, '\n                INSERT INTO users (user_id, username, first_name, joined_at)\n                VALUES (?, ?, ?, ?)\n                ON CONFLICT(user_id) DO UPDATE SET\n                    username   = excluded.username,\n                    first_name = excluded.first_name\n            ', (7885260604, 'cd_ex', 'Anonshack', '2026-04-23T12:31:00.508221'))
2026-04-23 17:31:00 | DEBUG    | aiosqlite | operation functools.partial(<built-in method execute of sqlite3.Connection object at 0x10c0866b0>, '\n                INSERT INTO users (user_id, username, first_name, joined_at)\n                VALUES (?, ?, ?, ?)\n                ON CONFLICT(user_id) DO UPDATE SET\n                    username   = excluded.username,\n                    first_name = excluded.first_name\n            ', (7885260604, 'cd_ex', 'Anonshack', '2026-04-23T12:31:00.508221')) completed
2026-04-23 17:31:00 | DEBUG    | aiosqlite | executing functools.partial(<built-in method commit of sqlite3.Connection object at 0x10c0866b0>)
2026-04-23 17:31:00 | DEBUG    | aiosqlite | operation functools.partial(<built-in method commit of sqlite3.Connection object at 0x10c0866b0>) completed
2026-04-23 17:31:00 | DEBUG    | aiosqlite | executing functools.partial(<built-in method close of sqlite3.Connection object at 0x10c0866b0>)
2026-04-23 17:31:00 | DEBUG    | aiosqlite | operation functools.partial(<built-in method close of sqlite3.Connection object at 0x10c0866b0>) completed
2026-04-23 17:31:00 | [32mINFO    [0m | bot.services.downloader | Cookie fayl ishlatilmoqda: cookies.txt
2026-04-23 17:31:02 | DEBUG    | bot.services.downloader | Audio ajratilmoqda: /tmp/instabot/124ca8e906_0001.mp4
2026-04-23 17:31:02 | DEBUG    | bot.services.downloader | Audio tayyor: /tmp/instabot/124ca8e906_0001_audio.mp3
2026-04-23 17:31:02 | [32mINFO    [0m | bot.services.downloader | ✅ Yuklandi: 1 ta media (video) | URL: https://www.instagram.com/p/DRKRBlBDvi7/
2026-04-23 17:31:04 | DEBUG    | bot.services.sender | Audio yuborildi: /tmp/instabot/124ca8e906_0001_audio.mp3
2026-04-23 17:31:04 | DEBUG    | bot.services.sender | 🗑  O'chirildi: 124ca8e906_0001.mp4
2026-04-23 17:31:04 | DEBUG    | bot.services.sender | 🗑  O'chirildi: 124ca8e906_0001_audio.mp3
2026-04-23 17:31:04 | DEBUG    | aiosqlite | executing <function connect.<locals>.connector at 0x10c835f80>
2026-04-23 17:31:04 | DEBUG    | aiosqlite | operation <function connect.<locals>.connector at 0x10c835f80> completed
2026-04-23 17:31:04 | DEBUG    | aiosqlite | executing functools.partial(<built-in method execute of sqlite3.Connection object at 0x10c38f970>, '\n                INSERT INTO downloads (user_id, link, media_type, status, created_at)\n                VALUES (?, ?, ?, ?, ?)\n            ', (7885260604, 'https://www.instagram.com/p/DRKRBlBDvi7/', 'video', 'ok', '2026-04-23T12:31:04.611660'))
2026-04-23 17:31:04 | DEBUG    | aiosqlite | operation functools.partial(<built-in method execute of sqlite3.Connection object at 0x10c38f970>, '\n                INSERT INTO downloads (user_id, link, media_type, status, created_at)\n                VALUES (?, ?, ?, ?, ?)\n            ', (7885260604, 'https://www.instagram.com/p/DRKRBlBDvi7/', 'video', 'ok', '2026-04-23T12:31:04.611660')) completed
2026-04-23 17:31:04 | DEBUG    | aiosqlite | executing functools.partial(<built-in method commit of sqlite3.Connection object at 0x10c38f970>)
2026-04-23 17:31:04 | DEBUG    | aiosqlite | operation functools.partial(<built-in method commit of sqlite3.Connection object at 0x10c38f970>) completed
2026-04-23 17:31:04 | DEBUG    | aiosqlite | executing functools.partial(<built-in method close of sqlite3.Connection object at 0x10c38f970>)
2026-04-23 17:31:04 | DEBUG    | aiosqlite | operation functools.partial(<built-in method close of sqlite3.Connection object at 0x10c38f970>) completed
2026-04-23 17:31:59 | DEBUG    | aiosqlite | executing <function connect.<locals>.connector at 0x10c8360c0>
2026-04-23 17:31:59 | DEBUG    | aiosqlite | operation <function connect.<locals>.connector at 0x10c8360c0> completed
2026-04-23 17:31:59 | DEBUG    | aiosqlite | executing functools.partial(<built-in method execute of sqlite3.Connection object at 0x10c0864d0>, '\n                INSERT INTO users (user_id, username, first_name, joined_at)\n                VALUES (?, ?, ?, ?)\n                ON CONFLICT(user_id) DO UPDATE SET\n                    username   = excluded.username,\n                    first_name = excluded.first_name\n            ', (7885260604, 'cd_ex', 'Anonshack', '2026-04-23T12:31:59.096581'))
2026-04-23 17:31:59 | DEBUG    | aiosqlite | operation functools.partial(<built-in method execute of sqlite3.Connection object at 0x10c0864d0>, '\n                INSERT INTO users (user_id, username, first_name, joined_at)\n                VALUES (?, ?, ?, ?)\n                ON CONFLICT(user_id) DO UPDATE SET\n                    username   = excluded.username,\n                    first_name = excluded.first_name\n            ', (7885260604, 'cd_ex', 'Anonshack', '2026-04-23T12:31:59.096581')) completed
2026-04-23 17:31:59 | DEBUG    | aiosqlite | executing functools.partial(<built-in method commit of sqlite3.Connection object at 0x10c0864d0>)
2026-04-23 17:31:59 | DEBUG    | aiosqlite | operation functools.partial(<built-in method commit of sqlite3.Connection object at 0x10c0864d0>) completed
2026-04-23 17:31:59 | DEBUG    | aiosqlite | executing functools.partial(<built-in method close of sqlite3.Connection object at 0x10c0864d0>)
2026-04-23 17:31:59 | DEBUG    | aiosqlite | operation functools.partial(<built-in method close of sqlite3.Connection object at 0x10c0864d0>) completed
2026-04-23 17:31:59 | [32mINFO    [0m | bot.services.downloader | Cookie fayl ishlatilmoqda: cookies.txt
2026-04-23 17:32:00 | [33mWARNING [0m | bot.services.downloader | Hech qanday media fayl topilmadi. URL: https://www.instagram.com/stories/metinakdulger/3880975007245439227/
2026-04-23 17:32:00 | DEBUG    | aiosqlite | executing <function connect.<locals>.connector at 0x10c835440>
2026-04-23 17:32:00 | DEBUG    | aiosqlite | operation <function connect.<locals>.connector at 0x10c835440> completed
2026-04-23 17:32:00 | DEBUG    | aiosqlite | executing functools.partial(<built-in method execute of sqlite3.Connection object at 0x10c44ee30>, '\n                INSERT INTO downloads (user_id, link, media_type, status, created_at)\n                VALUES (?, ?, ?, ?, ?)\n            ', (7885260604, 'https://www.instagram.com/stories/metinakdulger/3880975007245439227/', 'unknown', 'failed', '2026-04-23T12:32:00.731359'))
2026-04-23 17:32:00 | DEBUG    | aiosqlite | operation functools.partial(<built-in method execute of sqlite3.Connection object at 0x10c44ee30>, '\n                INSERT INTO downloads (user_id, link, media_type, status, created_at)\n                VALUES (?, ?, ?, ?, ?)\n            ', (7885260604, 'https://www.instagram.com/stories/metinakdulger/3880975007245439227/', 'unknown', 'failed', '2026-04-23T12:32:00.731359')) completed
2026-04-23 17:32:00 | DEBUG    | aiosqlite | executing functools.partial(<built-in method commit of sqlite3.Connection object at 0x10c44ee30>)
2026-04-23 17:32:00 | DEBUG    | aiosqlite | operation functools.partial(<built-in method commit of sqlite3.Connection object at 0x10c44ee30>) completed
2026-04-23 17:32:00 | DEBUG    | aiosqlite | executing functools.partial(<built-in method close of sqlite3.Connection object at 0x10c44ee30>)
2026-04-23 17:32:00 | DEBUG    | aiosqlite | operation functools.partial(<built-in method close of sqlite3.Connection object at 0x10c44ee30>) completed
2026-04-23 17:32:08 | DEBUG    | aiosqlite | executing <function connect.<locals>.connector at 0x10c105c60>
2026-04-23 17:32:08 | DEBUG    | aiosqlite | operation <function connect.<locals>.connector at 0x10c105c60> completed
2026-04-23 17:32:08 | DEBUG    | aiosqlite | executing functools.partial(<built-in method execute of sqlite3.Connection object at 0x10c086c50>, '\n                INSERT INTO users (user_id, username, first_name, joined_at)\n                VALUES (?, ?, ?, ?)\n                ON CONFLICT(user_id) DO UPDATE SET\n                    username   = excluded.username,\n                    first_name = excluded.first_name\n            ', (7885260604, 'cd_ex', 'Anonshack', '2026-04-23T12:32:08.590860'))
2026-04-23 17:32:08 | DEBUG    | aiosqlite | operation functools.partial(<built-in method execute of sqlite3.Connection object at 0x10c086c50>, '\n                INSERT INTO users (user_id, username, first_name, joined_at)\n                VALUES (?, ?, ?, ?)\n                ON CONFLICT(user_id) DO UPDATE SET\n                    username   = excluded.username,\n                    first_name = excluded.first_name\n            ', (7885260604, 'cd_ex', 'Anonshack', '2026-04-23T12:32:08.590860')) completed
2026-04-23 17:32:08 | DEBUG    | aiosqlite | executing functools.partial(<built-in method commit of sqlite3.Connection object at 0x10c086c50>)
2026-04-23 17:32:08 | DEBUG    | aiosqlite | operation functools.partial(<built-in method commit of sqlite3.Connection object at 0x10c086c50>) completed
2026-04-23 17:32:08 | DEBUG    | aiosqlite | executing functools.partial(<built-in method close of sqlite3.Connection object at 0x10c086c50>)
2026-04-23 17:32:08 | DEBUG    | aiosqlite | operation functools.partial(<built-in method close of sqlite3.Connection object at 0x10c086c50>) completed
2026-04-23 17:32:08 | [32mINFO    [0m | bot.services.downloader | Cookie fayl ishlatilmoqda: cookies.txt
2026-04-23 17:32:10 | [33mWARNING [0m | bot.services.downloader | Hech qanday media fayl topilmadi. URL: https://www.instagram.com/stories/cocacola_uzbekistan/3876527180444660967/
2026-04-23 17:32:10 | DEBUG    | aiosqlite | executing <function connect.<locals>.connector at 0x10c835440>
2026-04-23 17:32:10 | DEBUG    | aiosqlite | operation <function connect.<locals>.connector at 0x10c835440> completed
2026-04-23 17:32:10 | DEBUG    | aiosqlite | executing functools.partial(<built-in method execute of sqlite3.Connection object at 0x10c0862f0>, '\n                INSERT INTO downloads (user_id, link, media_type, status, created_at)\n                VALUES (?, ?, ?, ?, ?)\n            ', (7885260604, 'https://www.instagram.com/stories/cocacola_uzbekistan/3876527180444660967/', 'unknown', 'failed', '2026-04-23T12:32:10.036495'))
2026-04-23 17:32:10 | DEBUG    | aiosqlite | operation functools.partial(<built-in method execute of sqlite3.Connection object at 0x10c0862f0>, '\n                INSERT INTO downloads (user_id, link, media_type, status, created_at)\n                VALUES (?, ?, ?, ?, ?)\n            ', (7885260604, 'https://www.instagram.com/stories/cocacola_uzbekistan/3876527180444660967/', 'unknown', 'failed', '2026-04-23T12:32:10.036495')) completed
2026-04-23 17:32:10 | DEBUG    | aiosqlite | executing functools.partial(<built-in method commit of sqlite3.Connection object at 0x10c0862f0>)
2026-04-23 17:32:10 | DEBUG    | aiosqlite | operation functools.partial(<built-in method commit of sqlite3.Connection object at 0x10c0862f0>) completed
2026-04-23 17:32:10 | DEBUG    | aiosqlite | executing functools.partial(<built-in method close of sqlite3.Connection object at 0x10c0862f0>)
2026-04-23 17:32:10 | DEBUG    | aiosqlite | operation functools.partial(<built-in method close of sqlite3.Connection object at 0x10c0862f0>) completed
2026-04-23 17:32:20 | DEBUG    | aiosqlite | executing <function connect.<locals>.connector at 0x10c104fe0>
2026-04-23 17:32:20 | DEBUG    | aiosqlite | operation <function connect.<locals>.connector at 0x10c104fe0> completed
2026-04-23 17:32:20 | DEBUG    | aiosqlite | executing functools.partial(<built-in method execute of sqlite3.Connection object at 0x10cb7a2f0>, '\n                INSERT INTO users (user_id, username, first_name, joined_at)\n                VALUES (?, ?, ?, ?)\n                ON CONFLICT(user_id) DO UPDATE SET\n                    username   = excluded.username,\n                    first_name = excluded.first_name\n            ', (7885260604, 'cd_ex', 'Anonshack', '2026-04-23T12:32:20.650338'))
2026-04-23 17:32:20 | DEBUG    | aiosqlite | operation functools.partial(<built-in method execute of sqlite3.Connection object at 0x10cb7a2f0>, '\n                INSERT INTO users (user_id, username, first_name, joined_at)\n                VALUES (?, ?, ?, ?)\n                ON CONFLICT(user_id) DO UPDATE SET\n                    username   = excluded.username,\n                    first_name = excluded.first_name\n            ', (7885260604, 'cd_ex', 'Anonshack', '2026-04-23T12:32:20.650338')) completed
2026-04-23 17:32:20 | DEBUG    | aiosqlite | executing functools.partial(<built-in method commit of sqlite3.Connection object at 0x10cb7a2f0>)
2026-04-23 17:32:20 | DEBUG    | aiosqlite | operation functools.partial(<built-in method commit of sqlite3.Connection object at 0x10cb7a2f0>) completed
2026-04-23 17:32:20 | DEBUG    | aiosqlite | executing functools.partial(<built-in method close of sqlite3.Connection object at 0x10cb7a2f0>)
2026-04-23 17:32:20 | DEBUG    | aiosqlite | operation functools.partial(<built-in method close of sqlite3.Connection object at 0x10cb7a2f0>) completed
2026-04-23 17:32:20 | [32mINFO    [0m | bot.services.downloader | Cookie fayl ishlatilmoqda: cookies.txt
2026-04-23 17:32:21 | DEBUG    | bot.services.downloader | Audio ajratilmoqda: /tmp/instabot/058df0b9ce_0001.mp4
2026-04-23 17:32:22 | DEBUG    | bot.services.downloader | Audio yo'q (mutevideos yoki FFmpeg yo'q)
2026-04-23 17:32:22 | [32mINFO    [0m | bot.services.downloader | ✅ Yuklandi: 1 ta media (video) | URL: https://www.instagram.com/p/DTm0UdwCFPx/
2026-04-23 17:32:23 | DEBUG    | bot.services.sender | 🗑  O'chirildi: 058df0b9ce_0001.mp4
2026-04-23 17:32:23 | DEBUG    | aiosqlite | executing <function connect.<locals>.connector at 0x1032ab100>
2026-04-23 17:32:23 | DEBUG    | aiosqlite | operation <function connect.<locals>.connector at 0x1032ab100> completed
2026-04-23 17:32:23 | DEBUG    | aiosqlite | executing functools.partial(<built-in method execute of sqlite3.Connection object at 0x10cb793f0>, '\n                INSERT INTO downloads (user_id, link, media_type, status, created_at)\n                VALUES (?, ?, ?, ?, ?)\n            ', (7885260604, 'https://www.instagram.com/p/DTm0UdwCFPx/', 'video', 'ok', '2026-04-23T12:32:23.872559'))
2026-04-23 17:32:23 | DEBUG    | aiosqlite | operation functools.partial(<built-in method execute of sqlite3.Connection object at 0x10cb793f0>, '\n                INSERT INTO downloads (user_id, link, media_type, status, created_at)\n                VALUES (?, ?, ?, ?, ?)\n            ', (7885260604, 'https://www.instagram.com/p/DTm0UdwCFPx/', 'video', 'ok', '2026-04-23T12:32:23.872559')) completed
2026-04-23 17:32:23 | DEBUG    | aiosqlite | executing functools.partial(<built-in method commit of sqlite3.Connection object at 0x10cb793f0>)
2026-04-23 17:32:23 | DEBUG    | aiosqlite | operation functools.partial(<built-in method commit of sqlite3.Connection object at 0x10cb793f0>) completed
2026-04-23 17:32:23 | DEBUG    | aiosqlite | executing functools.partial(<built-in method close of sqlite3.Connection object at 0x10cb793f0>)
2026-04-23 17:32:23 | DEBUG    | aiosqlite | operation functools.partial(<built-in method close of sqlite3.Connection object at 0x10cb793f0>) completed
2026-04-23 17:32:33 | DEBUG    | aiosqlite | executing <function connect.<locals>.connector at 0x10c4b77e0>
2026-04-23 17:32:33 | DEBUG    | aiosqlite | operation <function connect.<locals>.connector at 0x10c4b77e0> completed
2026-04-23 17:32:33 | DEBUG    | aiosqlite | executing functools.partial(<built-in method execute of sqlite3.Connection object at 0x10cb78f40>, '\n                INSERT INTO users (user_id, username, first_name, joined_at)\n                VALUES (?, ?, ?, ?)\n                ON CONFLICT(user_id) DO UPDATE SET\n                    username   = excluded.username,\n                    first_name = excluded.first_name\n            ', (7885260604, 'cd_ex', 'Anonshack', '2026-04-23T12:32:33.553074'))
2026-04-23 17:32:33 | DEBUG    | aiosqlite | operation functools.partial(<built-in method execute of sqlite3.Connection object at 0x10cb78f40>, '\n                INSERT INTO users (user_id, username, first_name, joined_at)\n                VALUES (?, ?, ?, ?)\n                ON CONFLICT(user_id) DO UPDATE SET\n                    username   = excluded.username,\n                    first_name = excluded.first_name\n            ', (7885260604, 'cd_ex', 'Anonshack', '2026-04-23T12:32:33.553074')) completed
2026-04-23 17:32:33 | DEBUG    | aiosqlite | executing functools.partial(<built-in method commit of sqlite3.Connection object at 0x10cb78f40>)
2026-04-23 17:32:33 | DEBUG    | aiosqlite | operation functools.partial(<built-in method commit of sqlite3.Connection object at 0x10cb78f40>) completed
2026-04-23 17:32:33 | DEBUG    | aiosqlite | executing functools.partial(<built-in method close of sqlite3.Connection object at 0x10cb78f40>)
2026-04-23 17:32:33 | DEBUG    | aiosqlite | operation functools.partial(<built-in method close of sqlite3.Connection object at 0x10cb78f40>) completed
2026-04-23 17:32:33 | [32mINFO    [0m | bot.services.downloader | Cookie fayl ishlatilmoqda: cookies.txt
2026-04-23 17:32:34 | [33mWARNING [0m | bot.services.downloader | Hech qanday media fayl topilmadi. URL: https://www.instagram.com/stories/highlights/18097180672684620/
2026-04-23 17:32:34 | DEBUG    | aiosqlite | executing <function connect.<locals>.connector at 0x10c4b77e0>
2026-04-23 17:32:34 | DEBUG    | aiosqlite | operation <function connect.<locals>.connector at 0x10c4b77e0> completed
2026-04-23 17:32:34 | DEBUG    | aiosqlite | executing functools.partial(<built-in method execute of sqlite3.Connection object at 0x10cb78c70>, '\n                INSERT INTO downloads (user_id, link, media_type, status, created_at)\n                VALUES (?, ?, ?, ?, ?)\n            ', (7885260604, 'https://www.instagram.com/stories/highlights/18097180672684620/', 'unknown', 'failed', '2026-04-23T12:32:34.908860'))
2026-04-23 17:32:34 | DEBUG    | aiosqlite | operation functools.partial(<built-in method execute of sqlite3.Connection object at 0x10cb78c70>, '\n                INSERT INTO downloads (user_id, link, media_type, status, created_at)\n                VALUES (?, ?, ?, ?, ?)\n            ', (7885260604, 'https://www.instagram.com/stories/highlights/18097180672684620/', 'unknown', 'failed', '2026-04-23T12:32:34.908860')) completed
2026-04-23 17:32:34 | DEBUG    | aiosqlite | executing functools.partial(<built-in method commit of sqlite3.Connection object at 0x10cb78c70>)
2026-04-23 17:32:34 | DEBUG    | aiosqlite | operation functools.partial(<built-in method commit of sqlite3.Connection object at 0x10cb78c70>) completed
2026-04-23 17:32:34 | DEBUG    | aiosqlite | executing functools.partial(<built-in method close of sqlite3.Connection object at 0x10cb78c70>)
2026-04-23 17:32:34 | DEBUG    | aiosqlite | operation functools.partial(<built-in method close of sqlite3.Connection object at 0x10cb78c70>) completed
2026-04-23 17:39:19 | [33mWARNING [0m | aiogram.dispatcher | Received SIGINT signal
2026-04-23 17:39:20 | [32mINFO    [0m | __main__ | 🧹  Cleaning up temp files…
2026-04-23 17:39:20 | [32mINFO    [0m | __main__ | 👋  Bot stopped cleanly.
2026-04-23 17:39:39 | [32mINFO    [0m | bot.utils.logger | 📝  Logging initialised → logs/bot.log
2026-04-23 17:39:39 | DEBUG    | aiosqlite | executing <function connect.<locals>.connector at 0x109e82840>
2026-04-23 17:39:39 | DEBUG    | aiosqlite | operation <function connect.<locals>.connector at 0x109e82840> completed
2026-04-23 17:39:39 | DEBUG    | aiosqlite | executing functools.partial(<built-in method executescript of sqlite3.Connection object at 0x109dd75b0>, "\n                CREATE TABLE IF NOT EXISTS users (\n                    user_id     INTEGER PRIMARY KEY,\n                    username    TEXT,\n                    first_name  TEXT,\n                    joined_at   TEXT NOT NULL\n                );\n\n                CREATE TABLE IF NOT EXISTS downloads (\n                    id          INTEGER PRIMARY KEY AUTOINCREMENT,\n                    user_id     INTEGER NOT NULL,\n                    link        TEXT NOT NULL,\n                    media_type  TEXT,            -- 'video' | 'image' | 'carousel'\n                    status      TEXT DEFAULT 'ok', -- 'ok' | 'failed'\n                    created_at  TEXT NOT NULL,\n                    FOREIGN KEY (user_id) REFERENCES users(user_id)\n                );\n            ")
2026-04-23 17:39:39 | DEBUG    | aiosqlite | operation functools.partial(<built-in method executescript of sqlite3.Connection object at 0x109dd75b0>, "\n                CREATE TABLE IF NOT EXISTS users (\n                    user_id     INTEGER PRIMARY KEY,\n                    username    TEXT,\n                    first_name  TEXT,\n                    joined_at   TEXT NOT NULL\n                );\n\n                CREATE TABLE IF NOT EXISTS downloads (\n                    id          INTEGER PRIMARY KEY AUTOINCREMENT,\n                    user_id     INTEGER NOT NULL,\n                    link        TEXT NOT NULL,\n                    media_type  TEXT,            -- 'video' | 'image' | 'carousel'\n                    status      TEXT DEFAULT 'ok', -- 'ok' | 'failed'\n                    created_at  TEXT NOT NULL,\n                    FOREIGN KEY (user_id) REFERENCES users(user_id)\n                );\n            ") completed
2026-04-23 17:39:39 | DEBUG    | aiosqlite | executing functools.partial(<built-in method commit of sqlite3.Connection object at 0x109dd75b0>)
2026-04-23 17:39:39 | DEBUG    | aiosqlite | operation functools.partial(<built-in method commit of sqlite3.Connection object at 0x109dd75b0>) completed
2026-04-23 17:39:39 | DEBUG    | aiosqlite | executing functools.partial(<built-in method close of sqlite3.Connection object at 0x109dd75b0>)
2026-04-23 17:39:39 | DEBUG    | aiosqlite | operation functools.partial(<built-in method close of sqlite3.Connection object at 0x109dd75b0>) completed
2026-04-23 17:39:39 | [32mINFO    [0m | database.db | ✅  Database ready at database/bot.db
2026-04-23 17:39:39 | [32mINFO    [0m | __main__ | 🚀  Bot ishga tushdi: @instagram_post7_bot
2026-04-23 17:39:39 | [32mINFO    [0m | __main__ | 📸  Instagram: geodev_at hisobi bilan ulandi
2026-04-23 17:40:26 | DEBUG    | aiosqlite | executing <function connect.<locals>.connector at 0x108ab1120>
2026-04-23 17:40:26 | DEBUG    | aiosqlite | operation <function connect.<locals>.connector at 0x108ab1120> completed
2026-04-23 17:40:26 | DEBUG    | aiosqlite | executing functools.partial(<built-in method execute of sqlite3.Connection object at 0x109f28220>, '\n                INSERT INTO users (user_id, username, first_name, joined_at)\n                VALUES (?, ?, ?, ?)\n                ON CONFLICT(user_id) DO UPDATE SET\n                    username   = excluded.username,\n                    first_name = excluded.first_name\n            ', (7885260604, 'cd_ex', 'Anonshack', '2026-04-23T12:40:26.274535'))
2026-04-23 17:40:26 | DEBUG    | aiosqlite | operation functools.partial(<built-in method execute of sqlite3.Connection object at 0x109f28220>, '\n                INSERT INTO users (user_id, username, first_name, joined_at)\n                VALUES (?, ?, ?, ?)\n                ON CONFLICT(user_id) DO UPDATE SET\n                    username   = excluded.username,\n                    first_name = excluded.first_name\n            ', (7885260604, 'cd_ex', 'Anonshack', '2026-04-23T12:40:26.274535')) completed
2026-04-23 17:40:26 | DEBUG    | aiosqlite | executing functools.partial(<built-in method commit of sqlite3.Connection object at 0x109f28220>)
2026-04-23 17:40:26 | DEBUG    | aiosqlite | operation functools.partial(<built-in method commit of sqlite3.Connection object at 0x109f28220>) completed
2026-04-23 17:40:26 | DEBUG    | aiosqlite | executing functools.partial(<built-in method close of sqlite3.Connection object at 0x109f28220>)
2026-04-23 17:40:26 | DEBUG    | aiosqlite | operation functools.partial(<built-in method close of sqlite3.Connection object at 0x109f28220>) completed
2026-04-23 17:40:26 | [32mINFO    [0m | bot.services.downloader | Story/highlights → instaloader: https://www.instagram.com/stories/highlights/18097180672684620/
2026-04-23 17:40:26 | DEBUG    | urllib3.connectionpool | Starting new HTTPS connection (1): www.instagram.com:443
2026-04-23 17:40:27 | DEBUG    | urllib3.connectionpool | https://www.instagram.com:443 "GET / HTTP/1.1" 200 None
2026-04-23 17:40:41 | DEBUG    | urllib3.connectionpool | https://www.instagram.com:443 "POST /api/v1/web/accounts/login/ajax/ HTTP/1.1" 200 130
2026-04-23 17:40:41 | [32mINFO    [0m | bot.services.downloader | instaloader: username/password bilan kirdi
2026-04-23 17:40:41 | [31mERROR   [0m | bot.services.downloader | instaloader fetch xatosi: 'int' object is not subscriptable
2026-04-23 17:40:41 | DEBUG    | aiosqlite | executing <function connect.<locals>.connector at 0x108ab1d00>
2026-04-23 17:40:41 | DEBUG    | aiosqlite | operation <function connect.<locals>.connector at 0x108ab1d00> completed
2026-04-23 17:40:41 | DEBUG    | aiosqlite | executing functools.partial(<built-in method execute of sqlite3.Connection object at 0x10a0d65c0>, '\n                INSERT INTO downloads (user_id, link, media_type, status, created_at)\n                VALUES (?, ?, ?, ?, ?)\n            ', (7885260604, 'https://www.instagram.com/stories/highlights/18097180672684620/', 'unknown', 'failed', '2026-04-23T12:40:41.127560'))
2026-04-23 17:40:41 | DEBUG    | aiosqlite | operation functools.partial(<built-in method execute of sqlite3.Connection object at 0x10a0d65c0>, '\n                INSERT INTO downloads (user_id, link, media_type, status, created_at)\n                VALUES (?, ?, ?, ?, ?)\n            ', (7885260604, 'https://www.instagram.com/stories/highlights/18097180672684620/', 'unknown', 'failed', '2026-04-23T12:40:41.127560')) completed
2026-04-23 17:40:41 | DEBUG    | aiosqlite | executing functools.partial(<built-in method commit of sqlite3.Connection object at 0x10a0d65c0>)
2026-04-23 17:40:41 | DEBUG    | aiosqlite | operation functools.partial(<built-in method commit of sqlite3.Connection object at 0x10a0d65c0>) completed
2026-04-23 17:40:41 | DEBUG    | aiosqlite | executing functools.partial(<built-in method close of sqlite3.Connection object at 0x10a0d65c0>)
2026-04-23 17:40:41 | DEBUG    | aiosqlite | operation functools.partial(<built-in method close of sqlite3.Connection object at 0x10a0d65c0>) completed
2026-04-23 17:40:50 | DEBUG    | aiosqlite | executing <function connect.<locals>.connector at 0x10a140540>
2026-04-23 17:40:50 | DEBUG    | aiosqlite | operation <function connect.<locals>.connector at 0x10a140540> completed
2026-04-23 17:40:50 | DEBUG    | aiosqlite | executing functools.partial(<built-in method execute of sqlite3.Connection object at 0x10a0d66b0>, '\n                INSERT INTO users (user_id, username, first_name, joined_at)\n                VALUES (?, ?, ?, ?)\n                ON CONFLICT(user_id) DO UPDATE SET\n                    username   = excluded.username,\n                    first_name = excluded.first_name\n            ', (7885260604, 'cd_ex', 'Anonshack', '2026-04-23T12:40:50.949189'))
2026-04-23 17:40:50 | DEBUG    | aiosqlite | operation functools.partial(<built-in method execute of sqlite3.Connection object at 0x10a0d66b0>, '\n                INSERT INTO users (user_id, username, first_name, joined_at)\n                VALUES (?, ?, ?, ?)\n                ON CONFLICT(user_id) DO UPDATE SET\n                    username   = excluded.username,\n                    first_name = excluded.first_name\n            ', (7885260604, 'cd_ex', 'Anonshack', '2026-04-23T12:40:50.949189')) completed
2026-04-23 17:40:50 | DEBUG    | aiosqlite | executing functools.partial(<built-in method commit of sqlite3.Connection object at 0x10a0d66b0>)
2026-04-23 17:40:50 | DEBUG    | aiosqlite | operation functools.partial(<built-in method commit of sqlite3.Connection object at 0x10a0d66b0>) completed
2026-04-23 17:40:50 | DEBUG    | aiosqlite | executing functools.partial(<built-in method close of sqlite3.Connection object at 0x10a0d66b0>)
2026-04-23 17:40:50 | DEBUG    | aiosqlite | operation functools.partial(<built-in method close of sqlite3.Connection object at 0x10a0d66b0>) completed
2026-04-23 17:40:51 | [32mINFO    [0m | bot.services.downloader | Story/highlights → instaloader: https://www.instagram.com/stories/highlights/18069579247479616/
2026-04-23 17:40:51 | [32mINFO    [0m | bot.services.downloader | instaloader: session fayldan kirdi
2026-04-23 17:40:51 | [31mERROR   [0m | bot.services.downloader | instaloader fetch xatosi: 'int' object is not subscriptable
2026-04-23 17:40:51 | DEBUG    | aiosqlite | executing <function connect.<locals>.connector at 0x10a1400e0>
2026-04-23 17:40:51 | DEBUG    | aiosqlite | operation <function connect.<locals>.connector at 0x10a1400e0> completed
2026-04-23 17:40:51 | DEBUG    | aiosqlite | executing functools.partial(<built-in method execute of sqlite3.Connection object at 0x10a0d67a0>, '\n                INSERT INTO downloads (user_id, link, media_type, status, created_at)\n                VALUES (?, ?, ?, ?, ?)\n            ', (7885260604, 'https://www.instagram.com/stories/highlights/18069579247479616/', 'unknown', 'failed', '2026-04-23T12:40:51.078141'))
2026-04-23 17:40:51 | DEBUG    | aiosqlite | operation functools.partial(<built-in method execute of sqlite3.Connection object at 0x10a0d67a0>, '\n                INSERT INTO downloads (user_id, link, media_type, status, created_at)\n                VALUES (?, ?, ?, ?, ?)\n            ', (7885260604, 'https://www.instagram.com/stories/highlights/18069579247479616/', 'unknown', 'failed', '2026-04-23T12:40:51.078141')) completed
2026-04-23 17:40:51 | DEBUG    | aiosqlite | executing functools.partial(<built-in method commit of sqlite3.Connection object at 0x10a0d67a0>)
2026-04-23 17:40:51 | DEBUG    | aiosqlite | operation functools.partial(<built-in method commit of sqlite3.Connection object at 0x10a0d67a0>) completed
2026-04-23 17:40:51 | DEBUG    | aiosqlite | executing functools.partial(<built-in method close of sqlite3.Connection object at 0x10a0d67a0>)
2026-04-23 17:40:51 | DEBUG    | aiosqlite | operation functools.partial(<built-in method close of sqlite3.Connection object at 0x10a0d67a0>) completed
2026-04-23 17:40:58 | DEBUG    | aiosqlite | executing <function connect.<locals>.connector at 0x108ab0e00>
2026-04-23 17:40:58 | DEBUG    | aiosqlite | operation <function connect.<locals>.connector at 0x108ab0e00> completed
2026-04-23 17:40:58 | DEBUG    | aiosqlite | executing functools.partial(<built-in method execute of sqlite3.Connection object at 0x109dd7e20>, '\n                INSERT INTO users (user_id, username, first_name, joined_at)\n                VALUES (?, ?, ?, ?)\n                ON CONFLICT(user_id) DO UPDATE SET\n                    username   = excluded.username,\n                    first_name = excluded.first_name\n            ', (7885260604, 'cd_ex', 'Anonshack', '2026-04-23T12:40:58.376131'))
2026-04-23 17:40:58 | DEBUG    | aiosqlite | operation functools.partial(<built-in method execute of sqlite3.Connection object at 0x109dd7e20>, '\n                INSERT INTO users (user_id, username, first_name, joined_at)\n                VALUES (?, ?, ?, ?)\n                ON CONFLICT(user_id) DO UPDATE SET\n                    username   = excluded.username,\n                    first_name = excluded.first_name\n            ', (7885260604, 'cd_ex', 'Anonshack', '2026-04-23T12:40:58.376131')) completed
2026-04-23 17:40:58 | DEBUG    | aiosqlite | executing functools.partial(<built-in method commit of sqlite3.Connection object at 0x109dd7e20>)
2026-04-23 17:40:58 | DEBUG    | aiosqlite | operation functools.partial(<built-in method commit of sqlite3.Connection object at 0x109dd7e20>) completed
2026-04-23 17:40:58 | DEBUG    | aiosqlite | executing functools.partial(<built-in method close of sqlite3.Connection object at 0x109dd7e20>)
2026-04-23 17:40:58 | DEBUG    | aiosqlite | operation functools.partial(<built-in method close of sqlite3.Connection object at 0x109dd7e20>) completed
2026-04-23 17:40:58 | [32mINFO    [0m | bot.services.downloader | Post/reel → yt-dlp: https://www.instagram.com/p/DTm0UdwCFPx/
2026-04-23 17:41:00 | [32mINFO    [0m | bot.services.downloader | ✅ yt-dlp: 1 ta media (video)
2026-04-23 17:41:02 | DEBUG    | bot.services.sender | 🗑  O'chirildi: c4fe501d39_0001.mp4
2026-04-23 17:41:02 | DEBUG    | aiosqlite | executing <function connect.<locals>.connector at 0x109e80860>
2026-04-23 17:41:02 | DEBUG    | aiosqlite | operation <function connect.<locals>.connector at 0x109e80860> completed
2026-04-23 17:41:02 | DEBUG    | aiosqlite | executing functools.partial(<built-in method execute of sqlite3.Connection object at 0x109dd7d30>, '\n                INSERT INTO downloads (user_id, link, media_type, status, created_at)\n                VALUES (?, ?, ?, ?, ?)\n            ', (7885260604, 'https://www.instagram.com/p/DTm0UdwCFPx/', 'video', 'ok', '2026-04-23T12:41:02.435659'))
2026-04-23 17:41:02 | DEBUG    | aiosqlite | operation functools.partial(<built-in method execute of sqlite3.Connection object at 0x109dd7d30>, '\n                INSERT INTO downloads (user_id, link, media_type, status, created_at)\n                VALUES (?, ?, ?, ?, ?)\n            ', (7885260604, 'https://www.instagram.com/p/DTm0UdwCFPx/', 'video', 'ok', '2026-04-23T12:41:02.435659')) completed
2026-04-23 17:41:02 | DEBUG    | aiosqlite | executing functools.partial(<built-in method commit of sqlite3.Connection object at 0x109dd7d30>)
2026-04-23 17:41:02 | DEBUG    | aiosqlite | operation functools.partial(<built-in method commit of sqlite3.Connection object at 0x109dd7d30>) completed
2026-04-23 17:41:02 | DEBUG    | aiosqlite | executing functools.partial(<built-in method close of sqlite3.Connection object at 0x109dd7d30>)
2026-04-23 17:41:02 | DEBUG    | aiosqlite | operation functools.partial(<built-in method close of sqlite3.Connection object at 0x109dd7d30>) completed
2026-04-23 17:41:15 | DEBUG    | aiosqlite | executing <function connect.<locals>.connector at 0x108ab0f40>
2026-04-23 17:41:15 | DEBUG    | aiosqlite | operation <function connect.<locals>.connector at 0x108ab0f40> completed
2026-04-23 17:41:15 | DEBUG    | aiosqlite | executing functools.partial(<built-in method execute of sqlite3.Connection object at 0x10a1f8c70>, '\n                INSERT INTO users (user_id, username, first_name, joined_at)\n                VALUES (?, ?, ?, ?)\n                ON CONFLICT(user_id) DO UPDATE SET\n                    username   = excluded.username,\n                    first_name = excluded.first_name\n            ', (7885260604, 'cd_ex', 'Anonshack', '2026-04-23T12:41:15.912012'))
2026-04-23 17:41:15 | DEBUG    | aiosqlite | operation functools.partial(<built-in method execute of sqlite3.Connection object at 0x10a1f8c70>, '\n                INSERT INTO users (user_id, username, first_name, joined_at)\n                VALUES (?, ?, ?, ?)\n                ON CONFLICT(user_id) DO UPDATE SET\n                    username   = excluded.username,\n                    first_name = excluded.first_name\n            ', (7885260604, 'cd_ex', 'Anonshack', '2026-04-23T12:41:15.912012')) completed
2026-04-23 17:41:15 | DEBUG    | aiosqlite | executing functools.partial(<built-in method commit of sqlite3.Connection object at 0x10a1f8c70>)
2026-04-23 17:41:15 | DEBUG    | aiosqlite | operation functools.partial(<built-in method commit of sqlite3.Connection object at 0x10a1f8c70>) completed
2026-04-23 17:41:15 | DEBUG    | aiosqlite | executing functools.partial(<built-in method close of sqlite3.Connection object at 0x10a1f8c70>)
2026-04-23 17:41:15 | DEBUG    | aiosqlite | operation functools.partial(<built-in method close of sqlite3.Connection object at 0x10a1f8c70>) completed
2026-04-23 17:41:16 | [32mINFO    [0m | bot.services.downloader | Post/reel → yt-dlp: https://www.instagram.com/p/DO_leS1CKTs/
2026-04-23 17:41:17 | DEBUG    | aiosqlite | executing <function connect.<locals>.connector at 0x108ab1bc0>
2026-04-23 17:41:17 | DEBUG    | aiosqlite | operation <function connect.<locals>.connector at 0x108ab1bc0> completed
2026-04-23 17:41:17 | DEBUG    | aiosqlite | executing functools.partial(<built-in method execute of sqlite3.Connection object at 0x10a1f9210>, '\n                INSERT INTO downloads (user_id, link, media_type, status, created_at)\n                VALUES (?, ?, ?, ?, ?)\n            ', (7885260604, 'https://www.instagram.com/p/DO_leS1CKTs/', 'unknown', 'failed', '2026-04-23T12:41:17.327471'))
2026-04-23 17:41:17 | DEBUG    | aiosqlite | operation functools.partial(<built-in method execute of sqlite3.Connection object at 0x10a1f9210>, '\n                INSERT INTO downloads (user_id, link, media_type, status, created_at)\n                VALUES (?, ?, ?, ?, ?)\n            ', (7885260604, 'https://www.instagram.com/p/DO_leS1CKTs/', 'unknown', 'failed', '2026-04-23T12:41:17.327471')) completed
2026-04-23 17:41:17 | DEBUG    | aiosqlite | executing functools.partial(<built-in method commit of sqlite3.Connection object at 0x10a1f9210>)
2026-04-23 17:41:17 | DEBUG    | aiosqlite | operation functools.partial(<built-in method commit of sqlite3.Connection object at 0x10a1f9210>) completed
2026-04-23 17:41:17 | DEBUG    | aiosqlite | executing functools.partial(<built-in method close of sqlite3.Connection object at 0x10a1f9210>)
2026-04-23 17:41:17 | DEBUG    | aiosqlite | operation functools.partial(<built-in method close of sqlite3.Connection object at 0x10a1f9210>) completed
2026-04-23 17:41:22 | DEBUG    | aiosqlite | executing <function connect.<locals>.connector at 0x10a0baf20>
2026-04-23 17:41:22 | DEBUG    | aiosqlite | operation <function connect.<locals>.connector at 0x10a0baf20> completed
2026-04-23 17:41:22 | DEBUG    | aiosqlite | executing functools.partial(<built-in method execute of sqlite3.Connection object at 0x10a1f9300>, '\n                INSERT INTO users (user_id, username, first_name, joined_at)\n                VALUES (?, ?, ?, ?)\n                ON CONFLICT(user_id) DO UPDATE SET\n                    username   = excluded.username,\n                    first_name = excluded.first_name\n            ', (7885260604, 'cd_ex', 'Anonshack', '2026-04-23T12:41:22.201651'))
2026-04-23 17:41:22 | DEBUG    | aiosqlite | operation functools.partial(<built-in method execute of sqlite3.Connection object at 0x10a1f9300>, '\n                INSERT INTO users (user_id, username, first_name, joined_at)\n                VALUES (?, ?, ?, ?)\n                ON CONFLICT(user_id) DO UPDATE SET\n                    username   = excluded.username,\n                    first_name = excluded.first_name\n            ', (7885260604, 'cd_ex', 'Anonshack', '2026-04-23T12:41:22.201651')) completed
2026-04-23 17:41:22 | DEBUG    | aiosqlite | executing functools.partial(<built-in method commit of sqlite3.Connection object at 0x10a1f9300>)
2026-04-23 17:41:22 | DEBUG    | aiosqlite | operation functools.partial(<built-in method commit of sqlite3.Connection object at 0x10a1f9300>) completed
2026-04-23 17:41:22 | DEBUG    | aiosqlite | executing functools.partial(<built-in method close of sqlite3.Connection object at 0x10a1f9300>)
2026-04-23 17:41:22 | DEBUG    | aiosqlite | operation functools.partial(<built-in method close of sqlite3.Connection object at 0x10a1f9300>) completed
2026-04-23 17:41:22 | [32mINFO    [0m | bot.services.downloader | Post/reel → yt-dlp: https://www.instagram.com/p/DO_leS1CKTs/
2026-04-23 17:41:23 | DEBUG    | aiosqlite | executing <function connect.<locals>.connector at 0x108ab1c60>
2026-04-23 17:41:23 | DEBUG    | aiosqlite | operation <function connect.<locals>.connector at 0x108ab1c60> completed
2026-04-23 17:41:23 | DEBUG    | aiosqlite | executing functools.partial(<built-in method execute of sqlite3.Connection object at 0x10a1f96c0>, '\n                INSERT INTO downloads (user_id, link, media_type, status, created_at)\n                VALUES (?, ?, ?, ?, ?)\n            ', (7885260604, 'https://www.instagram.com/p/DO_leS1CKTs/', 'unknown', 'failed', '2026-04-23T12:41:23.480816'))
2026-04-23 17:41:23 | DEBUG    | aiosqlite | operation functools.partial(<built-in method execute of sqlite3.Connection object at 0x10a1f96c0>, '\n                INSERT INTO downloads (user_id, link, media_type, status, created_at)\n                VALUES (?, ?, ?, ?, ?)\n            ', (7885260604, 'https://www.instagram.com/p/DO_leS1CKTs/', 'unknown', 'failed', '2026-04-23T12:41:23.480816')) completed
2026-04-23 17:41:23 | DEBUG    | aiosqlite | executing functools.partial(<built-in method commit of sqlite3.Connection object at 0x10a1f96c0>)
2026-04-23 17:41:23 | DEBUG    | aiosqlite | operation functools.partial(<built-in method commit of sqlite3.Connection object at 0x10a1f96c0>) completed
2026-04-23 17:41:23 | DEBUG    | aiosqlite | executing functools.partial(<built-in method close of sqlite3.Connection object at 0x10a1f96c0>)
2026-04-23 17:41:23 | DEBUG    | aiosqlite | operation functools.partial(<built-in method close of sqlite3.Connection object at 0x10a1f96c0>) completed
2026-04-23 17:41:34 | DEBUG    | aiosqlite | executing <function connect.<locals>.connector at 0x108ab1bc0>
2026-04-23 17:41:34 | DEBUG    | aiosqlite | operation <function connect.<locals>.connector at 0x108ab1bc0> completed
2026-04-23 17:41:34 | DEBUG    | aiosqlite | executing functools.partial(<built-in method execute of sqlite3.Connection object at 0x109f28310>, '\n                INSERT INTO users (user_id, username, first_name, joined_at)\n                VALUES (?, ?, ?, ?)\n                ON CONFLICT(user_id) DO UPDATE SET\n                    username   = excluded.username,\n                    first_name = excluded.first_name\n            ', (7885260604, 'cd_ex', 'Anonshack', '2026-04-23T12:41:34.478378'))
2026-04-23 17:41:34 | DEBUG    | aiosqlite | operation functools.partial(<built-in method execute of sqlite3.Connection object at 0x109f28310>, '\n                INSERT INTO users (user_id, username, first_name, joined_at)\n                VALUES (?, ?, ?, ?)\n                ON CONFLICT(user_id) DO UPDATE SET\n                    username   = excluded.username,\n                    first_name = excluded.first_name\n            ', (7885260604, 'cd_ex', 'Anonshack', '2026-04-23T12:41:34.478378')) completed
2026-04-23 17:41:34 | DEBUG    | aiosqlite | executing functools.partial(<built-in method commit of sqlite3.Connection object at 0x109f28310>)
2026-04-23 17:41:34 | DEBUG    | aiosqlite | operation functools.partial(<built-in method commit of sqlite3.Connection object at 0x109f28310>) completed
2026-04-23 17:41:34 | DEBUG    | aiosqlite | executing functools.partial(<built-in method close of sqlite3.Connection object at 0x109f28310>)
2026-04-23 17:41:34 | DEBUG    | aiosqlite | operation functools.partial(<built-in method close of sqlite3.Connection object at 0x109f28310>) completed
2026-04-23 17:41:34 | [32mINFO    [0m | bot.services.downloader | Post/reel → yt-dlp: https://www.instagram.com/p/DK7PNRxt-x1/
2026-04-23 17:41:36 | DEBUG    | aiosqlite | executing <function connect.<locals>.connector at 0x10a110c20>
2026-04-23 17:41:36 | DEBUG    | aiosqlite | operation <function connect.<locals>.connector at 0x10a110c20> completed
2026-04-23 17:41:36 | DEBUG    | aiosqlite | executing functools.partial(<built-in method execute of sqlite3.Connection object at 0x10a1f9120>, '\n                INSERT INTO downloads (user_id, link, media_type, status, created_at)\n                VALUES (?, ?, ?, ?, ?)\n            ', (7885260604, 'https://www.instagram.com/p/DK7PNRxt-x1/', 'unknown', 'failed', '2026-04-23T12:41:36.240790'))
2026-04-23 17:41:36 | DEBUG    | aiosqlite | operation functools.partial(<built-in method execute of sqlite3.Connection object at 0x10a1f9120>, '\n                INSERT INTO downloads (user_id, link, media_type, status, created_at)\n                VALUES (?, ?, ?, ?, ?)\n            ', (7885260604, 'https://www.instagram.com/p/DK7PNRxt-x1/', 'unknown', 'failed', '2026-04-23T12:41:36.240790')) completed
2026-04-23 17:41:36 | DEBUG    | aiosqlite | executing functools.partial(<built-in method commit of sqlite3.Connection object at 0x10a1f9120>)
2026-04-23 17:41:36 | DEBUG    | aiosqlite | operation functools.partial(<built-in method commit of sqlite3.Connection object at 0x10a1f9120>) completed
2026-04-23 17:41:36 | DEBUG    | aiosqlite | executing functools.partial(<built-in method close of sqlite3.Connection object at 0x10a1f9120>)
2026-04-23 17:41:36 | DEBUG    | aiosqlite | operation functools.partial(<built-in method close of sqlite3.Connection object at 0x10a1f9120>) completed
2026-04-23 17:41:56 | DEBUG    | aiosqlite | executing <function connect.<locals>.connector at 0x10a110c20>
2026-04-23 17:41:56 | DEBUG    | aiosqlite | operation <function connect.<locals>.connector at 0x10a110c20> completed
2026-04-23 17:41:56 | DEBUG    | aiosqlite | executing functools.partial(<built-in method execute of sqlite3.Connection object at 0x109f28220>, '\n                INSERT INTO users (user_id, username, first_name, joined_at)\n                VALUES (?, ?, ?, ?)\n                ON CONFLICT(user_id) DO UPDATE SET\n                    username   = excluded.username,\n                    first_name = excluded.first_name\n            ', (7885260604, 'cd_ex', 'Anonshack', '2026-04-23T12:41:56.544927'))
2026-04-23 17:41:56 | DEBUG    | aiosqlite | operation functools.partial(<built-in method execute of sqlite3.Connection object at 0x109f28220>, '\n                INSERT INTO users (user_id, username, first_name, joined_at)\n                VALUES (?, ?, ?, ?)\n                ON CONFLICT(user_id) DO UPDATE SET\n                    username   = excluded.username,\n                    first_name = excluded.first_name\n            ', (7885260604, 'cd_ex', 'Anonshack', '2026-04-23T12:41:56.544927')) completed
2026-04-23 17:41:56 | DEBUG    | aiosqlite | executing functools.partial(<built-in method commit of sqlite3.Connection object at 0x109f28220>)
2026-04-23 17:41:56 | DEBUG    | aiosqlite | operation functools.partial(<built-in method commit of sqlite3.Connection object at 0x109f28220>) completed
2026-04-23 17:41:56 | DEBUG    | aiosqlite | executing functools.partial(<built-in method close of sqlite3.Connection object at 0x109f28220>)
2026-04-23 17:41:56 | DEBUG    | aiosqlite | operation functools.partial(<built-in method close of sqlite3.Connection object at 0x109f28220>) completed
2026-04-23 17:41:56 | [32mINFO    [0m | bot.services.downloader | Post/reel → yt-dlp: https://www.instagram.com/reels/DXbwW3vDHRa/
2026-04-23 17:41:58 | [32mINFO    [0m | bot.services.downloader | ✅ yt-dlp: 1 ta media (video)
2026-04-23 17:42:01 | DEBUG    | bot.services.sender | Audio yuborildi: /tmp/instabot/0cafca1e0b_0001_audio.mp3
2026-04-23 17:42:01 | DEBUG    | bot.services.sender | 🗑  O'chirildi: 0cafca1e0b_0001.mp4
2026-04-23 17:42:01 | DEBUG    | bot.services.sender | 🗑  O'chirildi: 0cafca1e0b_0001_audio.mp3
2026-04-23 17:42:01 | DEBUG    | aiosqlite | executing <function connect.<locals>.connector at 0x10a52a840>
2026-04-23 17:42:01 | DEBUG    | aiosqlite | operation <function connect.<locals>.connector at 0x10a52a840> completed
2026-04-23 17:42:01 | DEBUG    | aiosqlite | executing functools.partial(<built-in method execute of sqlite3.Connection object at 0x10a1f8d60>, '\n                INSERT INTO downloads (user_id, link, media_type, status, created_at)\n                VALUES (?, ?, ?, ?, ?)\n            ', (7885260604, 'https://www.instagram.com/reels/DXbwW3vDHRa/', 'video', 'ok', '2026-04-23T12:42:01.951680'))
2026-04-23 17:42:01 | DEBUG    | aiosqlite | operation functools.partial(<built-in method execute of sqlite3.Connection object at 0x10a1f8d60>, '\n                INSERT INTO downloads (user_id, link, media_type, status, created_at)\n                VALUES (?, ?, ?, ?, ?)\n            ', (7885260604, 'https://www.instagram.com/reels/DXbwW3vDHRa/', 'video', 'ok', '2026-04-23T12:42:01.951680')) completed
2026-04-23 17:42:01 | DEBUG    | aiosqlite | executing functools.partial(<built-in method commit of sqlite3.Connection object at 0x10a1f8d60>)
2026-04-23 17:42:01 | DEBUG    | aiosqlite | operation functools.partial(<built-in method commit of sqlite3.Connection object at 0x10a1f8d60>) completed
2026-04-23 17:42:01 | DEBUG    | aiosqlite | executing functools.partial(<built-in method close of sqlite3.Connection object at 0x10a1f8d60>)
2026-04-23 17:42:01 | DEBUG    | aiosqlite | operation functools.partial(<built-in method close of sqlite3.Connection object at 0x10a1f8d60>) completed
2026-04-23 17:42:46 | DEBUG    | aiosqlite | executing <function connect.<locals>.connector at 0x108ab0f40>
2026-04-23 17:42:46 | DEBUG    | aiosqlite | operation <function connect.<locals>.connector at 0x108ab0f40> completed
2026-04-23 17:42:46 | DEBUG    | aiosqlite | executing functools.partial(<built-in method execute of sqlite3.Connection object at 0x109f28130>, '\n                INSERT INTO users (user_id, username, first_name, joined_at)\n                VALUES (?, ?, ?, ?)\n                ON CONFLICT(user_id) DO UPDATE SET\n                    username   = excluded.username,\n                    first_name = excluded.first_name\n            ', (7885260604, 'cd_ex', 'Anonshack', '2026-04-23T12:42:46.417900'))
2026-04-23 17:42:46 | DEBUG    | aiosqlite | operation functools.partial(<built-in method execute of sqlite3.Connection object at 0x109f28130>, '\n                INSERT INTO users (user_id, username, first_name, joined_at)\n                VALUES (?, ?, ?, ?)\n                ON CONFLICT(user_id) DO UPDATE SET\n                    username   = excluded.username,\n                    first_name = excluded.first_name\n            ', (7885260604, 'cd_ex', 'Anonshack', '2026-04-23T12:42:46.417900')) completed
2026-04-23 17:42:46 | DEBUG    | aiosqlite | executing functools.partial(<built-in method commit of sqlite3.Connection object at 0x109f28130>)
2026-04-23 17:42:46 | DEBUG    | aiosqlite | operation functools.partial(<built-in method commit of sqlite3.Connection object at 0x109f28130>) completed
2026-04-23 17:42:46 | DEBUG    | aiosqlite | executing functools.partial(<built-in method close of sqlite3.Connection object at 0x109f28130>)
2026-04-23 17:42:46 | DEBUG    | aiosqlite | operation functools.partial(<built-in method close of sqlite3.Connection object at 0x109f28130>) completed
2026-04-23 17:42:46 | [32mINFO    [0m | bot.services.downloader | Post/reel → yt-dlp: https://www.instagram.com/p/DSUs2isCMl6/
2026-04-23 17:42:50 | [32mINFO    [0m | bot.services.downloader | ✅ yt-dlp: 2 ta media (carousel_videos)
2026-04-23 17:42:52 | [32mINFO    [0m | bot.services.sender | Album yuborildi: 2 ta media
2026-04-23 17:42:52 | DEBUG    | bot.services.sender | 🗑  O'chirildi: b5a570abd9_0001.mp4
2026-04-23 17:42:52 | DEBUG    | bot.services.sender | 🗑  O'chirildi: b5a570abd9_0002.mp4
2026-04-23 17:42:52 | DEBUG    | aiosqlite | executing <function connect.<locals>.connector at 0x10a42b560>
2026-04-23 17:42:52 | DEBUG    | aiosqlite | operation <function connect.<locals>.connector at 0x10a42b560> completed
2026-04-23 17:42:52 | DEBUG    | aiosqlite | executing functools.partial(<built-in method execute of sqlite3.Connection object at 0x10a1f8f40>, '\n                INSERT INTO downloads (user_id, link, media_type, status, created_at)\n                VALUES (?, ?, ?, ?, ?)\n            ', (7885260604, 'https://www.instagram.com/p/DSUs2isCMl6/', 'carousel_videos', 'ok', '2026-04-23T12:42:52.311818'))
2026-04-23 17:42:52 | DEBUG    | aiosqlite | operation functools.partial(<built-in method execute of sqlite3.Connection object at 0x10a1f8f40>, '\n                INSERT INTO downloads (user_id, link, media_type, status, created_at)\n                VALUES (?, ?, ?, ?, ?)\n            ', (7885260604, 'https://www.instagram.com/p/DSUs2isCMl6/', 'carousel_videos', 'ok', '2026-04-23T12:42:52.311818')) completed
2026-04-23 17:42:52 | DEBUG    | aiosqlite | executing functools.partial(<built-in method commit of sqlite3.Connection object at 0x10a1f8f40>)
2026-04-23 17:42:52 | DEBUG    | aiosqlite | operation functools.partial(<built-in method commit of sqlite3.Connection object at 0x10a1f8f40>) completed
2026-04-23 17:42:52 | DEBUG    | aiosqlite | executing functools.partial(<built-in method close of sqlite3.Connection object at 0x10a1f8f40>)
2026-04-23 17:42:52 | DEBUG    | aiosqlite | operation functools.partial(<built-in method close of sqlite3.Connection object at 0x10a1f8f40>) completed
2026-04-23 17:46:50 | [33mWARNING [0m | aiogram.dispatcher | Received SIGINT signal
2026-04-23 17:46:50 | DEBUG    | bot.utils.cleanup | 🗑  Deleted temp file: /tmp/instabot/ig_session
2026-04-23 17:46:50 | [32mINFO    [0m | __main__ | 👋  Bot to'xtatildi
2026-04-23 17:46:54 | [32mINFO    [0m | bot.utils.logger | 📝  Logging initialised → logs/bot.log
2026-04-23 17:46:54 | DEBUG    | aiosqlite | executing <function connect.<locals>.connector at 0x10a19e840>
2026-04-23 17:46:54 | DEBUG    | aiosqlite | operation <function connect.<locals>.connector at 0x10a19e840> completed
2026-04-23 17:46:54 | DEBUG    | aiosqlite | executing functools.partial(<built-in method executescript of sqlite3.Connection object at 0x10a0f3790>, "\n                CREATE TABLE IF NOT EXISTS users (\n                    user_id     INTEGER PRIMARY KEY,\n                    username    TEXT,\n                    first_name  TEXT,\n                    joined_at   TEXT NOT NULL\n                );\n\n                CREATE TABLE IF NOT EXISTS downloads (\n                    id          INTEGER PRIMARY KEY AUTOINCREMENT,\n                    user_id     INTEGER NOT NULL,\n                    link        TEXT NOT NULL,\n                    media_type  TEXT,            -- 'video' | 'image' | 'carousel'\n                    status      TEXT DEFAULT 'ok', -- 'ok' | 'failed'\n                    created_at  TEXT NOT NULL,\n                    FOREIGN KEY (user_id) REFERENCES users(user_id)\n                );\n            ")
2026-04-23 17:46:54 | DEBUG    | aiosqlite | operation functools.partial(<built-in method executescript of sqlite3.Connection object at 0x10a0f3790>, "\n                CREATE TABLE IF NOT EXISTS users (\n                    user_id     INTEGER PRIMARY KEY,\n                    username    TEXT,\n                    first_name  TEXT,\n                    joined_at   TEXT NOT NULL\n                );\n\n                CREATE TABLE IF NOT EXISTS downloads (\n                    id          INTEGER PRIMARY KEY AUTOINCREMENT,\n                    user_id     INTEGER NOT NULL,\n                    link        TEXT NOT NULL,\n                    media_type  TEXT,            -- 'video' | 'image' | 'carousel'\n                    status      TEXT DEFAULT 'ok', -- 'ok' | 'failed'\n                    created_at  TEXT NOT NULL,\n                    FOREIGN KEY (user_id) REFERENCES users(user_id)\n                );\n            ") completed
2026-04-23 17:46:54 | DEBUG    | aiosqlite | executing functools.partial(<built-in method commit of sqlite3.Connection object at 0x10a0f3790>)
2026-04-23 17:46:54 | DEBUG    | aiosqlite | operation functools.partial(<built-in method commit of sqlite3.Connection object at 0x10a0f3790>) completed
2026-04-23 17:46:54 | DEBUG    | aiosqlite | executing functools.partial(<built-in method close of sqlite3.Connection object at 0x10a0f3790>)
2026-04-23 17:46:54 | DEBUG    | aiosqlite | operation functools.partial(<built-in method close of sqlite3.Connection object at 0x10a0f3790>) completed
2026-04-23 17:46:54 | [32mINFO    [0m | database.db | ✅  Database ready at database/bot.db
2026-04-23 17:46:54 | [32mINFO    [0m | __main__ | 🚀  Bot ishga tushdi: @instagram_post7_bot
2026-04-23 17:46:54 | [32mINFO    [0m | __main__ | 📸  Instagram: geodev_at hisobi bilan ulandi
2026-04-23 17:47:05 | DEBUG    | aiosqlite | executing <function connect.<locals>.connector at 0x108659120>
2026-04-23 17:47:05 | DEBUG    | aiosqlite | operation <function connect.<locals>.connector at 0x108659120> completed
2026-04-23 17:47:05 | DEBUG    | aiosqlite | executing functools.partial(<built-in method execute of sqlite3.Connection object at 0x10a1d44f0>, '\n                INSERT INTO users (user_id, username, first_name, joined_at)\n                VALUES (?, ?, ?, ?)\n                ON CONFLICT(user_id) DO UPDATE SET\n                    username   = excluded.username,\n                    first_name = excluded.first_name\n            ', (7885260604, 'cd_ex', 'Anonshack', '2026-04-23T12:47:05.476091'))
2026-04-23 17:47:05 | DEBUG    | aiosqlite | operation functools.partial(<built-in method execute of sqlite3.Connection object at 0x10a1d44f0>, '\n                INSERT INTO users (user_id, username, first_name, joined_at)\n                VALUES (?, ?, ?, ?)\n                ON CONFLICT(user_id) DO UPDATE SET\n                    username   = excluded.username,\n                    first_name = excluded.first_name\n            ', (7885260604, 'cd_ex', 'Anonshack', '2026-04-23T12:47:05.476091')) completed
2026-04-23 17:47:05 | DEBUG    | aiosqlite | executing functools.partial(<built-in method commit of sqlite3.Connection object at 0x10a1d44f0>)
2026-04-23 17:47:05 | DEBUG    | aiosqlite | operation functools.partial(<built-in method commit of sqlite3.Connection object at 0x10a1d44f0>) completed
2026-04-23 17:47:05 | DEBUG    | aiosqlite | executing functools.partial(<built-in method close of sqlite3.Connection object at 0x10a1d44f0>)
2026-04-23 17:47:05 | DEBUG    | aiosqlite | operation functools.partial(<built-in method close of sqlite3.Connection object at 0x10a1d44f0>) completed
2026-04-23 17:47:05 | [32mINFO    [0m | bot.services.downloader | Post/reel → yt-dlp: https://www.instagram.com/p/DSUs2isCMl6/
2026-04-23 17:47:07 | [32mINFO    [0m | bot.services.downloader | ✅ yt-dlp: 2 ta media (carousel_videos)
2026-04-23 17:47:08 | [32mINFO    [0m | bot.services.sender | Album yuborildi: 2 ta media
2026-04-23 17:47:08 | DEBUG    | bot.services.sender | 🗑  O'chirildi: f387bf98aa_0001.mp4
2026-04-23 17:47:08 | DEBUG    | bot.services.sender | 🗑  O'chirildi: f387bf98aa_0002.mp4
2026-04-23 17:47:08 | DEBUG    | aiosqlite | executing <function connect.<locals>.connector at 0x10a5eeca0>
2026-04-23 17:47:08 | DEBUG    | aiosqlite | operation <function connect.<locals>.connector at 0x10a5eeca0> completed
2026-04-23 17:47:08 | DEBUG    | aiosqlite | executing functools.partial(<built-in method execute of sqlite3.Connection object at 0x10a1d5120>, '\n                INSERT INTO downloads (user_id, link, media_type, status, created_at)\n                VALUES (?, ?, ?, ?, ?)\n            ', (7885260604, 'https://www.instagram.com/p/DSUs2isCMl6/', 'carousel_videos', 'ok', '2026-04-23T12:47:08.948783'))
2026-04-23 17:47:08 | DEBUG    | aiosqlite | operation functools.partial(<built-in method execute of sqlite3.Connection object at 0x10a1d5120>, '\n                INSERT INTO downloads (user_id, link, media_type, status, created_at)\n                VALUES (?, ?, ?, ?, ?)\n            ', (7885260604, 'https://www.instagram.com/p/DSUs2isCMl6/', 'carousel_videos', 'ok', '2026-04-23T12:47:08.948783')) completed
2026-04-23 17:47:08 | DEBUG    | aiosqlite | executing functools.partial(<built-in method commit of sqlite3.Connection object at 0x10a1d5120>)
2026-04-23 17:47:08 | DEBUG    | aiosqlite | operation functools.partial(<built-in method commit of sqlite3.Connection object at 0x10a1d5120>) completed
2026-04-23 17:47:08 | DEBUG    | aiosqlite | executing functools.partial(<built-in method close of sqlite3.Connection object at 0x10a1d5120>)
2026-04-23 17:47:08 | DEBUG    | aiosqlite | operation functools.partial(<built-in method close of sqlite3.Connection object at 0x10a1d5120>) completed
2026-04-23 17:47:32 | DEBUG    | aiosqlite | executing <function connect.<locals>.connector at 0x10a5efec0>
2026-04-23 17:47:32 | DEBUG    | aiosqlite | operation <function connect.<locals>.connector at 0x10a5efec0> completed
2026-04-23 17:47:32 | DEBUG    | aiosqlite | executing functools.partial(<built-in method execute of sqlite3.Connection object at 0x10a1d45e0>, '\n                INSERT INTO users (user_id, username, first_name, joined_at)\n                VALUES (?, ?, ?, ?)\n                ON CONFLICT(user_id) DO UPDATE SET\n                    username   = excluded.username,\n                    first_name = excluded.first_name\n            ', (7885260604, 'cd_ex', 'Anonshack', '2026-04-23T12:47:32.206864'))
2026-04-23 17:47:32 | DEBUG    | aiosqlite | operation functools.partial(<built-in method execute of sqlite3.Connection object at 0x10a1d45e0>, '\n                INSERT INTO users (user_id, username, first_name, joined_at)\n                VALUES (?, ?, ?, ?)\n                ON CONFLICT(user_id) DO UPDATE SET\n                    username   = excluded.username,\n                    first_name = excluded.first_name\n            ', (7885260604, 'cd_ex', 'Anonshack', '2026-04-23T12:47:32.206864')) completed
2026-04-23 17:47:32 | DEBUG    | aiosqlite | executing functools.partial(<built-in method commit of sqlite3.Connection object at 0x10a1d45e0>)
2026-04-23 17:47:32 | DEBUG    | aiosqlite | operation functools.partial(<built-in method commit of sqlite3.Connection object at 0x10a1d45e0>) completed
2026-04-23 17:47:32 | DEBUG    | aiosqlite | executing functools.partial(<built-in method close of sqlite3.Connection object at 0x10a1d45e0>)
2026-04-23 17:47:32 | DEBUG    | aiosqlite | operation functools.partial(<built-in method close of sqlite3.Connection object at 0x10a1d45e0>) completed
2026-04-23 17:47:32 | [32mINFO    [0m | bot.services.downloader | Story/highlights → instaloader: https://www.instagram.com/stories/metinakdulgernews/
2026-04-23 17:47:41 | [32mINFO    [0m | bot.services.downloader | instaloader: login muvaffaqiyatli (geodev_at)
2026-04-23 17:47:41 | [32mINFO    [0m | bot.services.downloader | Story yuklanmoqda: @metinakdulgernews (id=all)
2026-04-23 17:47:42 | [31mERROR   [0m | bot.services.downloader | instaloader fetch xatosi: Profile metinakdulgernews does not exist.
2026-04-23 17:47:42 | DEBUG    | aiosqlite | executing <function connect.<locals>.connector at 0x10a19eac0>
2026-04-23 17:47:42 | DEBUG    | aiosqlite | operation <function connect.<locals>.connector at 0x10a19eac0> completed
2026-04-23 17:47:42 | DEBUG    | aiosqlite | executing functools.partial(<built-in method execute of sqlite3.Connection object at 0x10a423970>, '\n                INSERT INTO downloads (user_id, link, media_type, status, created_at)\n                VALUES (?, ?, ?, ?, ?)\n            ', (7885260604, 'https://www.instagram.com/stories/metinakdulgernews/', 'unknown', 'failed', '2026-04-23T12:47:42.954427'))
2026-04-23 17:47:42 | DEBUG    | aiosqlite | operation functools.partial(<built-in method execute of sqlite3.Connection object at 0x10a423970>, '\n                INSERT INTO downloads (user_id, link, media_type, status, created_at)\n                VALUES (?, ?, ?, ?, ?)\n            ', (7885260604, 'https://www.instagram.com/stories/metinakdulgernews/', 'unknown', 'failed', '2026-04-23T12:47:42.954427')) completed
2026-04-23 17:47:42 | DEBUG    | aiosqlite | executing functools.partial(<built-in method commit of sqlite3.Connection object at 0x10a423970>)
2026-04-23 17:47:42 | DEBUG    | aiosqlite | operation functools.partial(<built-in method commit of sqlite3.Connection object at 0x10a423970>) completed
2026-04-23 17:47:42 | DEBUG    | aiosqlite | executing functools.partial(<built-in method close of sqlite3.Connection object at 0x10a423970>)
2026-04-23 17:47:42 | DEBUG    | aiosqlite | operation functools.partial(<built-in method close of sqlite3.Connection object at 0x10a423970>) completed
2026-04-23 17:53:37 | [33mWARNING [0m | aiogram.dispatcher | Received SIGINT signal
2026-04-23 17:53:38 | DEBUG    | bot.utils.cleanup | 🗑  Deleted temp file: /tmp/instabot/ig_session
2026-04-23 17:53:38 | [32mINFO    [0m | __main__ | 👋  Bot to'xtatildi
2026-04-23 17:53:41 | [32mINFO    [0m | bot.utils.logger | 📝  Logging initialised → logs/bot.log
2026-04-23 17:53:41 | DEBUG    | aiosqlite | executing <function connect.<locals>.connector at 0x109c06660>
2026-04-23 17:53:41 | DEBUG    | aiosqlite | operation <function connect.<locals>.connector at 0x109c06660> completed
2026-04-23 17:53:41 | DEBUG    | aiosqlite | executing functools.partial(<built-in method executescript of sqlite3.Connection object at 0x109b53970>, "\n                CREATE TABLE IF NOT EXISTS users (\n                    user_id     INTEGER PRIMARY KEY,\n                    username    TEXT,\n                    first_name  TEXT,\n                    joined_at   TEXT NOT NULL\n                );\n\n                CREATE TABLE IF NOT EXISTS downloads (\n                    id          INTEGER PRIMARY KEY AUTOINCREMENT,\n                    user_id     INTEGER NOT NULL,\n                    link        TEXT NOT NULL,\n                    media_type  TEXT,            -- 'video' | 'image' | 'carousel'\n                    status      TEXT DEFAULT 'ok', -- 'ok' | 'failed'\n                    created_at  TEXT NOT NULL,\n                    FOREIGN KEY (user_id) REFERENCES users(user_id)\n                );\n            ")
2026-04-23 17:53:41 | DEBUG    | aiosqlite | operation functools.partial(<built-in method executescript of sqlite3.Connection object at 0x109b53970>, "\n                CREATE TABLE IF NOT EXISTS users (\n                    user_id     INTEGER PRIMARY KEY,\n                    username    TEXT,\n                    first_name  TEXT,\n                    joined_at   TEXT NOT NULL\n                );\n\n                CREATE TABLE IF NOT EXISTS downloads (\n                    id          INTEGER PRIMARY KEY AUTOINCREMENT,\n                    user_id     INTEGER NOT NULL,\n                    link        TEXT NOT NULL,\n                    media_type  TEXT,            -- 'video' | 'image' | 'carousel'\n                    status      TEXT DEFAULT 'ok', -- 'ok' | 'failed'\n                    created_at  TEXT NOT NULL,\n                    FOREIGN KEY (user_id) REFERENCES users(user_id)\n                );\n            ") completed
2026-04-23 17:53:41 | DEBUG    | aiosqlite | executing functools.partial(<built-in method commit of sqlite3.Connection object at 0x109b53970>)
2026-04-23 17:53:41 | DEBUG    | aiosqlite | operation functools.partial(<built-in method commit of sqlite3.Connection object at 0x109b53970>) completed
2026-04-23 17:53:41 | DEBUG    | aiosqlite | executing functools.partial(<built-in method close of sqlite3.Connection object at 0x109b53970>)
2026-04-23 17:53:41 | DEBUG    | aiosqlite | operation functools.partial(<built-in method close of sqlite3.Connection object at 0x109b53970>) completed
2026-04-23 17:53:41 | [32mINFO    [0m | database.db | ✅  Database ready at database/bot.db
2026-04-23 17:53:42 | [32mINFO    [0m | __main__ | 🚀  Bot ishga tushdi: @instagram_post7_bot
2026-04-23 17:53:42 | [32mINFO    [0m | __main__ | 📸  Instagram: geodev_at hisobi bilan ulandi
2026-04-23 17:54:14 | DEBUG    | aiosqlite | executing <function connect.<locals>.connector at 0x109c28f40>
2026-04-23 17:54:14 | DEBUG    | aiosqlite | operation <function connect.<locals>.connector at 0x109c28f40> completed
2026-04-23 17:54:14 | DEBUG    | aiosqlite | executing functools.partial(<built-in method execute of sqlite3.Connection object at 0x109c24310>, '\n                INSERT INTO users (user_id, username, first_name, joined_at)\n                VALUES (?, ?, ?, ?)\n                ON CONFLICT(user_id) DO UPDATE SET\n                    username   = excluded.username,\n                    first_name = excluded.first_name\n            ', (7885260604, 'cd_ex', 'Anonshack', '2026-04-23T12:54:14.211683'))
2026-04-23 17:54:14 | DEBUG    | aiosqlite | operation functools.partial(<built-in method execute of sqlite3.Connection object at 0x109c24310>, '\n                INSERT INTO users (user_id, username, first_name, joined_at)\n                VALUES (?, ?, ?, ?)\n                ON CONFLICT(user_id) DO UPDATE SET\n                    username   = excluded.username,\n                    first_name = excluded.first_name\n            ', (7885260604, 'cd_ex', 'Anonshack', '2026-04-23T12:54:14.211683')) completed
2026-04-23 17:54:14 | DEBUG    | aiosqlite | executing functools.partial(<built-in method commit of sqlite3.Connection object at 0x109c24310>)
2026-04-23 17:54:14 | DEBUG    | aiosqlite | operation functools.partial(<built-in method commit of sqlite3.Connection object at 0x109c24310>) completed
2026-04-23 17:54:14 | DEBUG    | aiosqlite | executing functools.partial(<built-in method close of sqlite3.Connection object at 0x109c24310>)
2026-04-23 17:54:14 | DEBUG    | aiosqlite | operation functools.partial(<built-in method close of sqlite3.Connection object at 0x109c24310>) completed
2026-04-23 17:54:14 | [32mINFO    [0m | bot.services.downloader | ⬇️  Yuklanmoqda: https://www.instagram.com/p/DTm0UdwCFPx/
2026-04-23 17:54:14 | [32mINFO    [0m | bot.services.downloader | 🍪 Cookie ishlatilmoqda: cookies.txt
2026-04-23 17:54:17 | DEBUG    | bot.services.downloader |   [1] video — f760b83eba_0001.mp4 (4638.5 KB)
2026-04-23 17:54:17 | [32mINFO    [0m | bot.services.downloader | ✅ Yuklandi: 1 ta media (video) | https://www.instagram.com/p/DTm0UdwCFPx/
2026-04-23 17:54:18 | DEBUG    | bot.services.sender | 🗑 O'chirildi: f760b83eba_0001.mp4
2026-04-23 17:54:18 | DEBUG    | aiosqlite | executing <function connect.<locals>.connector at 0x10a01b380>
2026-04-23 17:54:18 | DEBUG    | aiosqlite | operation <function connect.<locals>.connector at 0x10a01b380> completed
2026-04-23 17:54:18 | DEBUG    | aiosqlite | executing functools.partial(<built-in method execute of sqlite3.Connection object at 0x109c244f0>, '\n                INSERT INTO downloads (user_id, link, media_type, status, created_at)\n                VALUES (?, ?, ?, ?, ?)\n            ', (7885260604, 'https://www.instagram.com/p/DTm0UdwCFPx/', 'video', 'ok', '2026-04-23T12:54:18.938351'))
2026-04-23 17:54:18 | DEBUG    | aiosqlite | operation functools.partial(<built-in method execute of sqlite3.Connection object at 0x109c244f0>, '\n                INSERT INTO downloads (user_id, link, media_type, status, created_at)\n                VALUES (?, ?, ?, ?, ?)\n            ', (7885260604, 'https://www.instagram.com/p/DTm0UdwCFPx/', 'video', 'ok', '2026-04-23T12:54:18.938351')) completed
2026-04-23 17:54:18 | DEBUG    | aiosqlite | executing functools.partial(<built-in method commit of sqlite3.Connection object at 0x109c244f0>)
2026-04-23 17:54:18 | DEBUG    | aiosqlite | operation functools.partial(<built-in method commit of sqlite3.Connection object at 0x109c244f0>) completed
2026-04-23 17:54:18 | DEBUG    | aiosqlite | executing functools.partial(<built-in method close of sqlite3.Connection object at 0x109c244f0>)
2026-04-23 17:54:18 | DEBUG    | aiosqlite | operation functools.partial(<built-in method close of sqlite3.Connection object at 0x109c244f0>) completed
2026-04-23 17:54:28 | DEBUG    | aiosqlite | executing <function connect.<locals>.connector at 0x10a32a520>
2026-04-23 17:54:28 | DEBUG    | aiosqlite | operation <function connect.<locals>.connector at 0x10a32a520> completed
2026-04-23 17:54:28 | DEBUG    | aiosqlite | executing functools.partial(<built-in method execute of sqlite3.Connection object at 0x109c244f0>, '\n                INSERT INTO users (user_id, username, first_name, joined_at)\n                VALUES (?, ?, ?, ?)\n                ON CONFLICT(user_id) DO UPDATE SET\n                    username   = excluded.username,\n                    first_name = excluded.first_name\n            ', (7885260604, 'cd_ex', 'Anonshack', '2026-04-23T12:54:28.368684'))
2026-04-23 17:54:28 | DEBUG    | aiosqlite | operation functools.partial(<built-in method execute of sqlite3.Connection object at 0x109c244f0>, '\n                INSERT INTO users (user_id, username, first_name, joined_at)\n                VALUES (?, ?, ?, ?)\n                ON CONFLICT(user_id) DO UPDATE SET\n                    username   = excluded.username,\n                    first_name = excluded.first_name\n            ', (7885260604, 'cd_ex', 'Anonshack', '2026-04-23T12:54:28.368684')) completed
2026-04-23 17:54:28 | DEBUG    | aiosqlite | executing functools.partial(<built-in method commit of sqlite3.Connection object at 0x109c244f0>)
2026-04-23 17:54:28 | DEBUG    | aiosqlite | operation functools.partial(<built-in method commit of sqlite3.Connection object at 0x109c244f0>) completed
2026-04-23 17:54:28 | DEBUG    | aiosqlite | executing functools.partial(<built-in method close of sqlite3.Connection object at 0x109c244f0>)
2026-04-23 17:54:28 | DEBUG    | aiosqlite | operation functools.partial(<built-in method close of sqlite3.Connection object at 0x109c244f0>) completed
2026-04-23 17:54:28 | [32mINFO    [0m | bot.services.downloader | ⬇️  Yuklanmoqda: https://www.instagram.com/stories/metinakdulgernews/
2026-04-23 17:54:28 | [32mINFO    [0m | bot.services.downloader | 🍪 Cookie ishlatilmoqda: cookies.txt
2026-04-23 17:54:30 | [33mWARNING [0m | bot.services.downloader | Hech qanday media topilmadi: https://www.instagram.com/stories/metinakdulgernews/
2026-04-23 17:54:30 | DEBUG    | aiosqlite | executing <function connect.<locals>.connector at 0x10a32ab60>
2026-04-23 17:54:30 | DEBUG    | aiosqlite | operation <function connect.<locals>.connector at 0x10a32ab60> completed
2026-04-23 17:54:30 | DEBUG    | aiosqlite | executing functools.partial(<built-in method execute of sqlite3.Connection object at 0x109e85120>, '\n                INSERT INTO downloads (user_id, link, media_type, status, created_at)\n                VALUES (?, ?, ?, ?, ?)\n            ', (7885260604, 'https://www.instagram.com/stories/metinakdulgernews/', 'unknown', 'failed', '2026-04-23T12:54:30.048397'))
2026-04-23 17:54:30 | DEBUG    | aiosqlite | operation functools.partial(<built-in method execute of sqlite3.Connection object at 0x109e85120>, '\n                INSERT INTO downloads (user_id, link, media_type, status, created_at)\n                VALUES (?, ?, ?, ?, ?)\n            ', (7885260604, 'https://www.instagram.com/stories/metinakdulgernews/', 'unknown', 'failed', '2026-04-23T12:54:30.048397')) completed
2026-04-23 17:54:30 | DEBUG    | aiosqlite | executing functools.partial(<built-in method commit of sqlite3.Connection object at 0x109e85120>)
2026-04-23 17:54:30 | DEBUG    | aiosqlite | operation functools.partial(<built-in method commit of sqlite3.Connection object at 0x109e85120>) completed
2026-04-23 17:54:30 | DEBUG    | aiosqlite | executing functools.partial(<built-in method close of sqlite3.Connection object at 0x109e85120>)
2026-04-23 17:54:30 | DEBUG    | aiosqlite | operation functools.partial(<built-in method close of sqlite3.Connection object at 0x109e85120>) completed
2026-04-23 17:54:59 | DEBUG    | aiosqlite | executing <function connect.<locals>.connector at 0x10a32ac00>
2026-04-23 17:54:59 | DEBUG    | aiosqlite | operation <function connect.<locals>.connector at 0x10a32ac00> completed
2026-04-23 17:54:59 | DEBUG    | aiosqlite | executing functools.partial(<built-in method execute of sqlite3.Connection object at 0x109c248b0>, '\n                INSERT INTO users (user_id, username, first_name, joined_at)\n                VALUES (?, ?, ?, ?)\n                ON CONFLICT(user_id) DO UPDATE SET\n                    username   = excluded.username,\n                    first_name = excluded.first_name\n            ', (7885260604, 'cd_ex', 'Anonshack', '2026-04-23T12:54:59.096242'))
2026-04-23 17:54:59 | DEBUG    | aiosqlite | operation functools.partial(<built-in method execute of sqlite3.Connection object at 0x109c248b0>, '\n                INSERT INTO users (user_id, username, first_name, joined_at)\n                VALUES (?, ?, ?, ?)\n                ON CONFLICT(user_id) DO UPDATE SET\n                    username   = excluded.username,\n                    first_name = excluded.first_name\n            ', (7885260604, 'cd_ex', 'Anonshack', '2026-04-23T12:54:59.096242')) completed
2026-04-23 17:54:59 | DEBUG    | aiosqlite | executing functools.partial(<built-in method commit of sqlite3.Connection object at 0x109c248b0>)
2026-04-23 17:54:59 | DEBUG    | aiosqlite | operation functools.partial(<built-in method commit of sqlite3.Connection object at 0x109c248b0>) completed
2026-04-23 17:54:59 | DEBUG    | aiosqlite | executing functools.partial(<built-in method close of sqlite3.Connection object at 0x109c248b0>)
2026-04-23 17:54:59 | DEBUG    | aiosqlite | operation functools.partial(<built-in method close of sqlite3.Connection object at 0x109c248b0>) completed
2026-04-23 17:54:59 | [32mINFO    [0m | bot.services.downloader | ⬇️  Yuklanmoqda: https://www.instagram.com/reels/DXbwW3vDHRa/
2026-04-23 17:54:59 | [32mINFO    [0m | bot.services.downloader | 🍪 Cookie ishlatilmoqda: cookies.txt
2026-04-23 17:55:01 | DEBUG    | bot.services.downloader |   [1] video — 484ba04185_0001.mp4 (4688.9 KB)
2026-04-23 17:55:01 | [32mINFO    [0m | bot.services.downloader | ✅ Yuklandi: 1 ta media (video) | https://www.instagram.com/reels/DXbwW3vDHRa/
2026-04-23 17:55:03 | DEBUG    | bot.services.sender | 🗑 O'chirildi: 484ba04185_0001.mp4
2026-04-23 17:55:03 | DEBUG    | bot.services.sender | 🗑 O'chirildi: 484ba04185_0001_audio.mp3
2026-04-23 17:55:03 | DEBUG    | aiosqlite | executing <function connect.<locals>.connector at 0x10a569580>
2026-04-23 17:55:03 | DEBUG    | aiosqlite | operation <function connect.<locals>.connector at 0x10a569580> completed
2026-04-23 17:55:03 | DEBUG    | aiosqlite | executing functools.partial(<built-in method execute of sqlite3.Connection object at 0x109c24a90>, '\n                INSERT INTO downloads (user_id, link, media_type, status, created_at)\n                VALUES (?, ?, ?, ?, ?)\n            ', (7885260604, 'https://www.instagram.com/reels/DXbwW3vDHRa/', 'video', 'ok', '2026-04-23T12:55:03.167669'))
2026-04-23 17:55:03 | DEBUG    | aiosqlite | operation functools.partial(<built-in method execute of sqlite3.Connection object at 0x109c24a90>, '\n                INSERT INTO downloads (user_id, link, media_type, status, created_at)\n                VALUES (?, ?, ?, ?, ?)\n            ', (7885260604, 'https://www.instagram.com/reels/DXbwW3vDHRa/', 'video', 'ok', '2026-04-23T12:55:03.167669')) completed
2026-04-23 17:55:03 | DEBUG    | aiosqlite | executing functools.partial(<built-in method commit of sqlite3.Connection object at 0x109c24a90>)
2026-04-23 17:55:03 | DEBUG    | aiosqlite | operation functools.partial(<built-in method commit of sqlite3.Connection object at 0x109c24a90>) completed
2026-04-23 17:55:03 | DEBUG    | aiosqlite | executing functools.partial(<built-in method close of sqlite3.Connection object at 0x109c24a90>)
2026-04-23 17:55:03 | DEBUG    | aiosqlite | operation functools.partial(<built-in method close of sqlite3.Connection object at 0x109c24a90>) completed
2026-04-23 17:55:31 | DEBUG    | aiosqlite | executing <function connect.<locals>.connector at 0x10a568d60>
2026-04-23 17:55:31 | DEBUG    | aiosqlite | operation <function connect.<locals>.connector at 0x10a568d60> completed
2026-04-23 17:55:31 | DEBUG    | aiosqlite | executing functools.partial(<built-in method execute of sqlite3.Connection object at 0x109c27f10>, '\n                INSERT INTO users (user_id, username, first_name, joined_at)\n                VALUES (?, ?, ?, ?)\n                ON CONFLICT(user_id) DO UPDATE SET\n                    username   = excluded.username,\n                    first_name = excluded.first_name\n            ', (7885260604, 'cd_ex', 'Anonshack', '2026-04-23T12:55:31.491039'))
2026-04-23 17:55:31 | DEBUG    | aiosqlite | operation functools.partial(<built-in method execute of sqlite3.Connection object at 0x109c27f10>, '\n                INSERT INTO users (user_id, username, first_name, joined_at)\n                VALUES (?, ?, ?, ?)\n                ON CONFLICT(user_id) DO UPDATE SET\n                    username   = excluded.username,\n                    first_name = excluded.first_name\n            ', (7885260604, 'cd_ex', 'Anonshack', '2026-04-23T12:55:31.491039')) completed
2026-04-23 17:55:31 | DEBUG    | aiosqlite | executing functools.partial(<built-in method commit of sqlite3.Connection object at 0x109c27f10>)
2026-04-23 17:55:31 | DEBUG    | aiosqlite | operation functools.partial(<built-in method commit of sqlite3.Connection object at 0x109c27f10>) completed
2026-04-23 17:55:31 | DEBUG    | aiosqlite | executing functools.partial(<built-in method close of sqlite3.Connection object at 0x109c27f10>)
2026-04-23 17:55:31 | DEBUG    | aiosqlite | operation functools.partial(<built-in method close of sqlite3.Connection object at 0x109c27f10>) completed
2026-04-23 17:55:31 | [32mINFO    [0m | bot.services.downloader | ⬇️  Yuklanmoqda: https://www.instagram.com/p/C4_MtrRqatO/
2026-04-23 17:55:31 | [32mINFO    [0m | bot.services.downloader | 🍪 Cookie ishlatilmoqda: cookies.txt
2026-04-23 17:55:32 | [33mWARNING [0m | bot.services.downloader | Hech qanday media topilmadi: https://www.instagram.com/p/C4_MtrRqatO/
2026-04-23 17:55:33 | DEBUG    | aiosqlite | executing <function connect.<locals>.connector at 0x10a5689a0>
2026-04-23 17:55:33 | DEBUG    | aiosqlite | operation <function connect.<locals>.connector at 0x10a5689a0> completed
2026-04-23 17:55:33 | DEBUG    | aiosqlite | executing functools.partial(<built-in method execute of sqlite3.Connection object at 0x109e872e0>, '\n                INSERT INTO downloads (user_id, link, media_type, status, created_at)\n                VALUES (?, ?, ?, ?, ?)\n            ', (7885260604, 'https://www.instagram.com/p/C4_MtrRqatO/', 'unknown', 'failed', '2026-04-23T12:55:33.000443'))
2026-04-23 17:55:33 | DEBUG    | aiosqlite | operation functools.partial(<built-in method execute of sqlite3.Connection object at 0x109e872e0>, '\n                INSERT INTO downloads (user_id, link, media_type, status, created_at)\n                VALUES (?, ?, ?, ?, ?)\n            ', (7885260604, 'https://www.instagram.com/p/C4_MtrRqatO/', 'unknown', 'failed', '2026-04-23T12:55:33.000443')) completed
2026-04-23 17:55:33 | DEBUG    | aiosqlite | executing functools.partial(<built-in method commit of sqlite3.Connection object at 0x109e872e0>)
2026-04-23 17:55:33 | DEBUG    | aiosqlite | operation functools.partial(<built-in method commit of sqlite3.Connection object at 0x109e872e0>) completed
2026-04-23 17:55:33 | DEBUG    | aiosqlite | executing functools.partial(<built-in method close of sqlite3.Connection object at 0x109e872e0>)
2026-04-23 17:55:33 | DEBUG    | aiosqlite | operation functools.partial(<built-in method close of sqlite3.Connection object at 0x109e872e0>) completed
2026-04-23 17:57:47 | DEBUG    | aiosqlite | executing <function connect.<locals>.connector at 0x10a7baa20>
2026-04-23 17:57:47 | DEBUG    | aiosqlite | operation <function connect.<locals>.connector at 0x10a7baa20> completed
2026-04-23 17:57:47 | DEBUG    | aiosqlite | executing functools.partial(<built-in method execute of sqlite3.Connection object at 0x109e86e30>, '\n                INSERT INTO users (user_id, username, first_name, joined_at)\n                VALUES (?, ?, ?, ?)\n                ON CONFLICT(user_id) DO UPDATE SET\n                    username   = excluded.username,\n                    first_name = excluded.first_name\n            ', (7885260604, 'cd_ex', 'Anonshack', '2026-04-23T12:57:47.560619'))
2026-04-23 17:57:47 | DEBUG    | aiosqlite | operation functools.partial(<built-in method execute of sqlite3.Connection object at 0x109e86e30>, '\n                INSERT INTO users (user_id, username, first_name, joined_at)\n                VALUES (?, ?, ?, ?)\n                ON CONFLICT(user_id) DO UPDATE SET\n                    username   = excluded.username,\n                    first_name = excluded.first_name\n            ', (7885260604, 'cd_ex', 'Anonshack', '2026-04-23T12:57:47.560619')) completed
2026-04-23 17:57:47 | DEBUG    | aiosqlite | executing functools.partial(<built-in method commit of sqlite3.Connection object at 0x109e86e30>)
2026-04-23 17:57:47 | DEBUG    | aiosqlite | operation functools.partial(<built-in method commit of sqlite3.Connection object at 0x109e86e30>) completed
2026-04-23 17:57:47 | DEBUG    | aiosqlite | executing functools.partial(<built-in method close of sqlite3.Connection object at 0x109e86e30>)
2026-04-23 17:57:47 | DEBUG    | aiosqlite | operation functools.partial(<built-in method close of sqlite3.Connection object at 0x109e86e30>) completed
2026-04-23 17:57:47 | [32mINFO    [0m | bot.services.downloader | ⬇️  Yuklanmoqda: https://www.instagram.com/reels/DUDu6uIjXTC/
2026-04-23 17:57:47 | [32mINFO    [0m | bot.services.downloader | 🍪 Cookie ishlatilmoqda: cookies.txt
2026-04-23 17:57:54 | DEBUG    | bot.services.downloader |   [1] video — 5a4ff89091_0001.mp4 (21632.9 KB)
2026-04-23 17:57:54 | [32mINFO    [0m | bot.services.downloader | ✅ Yuklandi: 1 ta media (video) | https://www.instagram.com/reels/DUDu6uIjXTC/
2026-04-23 17:57:58 | DEBUG    | bot.services.sender | 🗑 O'chirildi: 5a4ff89091_0001.mp4
2026-04-23 17:57:58 | DEBUG    | bot.services.sender | 🗑 O'chirildi: 5a4ff89091_0001_audio.mp3
2026-04-23 17:57:58 | DEBUG    | aiosqlite | executing <function connect.<locals>.connector at 0x10a346700>
2026-04-23 17:57:58 | DEBUG    | aiosqlite | operation <function connect.<locals>.connector at 0x10a346700> completed
2026-04-23 17:57:58 | DEBUG    | aiosqlite | executing functools.partial(<built-in method execute of sqlite3.Connection object at 0x109e865c0>, '\n                INSERT INTO downloads (user_id, link, media_type, status, created_at)\n                VALUES (?, ?, ?, ?, ?)\n            ', (7885260604, 'https://www.instagram.com/reels/DUDu6uIjXTC/', 'video', 'ok', '2026-04-23T12:57:58.006714'))
2026-04-23 17:57:58 | DEBUG    | aiosqlite | operation functools.partial(<built-in method execute of sqlite3.Connection object at 0x109e865c0>, '\n                INSERT INTO downloads (user_id, link, media_type, status, created_at)\n                VALUES (?, ?, ?, ?, ?)\n            ', (7885260604, 'https://www.instagram.com/reels/DUDu6uIjXTC/', 'video', 'ok', '2026-04-23T12:57:58.006714')) completed
2026-04-23 17:57:58 | DEBUG    | aiosqlite | executing functools.partial(<built-in method commit of sqlite3.Connection object at 0x109e865c0>)
2026-04-23 17:57:58 | DEBUG    | aiosqlite | operation functools.partial(<built-in method commit of sqlite3.Connection object at 0x109e865c0>) completed
2026-04-23 17:57:58 | DEBUG    | aiosqlite | executing functools.partial(<built-in method close of sqlite3.Connection object at 0x109e865c0>)
2026-04-23 17:57:58 | DEBUG    | aiosqlite | operation functools.partial(<built-in method close of sqlite3.Connection object at 0x109e865c0>) completed
2026-04-23 18:00:13 | [33mWARNING [0m | aiogram.dispatcher | Received SIGINT signal
2026-04-23 18:00:14 | [32mINFO    [0m | __main__ | 👋  Bot to'xtatildi
2026-04-23 18:00:17 | [32mINFO    [0m | bot.utils.logger | 📝  Logging initialised → logs/bot.log
2026-04-23 18:00:17 | DEBUG    | aiosqlite | executing <function connect.<locals>.connector at 0x10c42e7a0>
2026-04-23 18:00:17 | DEBUG    | aiosqlite | operation <function connect.<locals>.connector at 0x10c42e7a0> completed
2026-04-23 18:00:17 | DEBUG    | aiosqlite | executing functools.partial(<built-in method executescript of sqlite3.Connection object at 0x10c37b970>, "\n                CREATE TABLE IF NOT EXISTS users (\n                    user_id     INTEGER PRIMARY KEY,\n                    username    TEXT,\n                    first_name  TEXT,\n                    joined_at   TEXT NOT NULL\n                );\n\n                CREATE TABLE IF NOT EXISTS downloads (\n                    id          INTEGER PRIMARY KEY AUTOINCREMENT,\n                    user_id     INTEGER NOT NULL,\n                    link        TEXT NOT NULL,\n                    media_type  TEXT,            -- 'video' | 'image' | 'carousel'\n                    status      TEXT DEFAULT 'ok', -- 'ok' | 'failed'\n                    created_at  TEXT NOT NULL,\n                    FOREIGN KEY (user_id) REFERENCES users(user_id)\n                );\n            ")
2026-04-23 18:00:17 | DEBUG    | aiosqlite | operation functools.partial(<built-in method executescript of sqlite3.Connection object at 0x10c37b970>, "\n                CREATE TABLE IF NOT EXISTS users (\n                    user_id     INTEGER PRIMARY KEY,\n                    username    TEXT,\n                    first_name  TEXT,\n                    joined_at   TEXT NOT NULL\n                );\n\n                CREATE TABLE IF NOT EXISTS downloads (\n                    id          INTEGER PRIMARY KEY AUTOINCREMENT,\n                    user_id     INTEGER NOT NULL,\n                    link        TEXT NOT NULL,\n                    media_type  TEXT,            -- 'video' | 'image' | 'carousel'\n                    status      TEXT DEFAULT 'ok', -- 'ok' | 'failed'\n                    created_at  TEXT NOT NULL,\n                    FOREIGN KEY (user_id) REFERENCES users(user_id)\n                );\n            ") completed
2026-04-23 18:00:17 | DEBUG    | aiosqlite | executing functools.partial(<built-in method commit of sqlite3.Connection object at 0x10c37b970>)
2026-04-23 18:00:17 | DEBUG    | aiosqlite | operation functools.partial(<built-in method commit of sqlite3.Connection object at 0x10c37b970>) completed
2026-04-23 18:00:17 | DEBUG    | aiosqlite | executing functools.partial(<built-in method close of sqlite3.Connection object at 0x10c37b970>)
2026-04-23 18:00:17 | DEBUG    | aiosqlite | operation functools.partial(<built-in method close of sqlite3.Connection object at 0x10c37b970>) completed
2026-04-23 18:00:17 | [32mINFO    [0m | database.db | ✅  Database ready at database/bot.db
2026-04-23 18:00:17 | [32mINFO    [0m | __main__ | 🚀  Bot ishga tushdi: @instagram_post7_bot
2026-04-23 18:00:17 | [32mINFO    [0m | __main__ | 📸  Instagram: geodev_at hisobi bilan ulandi
2026-04-23 18:00:24 | DEBUG    | aiosqlite | executing <function connect.<locals>.connector at 0x10a95d080>
2026-04-23 18:00:24 | DEBUG    | aiosqlite | operation <function connect.<locals>.connector at 0x10a95d080> completed
2026-04-23 18:00:24 | DEBUG    | aiosqlite | executing functools.partial(<built-in method execute of sqlite3.Connection object at 0x10c458130>, '\n                INSERT INTO users (user_id, username, first_name, joined_at)\n                VALUES (?, ?, ?, ?)\n                ON CONFLICT(user_id) DO UPDATE SET\n                    username   = excluded.username,\n                    first_name = excluded.first_name\n            ', (7885260604, 'cd_ex', 'Anonshack', '2026-04-23T13:00:24.437129'))
2026-04-23 18:00:24 | DEBUG    | aiosqlite | operation functools.partial(<built-in method execute of sqlite3.Connection object at 0x10c458130>, '\n                INSERT INTO users (user_id, username, first_name, joined_at)\n                VALUES (?, ?, ?, ?)\n                ON CONFLICT(user_id) DO UPDATE SET\n                    username   = excluded.username,\n                    first_name = excluded.first_name\n            ', (7885260604, 'cd_ex', 'Anonshack', '2026-04-23T13:00:24.437129')) completed
2026-04-23 18:00:24 | DEBUG    | aiosqlite | executing functools.partial(<built-in method commit of sqlite3.Connection object at 0x10c458130>)
2026-04-23 18:00:24 | DEBUG    | aiosqlite | operation functools.partial(<built-in method commit of sqlite3.Connection object at 0x10c458130>) completed
2026-04-23 18:00:24 | DEBUG    | aiosqlite | executing functools.partial(<built-in method close of sqlite3.Connection object at 0x10c458130>)
2026-04-23 18:00:24 | DEBUG    | aiosqlite | operation functools.partial(<built-in method close of sqlite3.Connection object at 0x10c458130>) completed
2026-04-23 18:00:24 | [32mINFO    [0m | bot.services.downloader | ⬇️  Yuklanmoqda: https://www.instagram.com/p/C4_MtrRqatO/
2026-04-23 18:00:25 | DEBUG    | aiosqlite | executing <function connect.<locals>.connector at 0x10a95dbc0>
2026-04-23 18:00:25 | DEBUG    | aiosqlite | operation <function connect.<locals>.connector at 0x10a95dbc0> completed
2026-04-23 18:00:25 | DEBUG    | aiosqlite | executing functools.partial(<built-in method execute of sqlite3.Connection object at 0x10c6917b0>, '\n                INSERT INTO downloads (user_id, link, media_type, status, created_at)\n                VALUES (?, ?, ?, ?, ?)\n            ', (7885260604, 'https://www.instagram.com/p/C4_MtrRqatO/', 'unknown', 'failed', '2026-04-23T13:00:25.837570'))
2026-04-23 18:00:25 | DEBUG    | aiosqlite | operation functools.partial(<built-in method execute of sqlite3.Connection object at 0x10c6917b0>, '\n                INSERT INTO downloads (user_id, link, media_type, status, created_at)\n                VALUES (?, ?, ?, ?, ?)\n            ', (7885260604, 'https://www.instagram.com/p/C4_MtrRqatO/', 'unknown', 'failed', '2026-04-23T13:00:25.837570')) completed
2026-04-23 18:00:25 | DEBUG    | aiosqlite | executing functools.partial(<built-in method commit of sqlite3.Connection object at 0x10c6917b0>)
2026-04-23 18:00:25 | DEBUG    | aiosqlite | operation functools.partial(<built-in method commit of sqlite3.Connection object at 0x10c6917b0>) completed
2026-04-23 18:00:25 | DEBUG    | aiosqlite | executing functools.partial(<built-in method close of sqlite3.Connection object at 0x10c6917b0>)
2026-04-23 18:00:25 | DEBUG    | aiosqlite | operation functools.partial(<built-in method close of sqlite3.Connection object at 0x10c6917b0>) completed
2026-04-23 18:02:38 | [33mWARNING [0m | aiogram.dispatcher | Received SIGINT signal
2026-04-23 18:02:38 | [32mINFO    [0m | __main__ | 👋  Bot to'xtatildi
2026-04-23 18:02:41 | [32mINFO    [0m | bot.utils.logger | 📝  Logging initialised → logs/bot.log
2026-04-23 18:02:41 | DEBUG    | aiosqlite | executing <function connect.<locals>.connector at 0x10dd82980>
2026-04-23 18:02:41 | DEBUG    | aiosqlite | operation <function connect.<locals>.connector at 0x10dd82980> completed
2026-04-23 18:02:41 | DEBUG    | aiosqlite | executing functools.partial(<built-in method executescript of sqlite3.Connection object at 0x10dccba60>, "\n                CREATE TABLE IF NOT EXISTS users (\n                    user_id     INTEGER PRIMARY KEY,\n                    username    TEXT,\n                    first_name  TEXT,\n                    joined_at   TEXT NOT NULL\n                );\n\n                CREATE TABLE IF NOT EXISTS downloads (\n                    id          INTEGER PRIMARY KEY AUTOINCREMENT,\n                    user_id     INTEGER NOT NULL,\n                    link        TEXT NOT NULL,\n                    media_type  TEXT,            -- 'video' | 'image' | 'carousel'\n                    status      TEXT DEFAULT 'ok', -- 'ok' | 'failed'\n                    created_at  TEXT NOT NULL,\n                    FOREIGN KEY (user_id) REFERENCES users(user_id)\n                );\n            ")
2026-04-23 18:02:41 | DEBUG    | aiosqlite | operation functools.partial(<built-in method executescript of sqlite3.Connection object at 0x10dccba60>, "\n                CREATE TABLE IF NOT EXISTS users (\n                    user_id     INTEGER PRIMARY KEY,\n                    username    TEXT,\n                    first_name  TEXT,\n                    joined_at   TEXT NOT NULL\n                );\n\n                CREATE TABLE IF NOT EXISTS downloads (\n                    id          INTEGER PRIMARY KEY AUTOINCREMENT,\n                    user_id     INTEGER NOT NULL,\n                    link        TEXT NOT NULL,\n                    media_type  TEXT,            -- 'video' | 'image' | 'carousel'\n                    status      TEXT DEFAULT 'ok', -- 'ok' | 'failed'\n                    created_at  TEXT NOT NULL,\n                    FOREIGN KEY (user_id) REFERENCES users(user_id)\n                );\n            ") completed
2026-04-23 18:02:41 | DEBUG    | aiosqlite | executing functools.partial(<built-in method commit of sqlite3.Connection object at 0x10dccba60>)
2026-04-23 18:02:41 | DEBUG    | aiosqlite | operation functools.partial(<built-in method commit of sqlite3.Connection object at 0x10dccba60>) completed
2026-04-23 18:02:41 | DEBUG    | aiosqlite | executing functools.partial(<built-in method close of sqlite3.Connection object at 0x10dccba60>)
2026-04-23 18:02:41 | DEBUG    | aiosqlite | operation functools.partial(<built-in method close of sqlite3.Connection object at 0x10dccba60>) completed
2026-04-23 18:02:41 | [32mINFO    [0m | database.db | ✅  Database ready at database/bot.db
2026-04-23 18:02:42 | [32mINFO    [0m | __main__ | 🚀  Bot ishga tushdi: @instagram_post7_bot
2026-04-23 18:02:42 | [32mINFO    [0m | __main__ | 📸  Instagram: geodev_at hisobi bilan ulandi
2026-04-23 18:02:50 | DEBUG    | aiosqlite | executing <function connect.<locals>.connector at 0x10c255260>
2026-04-23 18:02:50 | DEBUG    | aiosqlite | operation <function connect.<locals>.connector at 0x10c255260> completed
2026-04-23 18:02:50 | DEBUG    | aiosqlite | executing functools.partial(<built-in method execute of sqlite3.Connection object at 0x10ddb0220>, '\n                INSERT INTO users (user_id, username, first_name, joined_at)\n                VALUES (?, ?, ?, ?)\n                ON CONFLICT(user_id) DO UPDATE SET\n                    username   = excluded.username,\n                    first_name = excluded.first_name\n            ', (7885260604, 'cd_ex', 'Anonshack', '2026-04-23T13:02:50.195857'))
2026-04-23 18:02:50 | DEBUG    | aiosqlite | operation functools.partial(<built-in method execute of sqlite3.Connection object at 0x10ddb0220>, '\n                INSERT INTO users (user_id, username, first_name, joined_at)\n                VALUES (?, ?, ?, ?)\n                ON CONFLICT(user_id) DO UPDATE SET\n                    username   = excluded.username,\n                    first_name = excluded.first_name\n            ', (7885260604, 'cd_ex', 'Anonshack', '2026-04-23T13:02:50.195857')) completed
2026-04-23 18:02:50 | DEBUG    | aiosqlite | executing functools.partial(<built-in method commit of sqlite3.Connection object at 0x10ddb0220>)
2026-04-23 18:02:50 | DEBUG    | aiosqlite | operation functools.partial(<built-in method commit of sqlite3.Connection object at 0x10ddb0220>) completed
2026-04-23 18:02:50 | DEBUG    | aiosqlite | executing functools.partial(<built-in method close of sqlite3.Connection object at 0x10ddb0220>)
2026-04-23 18:02:50 | DEBUG    | aiosqlite | operation functools.partial(<built-in method close of sqlite3.Connection object at 0x10ddb0220>) completed
2026-04-23 18:02:50 | [32mINFO    [0m | bot.services.downloader | ⬇️  Yuklanmoqda: https://www.instagram.com/p/C4_MtrRqatO/
2026-04-23 18:02:51 | [32mINFO    [0m | bot.services.downloader | yt-dlp yuklagan fayllar: 0 ta
2026-04-23 18:02:52 | DEBUG    | aiosqlite | executing <function connect.<locals>.connector at 0x10e19b7e0>
2026-04-23 18:02:52 | DEBUG    | aiosqlite | operation <function connect.<locals>.connector at 0x10e19b7e0> completed
2026-04-23 18:02:52 | DEBUG    | aiosqlite | executing functools.partial(<built-in method execute of sqlite3.Connection object at 0x10dfe97b0>, '\n                INSERT INTO downloads (user_id, link, media_type, status, created_at)\n                VALUES (?, ?, ?, ?, ?)\n            ', (7885260604, 'https://www.instagram.com/p/C4_MtrRqatO/', 'unknown', 'failed', '2026-04-23T13:02:52.449335'))
2026-04-23 18:02:52 | DEBUG    | aiosqlite | operation functools.partial(<built-in method execute of sqlite3.Connection object at 0x10dfe97b0>, '\n                INSERT INTO downloads (user_id, link, media_type, status, created_at)\n                VALUES (?, ?, ?, ?, ?)\n            ', (7885260604, 'https://www.instagram.com/p/C4_MtrRqatO/', 'unknown', 'failed', '2026-04-23T13:02:52.449335')) completed
2026-04-23 18:02:52 | DEBUG    | aiosqlite | executing functools.partial(<built-in method commit of sqlite3.Connection object at 0x10dfe97b0>)
2026-04-23 18:02:52 | DEBUG    | aiosqlite | operation functools.partial(<built-in method commit of sqlite3.Connection object at 0x10dfe97b0>) completed
2026-04-23 18:02:52 | DEBUG    | aiosqlite | executing functools.partial(<built-in method close of sqlite3.Connection object at 0x10dfe97b0>)
2026-04-23 18:02:52 | DEBUG    | aiosqlite | operation functools.partial(<built-in method close of sqlite3.Connection object at 0x10dfe97b0>) completed
2026-04-23 18:02:59 | DEBUG    | aiosqlite | executing <function connect.<locals>.connector at 0x10e0c3600>
2026-04-23 18:02:59 | DEBUG    | aiosqlite | operation <function connect.<locals>.connector at 0x10e0c3600> completed
2026-04-23 18:02:59 | DEBUG    | aiosqlite | executing functools.partial(<built-in method execute of sqlite3.Connection object at 0x10dfe93f0>, '\n                INSERT INTO users (user_id, username, first_name, joined_at)\n                VALUES (?, ?, ?, ?)\n                ON CONFLICT(user_id) DO UPDATE SET\n                    username   = excluded.username,\n                    first_name = excluded.first_name\n            ', (7885260604, 'cd_ex', 'Anonshack', '2026-04-23T13:02:59.719884'))
2026-04-23 18:02:59 | DEBUG    | aiosqlite | operation functools.partial(<built-in method execute of sqlite3.Connection object at 0x10dfe93f0>, '\n                INSERT INTO users (user_id, username, first_name, joined_at)\n                VALUES (?, ?, ?, ?)\n                ON CONFLICT(user_id) DO UPDATE SET\n                    username   = excluded.username,\n                    first_name = excluded.first_name\n            ', (7885260604, 'cd_ex', 'Anonshack', '2026-04-23T13:02:59.719884')) completed
2026-04-23 18:02:59 | DEBUG    | aiosqlite | executing functools.partial(<built-in method commit of sqlite3.Connection object at 0x10dfe93f0>)
2026-04-23 18:02:59 | DEBUG    | aiosqlite | operation functools.partial(<built-in method commit of sqlite3.Connection object at 0x10dfe93f0>) completed
2026-04-23 18:02:59 | DEBUG    | aiosqlite | executing functools.partial(<built-in method close of sqlite3.Connection object at 0x10dfe93f0>)
2026-04-23 18:02:59 | DEBUG    | aiosqlite | operation functools.partial(<built-in method close of sqlite3.Connection object at 0x10dfe93f0>) completed
2026-04-23 18:02:59 | [32mINFO    [0m | bot.services.downloader | ⬇️  Yuklanmoqda: https://www.instagram.com/reels/DUDu6uIjXTC/
2026-04-23 18:03:02 | [32mINFO    [0m | bot.services.downloader | yt-dlp yuklagan fayllar: 1 ta
2026-04-23 18:03:03 | [32mINFO    [0m | bot.services.downloader |   [1] ✅ video: 21.1 MB
2026-04-23 18:03:03 | [32mINFO    [0m | bot.services.downloader | ✅ Jami: 1 ta media (video)
2026-04-23 18:03:06 | DEBUG    | bot.services.sender | 🗑 O'chirildi: 11b56c3431_0001.mp4
2026-04-23 18:03:06 | DEBUG    | bot.services.sender | 🗑 O'chirildi: 11b56c3431_0001_audio.mp3
2026-04-23 18:03:06 | DEBUG    | aiosqlite | executing <function connect.<locals>.connector at 0x10e0c3600>
2026-04-23 18:03:06 | DEBUG    | aiosqlite | operation <function connect.<locals>.connector at 0x10e0c3600> completed
2026-04-23 18:03:06 | DEBUG    | aiosqlite | executing functools.partial(<built-in method execute of sqlite3.Connection object at 0x10ddb24d0>, '\n                INSERT INTO downloads (user_id, link, media_type, status, created_at)\n                VALUES (?, ?, ?, ?, ?)\n            ', (7885260604, 'https://www.instagram.com/reels/DUDu6uIjXTC/', 'video', 'ok', '2026-04-23T13:03:06.277796'))
2026-04-23 18:03:06 | DEBUG    | aiosqlite | operation functools.partial(<built-in method execute of sqlite3.Connection object at 0x10ddb24d0>, '\n                INSERT INTO downloads (user_id, link, media_type, status, created_at)\n                VALUES (?, ?, ?, ?, ?)\n            ', (7885260604, 'https://www.instagram.com/reels/DUDu6uIjXTC/', 'video', 'ok', '2026-04-23T13:03:06.277796')) completed
2026-04-23 18:03:06 | DEBUG    | aiosqlite | executing functools.partial(<built-in method commit of sqlite3.Connection object at 0x10ddb24d0>)
2026-04-23 18:03:06 | DEBUG    | aiosqlite | operation functools.partial(<built-in method commit of sqlite3.Connection object at 0x10ddb24d0>) completed
2026-04-23 18:03:06 | DEBUG    | aiosqlite | executing functools.partial(<built-in method close of sqlite3.Connection object at 0x10ddb24d0>)
2026-04-23 18:03:06 | DEBUG    | aiosqlite | operation functools.partial(<built-in method close of sqlite3.Connection object at 0x10ddb24d0>) completed
2026-04-23 18:03:23 | DEBUG    | aiosqlite | executing <function connect.<locals>.connector at 0x10e7b9300>
2026-04-23 18:03:23 | DEBUG    | aiosqlite | operation <function connect.<locals>.connector at 0x10e7b9300> completed
2026-04-23 18:03:23 | DEBUG    | aiosqlite | executing functools.partial(<built-in method execute of sqlite3.Connection object at 0x10dfe9120>, '\n                INSERT INTO users (user_id, username, first_name, joined_at)\n                VALUES (?, ?, ?, ?)\n                ON CONFLICT(user_id) DO UPDATE SET\n                    username   = excluded.username,\n                    first_name = excluded.first_name\n            ', (7885260604, 'cd_ex', 'Anonshack', '2026-04-23T13:03:23.315036'))
2026-04-23 18:03:23 | DEBUG    | aiosqlite | operation functools.partial(<built-in method execute of sqlite3.Connection object at 0x10dfe9120>, '\n                INSERT INTO users (user_id, username, first_name, joined_at)\n                VALUES (?, ?, ?, ?)\n                ON CONFLICT(user_id) DO UPDATE SET\n                    username   = excluded.username,\n                    first_name = excluded.first_name\n            ', (7885260604, 'cd_ex', 'Anonshack', '2026-04-23T13:03:23.315036')) completed
2026-04-23 18:03:23 | DEBUG    | aiosqlite | executing functools.partial(<built-in method commit of sqlite3.Connection object at 0x10dfe9120>)
2026-04-23 18:03:23 | DEBUG    | aiosqlite | operation functools.partial(<built-in method commit of sqlite3.Connection object at 0x10dfe9120>) completed
2026-04-23 18:03:23 | DEBUG    | aiosqlite | executing functools.partial(<built-in method close of sqlite3.Connection object at 0x10dfe9120>)
2026-04-23 18:03:23 | DEBUG    | aiosqlite | operation functools.partial(<built-in method close of sqlite3.Connection object at 0x10dfe9120>) completed
2026-04-23 18:03:23 | [32mINFO    [0m | bot.services.downloader | ⬇️  Yuklanmoqda: https://www.instagram.com/p/DRKRBlBDvi7/
2026-04-23 18:03:26 | [32mINFO    [0m | bot.services.downloader | yt-dlp yuklagan fayllar: 1 ta
2026-04-23 18:03:26 | [32mINFO    [0m | bot.services.downloader |   [1] ✅ video: 3.1 MB
2026-04-23 18:03:26 | [32mINFO    [0m | bot.services.downloader | ✅ Jami: 1 ta media (video)
2026-04-23 18:03:28 | DEBUG    | bot.services.sender | 🗑 O'chirildi: 60538e0c2d_0001.mp4
2026-04-23 18:03:28 | DEBUG    | bot.services.sender | 🗑 O'chirildi: 60538e0c2d_0001_audio.mp3
2026-04-23 18:03:28 | DEBUG    | aiosqlite | executing <function connect.<locals>.connector at 0x10e19bd80>
2026-04-23 18:03:28 | DEBUG    | aiosqlite | operation <function connect.<locals>.connector at 0x10e19bd80> completed
2026-04-23 18:03:28 | DEBUG    | aiosqlite | executing functools.partial(<built-in method execute of sqlite3.Connection object at 0x10ddb27a0>, '\n                INSERT INTO downloads (user_id, link, media_type, status, created_at)\n                VALUES (?, ?, ?, ?, ?)\n            ', (7885260604, 'https://www.instagram.com/p/DRKRBlBDvi7/', 'video', 'ok', '2026-04-23T13:03:28.024436'))
2026-04-23 18:03:28 | DEBUG    | aiosqlite | operation functools.partial(<built-in method execute of sqlite3.Connection object at 0x10ddb27a0>, '\n                INSERT INTO downloads (user_id, link, media_type, status, created_at)\n                VALUES (?, ?, ?, ?, ?)\n            ', (7885260604, 'https://www.instagram.com/p/DRKRBlBDvi7/', 'video', 'ok', '2026-04-23T13:03:28.024436')) completed
2026-04-23 18:03:28 | DEBUG    | aiosqlite | executing functools.partial(<built-in method commit of sqlite3.Connection object at 0x10ddb27a0>)
2026-04-23 18:03:28 | DEBUG    | aiosqlite | operation functools.partial(<built-in method commit of sqlite3.Connection object at 0x10ddb27a0>) completed
2026-04-23 18:03:28 | DEBUG    | aiosqlite | executing functools.partial(<built-in method close of sqlite3.Connection object at 0x10ddb27a0>)
2026-04-23 18:03:28 | DEBUG    | aiosqlite | operation functools.partial(<built-in method close of sqlite3.Connection object at 0x10ddb27a0>) completed
2026-04-23 18:03:40 | DEBUG    | aiosqlite | executing <function connect.<locals>.connector at 0x10e7a28e0>
2026-04-23 18:03:40 | DEBUG    | aiosqlite | operation <function connect.<locals>.connector at 0x10e7a28e0> completed
2026-04-23 18:03:40 | DEBUG    | aiosqlite | executing functools.partial(<built-in method execute of sqlite3.Connection object at 0x10ddb2f20>, '\n                INSERT INTO users (user_id, username, first_name, joined_at)\n                VALUES (?, ?, ?, ?)\n                ON CONFLICT(user_id) DO UPDATE SET\n                    username   = excluded.username,\n                    first_name = excluded.first_name\n            ', (7885260604, 'cd_ex', 'Anonshack', '2026-04-23T13:03:40.092622'))
2026-04-23 18:03:40 | DEBUG    | aiosqlite | operation functools.partial(<built-in method execute of sqlite3.Connection object at 0x10ddb2f20>, '\n                INSERT INTO users (user_id, username, first_name, joined_at)\n                VALUES (?, ?, ?, ?)\n                ON CONFLICT(user_id) DO UPDATE SET\n                    username   = excluded.username,\n                    first_name = excluded.first_name\n            ', (7885260604, 'cd_ex', 'Anonshack', '2026-04-23T13:03:40.092622')) completed
2026-04-23 18:03:40 | DEBUG    | aiosqlite | executing functools.partial(<built-in method commit of sqlite3.Connection object at 0x10ddb2f20>)
2026-04-23 18:03:40 | DEBUG    | aiosqlite | operation functools.partial(<built-in method commit of sqlite3.Connection object at 0x10ddb2f20>) completed
2026-04-23 18:03:40 | DEBUG    | aiosqlite | executing functools.partial(<built-in method close of sqlite3.Connection object at 0x10ddb2f20>)
2026-04-23 18:03:40 | DEBUG    | aiosqlite | operation functools.partial(<built-in method close of sqlite3.Connection object at 0x10ddb2f20>) completed
2026-04-23 18:03:40 | [32mINFO    [0m | bot.services.downloader | ⬇️  Yuklanmoqda: https://www.instagram.com/p/C4_MtrRqatO/
2026-04-23 18:03:40 | [32mINFO    [0m | bot.services.downloader | yt-dlp yuklagan fayllar: 0 ta
2026-04-23 18:03:41 | DEBUG    | aiosqlite | executing <function connect.<locals>.connector at 0x10e7a3420>
2026-04-23 18:03:41 | DEBUG    | aiosqlite | operation <function connect.<locals>.connector at 0x10e7a3420> completed
2026-04-23 18:03:41 | DEBUG    | aiosqlite | executing functools.partial(<built-in method execute of sqlite3.Connection object at 0x112b30c70>, '\n                INSERT INTO downloads (user_id, link, media_type, status, created_at)\n                VALUES (?, ?, ?, ?, ?)\n            ', (7885260604, 'https://www.instagram.com/p/C4_MtrRqatO/', 'unknown', 'failed', '2026-04-23T13:03:41.746904'))
2026-04-23 18:03:41 | DEBUG    | aiosqlite | operation functools.partial(<built-in method execute of sqlite3.Connection object at 0x112b30c70>, '\n                INSERT INTO downloads (user_id, link, media_type, status, created_at)\n                VALUES (?, ?, ?, ?, ?)\n            ', (7885260604, 'https://www.instagram.com/p/C4_MtrRqatO/', 'unknown', 'failed', '2026-04-23T13:03:41.746904')) completed
2026-04-23 18:03:41 | DEBUG    | aiosqlite | executing functools.partial(<built-in method commit of sqlite3.Connection object at 0x112b30c70>)
2026-04-23 18:03:41 | DEBUG    | aiosqlite | operation functools.partial(<built-in method commit of sqlite3.Connection object at 0x112b30c70>) completed
2026-04-23 18:03:41 | DEBUG    | aiosqlite | executing functools.partial(<built-in method close of sqlite3.Connection object at 0x112b30c70>)
2026-04-23 18:03:41 | DEBUG    | aiosqlite | operation functools.partial(<built-in method close of sqlite3.Connection object at 0x112b30c70>) completed
2026-04-23 18:05:41 | DEBUG    | aiosqlite | executing <function connect.<locals>.connector at 0x10e4ba340>
2026-04-23 18:05:41 | DEBUG    | aiosqlite | operation <function connect.<locals>.connector at 0x10e4ba340> completed
2026-04-23 18:05:41 | DEBUG    | aiosqlite | executing functools.partial(<built-in method execute of sqlite3.Connection object at 0x10ddb3100>, "SELECT COUNT(*) as cnt FROM downloads WHERE status = 'ok'", [])
2026-04-23 18:05:41 | DEBUG    | aiosqlite | operation functools.partial(<built-in method execute of sqlite3.Connection object at 0x10ddb3100>, "SELECT COUNT(*) as cnt FROM downloads WHERE status = 'ok'", []) completed
2026-04-23 18:05:41 | DEBUG    | aiosqlite | executing functools.partial(<built-in method fetchone of sqlite3.Cursor object at 0x10e55bec0>)
2026-04-23 18:05:41 | DEBUG    | aiosqlite | operation functools.partial(<built-in method fetchone of sqlite3.Cursor object at 0x10e55bec0>) completed
2026-04-23 18:05:41 | DEBUG    | aiosqlite | executing functools.partial(<built-in method execute of sqlite3.Connection object at 0x10ddb3100>, 'SELECT COUNT(*) as cnt FROM users', [])
2026-04-23 18:05:41 | DEBUG    | aiosqlite | operation functools.partial(<built-in method execute of sqlite3.Connection object at 0x10ddb3100>, 'SELECT COUNT(*) as cnt FROM users', []) completed
2026-04-23 18:05:41 | DEBUG    | aiosqlite | executing functools.partial(<built-in method fetchone of sqlite3.Cursor object at 0x10e55bcc0>)
2026-04-23 18:05:41 | DEBUG    | aiosqlite | operation functools.partial(<built-in method fetchone of sqlite3.Cursor object at 0x10e55bcc0>) completed
2026-04-23 18:05:41 | DEBUG    | aiosqlite | executing functools.partial(<built-in method execute of sqlite3.Connection object at 0x10ddb3100>, "\n                SELECT COUNT(*) as cnt FROM downloads\n                WHERE status = 'ok' AND DATE(created_at) = DATE('now')\n            ", [])
2026-04-23 18:05:41 | DEBUG    | aiosqlite | operation functools.partial(<built-in method execute of sqlite3.Connection object at 0x10ddb3100>, "\n                SELECT COUNT(*) as cnt FROM downloads\n                WHERE status = 'ok' AND DATE(created_at) = DATE('now')\n            ", []) completed
2026-04-23 18:05:41 | DEBUG    | aiosqlite | executing functools.partial(<built-in method fetchone of sqlite3.Cursor object at 0x10cbe3cc0>)
2026-04-23 18:05:41 | DEBUG    | aiosqlite | operation functools.partial(<built-in method fetchone of sqlite3.Cursor object at 0x10cbe3cc0>) completed
2026-04-23 18:05:41 | DEBUG    | aiosqlite | executing functools.partial(<built-in method close of sqlite3.Connection object at 0x10ddb3100>)
2026-04-23 18:05:41 | DEBUG    | aiosqlite | operation functools.partial(<built-in method close of sqlite3.Connection object at 0x10ddb3100>) completed
2026-04-23 18:05:41 | DEBUG    | aiosqlite | executing <function connect.<locals>.connector at 0x10e0c36a0>
2026-04-23 18:05:41 | DEBUG    | aiosqlite | operation <function connect.<locals>.connector at 0x10e0c36a0> completed
2026-04-23 18:05:41 | DEBUG    | aiosqlite | executing functools.partial(<built-in method execute of sqlite3.Connection object at 0x10ddb3100>, "\n                SELECT COUNT(*) as cnt FROM downloads\n                WHERE user_id = ? AND status = 'ok'\n            ", (7885260604,))
2026-04-23 18:05:41 | DEBUG    | aiosqlite | operation functools.partial(<built-in method execute of sqlite3.Connection object at 0x10ddb3100>, "\n                SELECT COUNT(*) as cnt FROM downloads\n                WHERE user_id = ? AND status = 'ok'\n            ", (7885260604,)) completed
2026-04-23 18:05:41 | DEBUG    | aiosqlite | executing functools.partial(<built-in method fetchone of sqlite3.Cursor object at 0x10cbe3cc0>)
2026-04-23 18:05:41 | DEBUG    | aiosqlite | operation functools.partial(<built-in method fetchone of sqlite3.Cursor object at 0x10cbe3cc0>) completed
2026-04-23 18:05:41 | DEBUG    | aiosqlite | executing functools.partial(<built-in method close of sqlite3.Connection object at 0x10ddb3100>)
2026-04-23 18:05:41 | DEBUG    | aiosqlite | operation functools.partial(<built-in method close of sqlite3.Connection object at 0x10ddb3100>) completed
2026-04-23 18:09:17 | DEBUG    | aiosqlite | executing <function connect.<locals>.connector at 0x10e7a0b80>
2026-04-23 18:09:17 | DEBUG    | aiosqlite | operation <function connect.<locals>.connector at 0x10e7a0b80> completed
2026-04-23 18:09:17 | DEBUG    | aiosqlite | executing functools.partial(<built-in method execute of sqlite3.Connection object at 0x10ddb27a0>, '\n                INSERT INTO users (user_id, username, first_name, joined_at)\n                VALUES (?, ?, ?, ?)\n                ON CONFLICT(user_id) DO UPDATE SET\n                    username   = excluded.username,\n                    first_name = excluded.first_name\n            ', (8547738683, 'geodev_at', 'Kudratbekh', '2026-04-23T13:09:17.154996'))
2026-04-23 18:09:17 | DEBUG    | aiosqlite | operation functools.partial(<built-in method execute of sqlite3.Connection object at 0x10ddb27a0>, '\n                INSERT INTO users (user_id, username, first_name, joined_at)\n                VALUES (?, ?, ?, ?)\n                ON CONFLICT(user_id) DO UPDATE SET\n                    username   = excluded.username,\n                    first_name = excluded.first_name\n            ', (8547738683, 'geodev_at', 'Kudratbekh', '2026-04-23T13:09:17.154996')) completed
2026-04-23 18:09:17 | DEBUG    | aiosqlite | executing functools.partial(<built-in method commit of sqlite3.Connection object at 0x10ddb27a0>)
2026-04-23 18:09:17 | DEBUG    | aiosqlite | operation functools.partial(<built-in method commit of sqlite3.Connection object at 0x10ddb27a0>) completed
2026-04-23 18:09:17 | DEBUG    | aiosqlite | executing functools.partial(<built-in method close of sqlite3.Connection object at 0x10ddb27a0>)
2026-04-23 18:09:17 | DEBUG    | aiosqlite | operation functools.partial(<built-in method close of sqlite3.Connection object at 0x10ddb27a0>) completed
2026-04-23 18:09:17 | [32mINFO    [0m | bot.services.downloader | ⬇️  Yuklanmoqda: https://www.instagram.com/p/DUNPxTsjPWK/
2026-04-23 18:09:20 | [32mINFO    [0m | bot.services.downloader | yt-dlp yuklagan fayllar: 1 ta
2026-04-23 18:09:20 | [32mINFO    [0m | bot.services.downloader |   [1] ✅ video: 4.7 MB
2026-04-23 18:09:20 | [32mINFO    [0m | bot.services.downloader | ✅ Jami: 1 ta media (video)
2026-04-23 18:09:23 | DEBUG    | bot.services.sender | 🗑 O'chirildi: 97ced0dc74_0001.mp4
2026-04-23 18:09:23 | DEBUG    | bot.services.sender | 🗑 O'chirildi: 97ced0dc74_0001_audio.mp3
2026-04-23 18:09:23 | DEBUG    | aiosqlite | executing <function connect.<locals>.connector at 0x10e7a0b80>
2026-04-23 18:09:23 | DEBUG    | aiosqlite | operation <function connect.<locals>.connector at 0x10e7a0b80> completed
2026-04-23 18:09:23 | DEBUG    | aiosqlite | executing functools.partial(<built-in method execute of sqlite3.Connection object at 0x10dfeb880>, '\n                INSERT INTO downloads (user_id, link, media_type, status, created_at)\n                VALUES (?, ?, ?, ?, ?)\n            ', (8547738683, 'https://www.instagram.com/p/DUNPxTsjPWK/', 'video', 'ok', '2026-04-23T13:09:23.075778'))
2026-04-23 18:09:23 | DEBUG    | aiosqlite | operation functools.partial(<built-in method execute of sqlite3.Connection object at 0x10dfeb880>, '\n                INSERT INTO downloads (user_id, link, media_type, status, created_at)\n                VALUES (?, ?, ?, ?, ?)\n            ', (8547738683, 'https://www.instagram.com/p/DUNPxTsjPWK/', 'video', 'ok', '2026-04-23T13:09:23.075778')) completed
2026-04-23 18:09:23 | DEBUG    | aiosqlite | executing functools.partial(<built-in method commit of sqlite3.Connection object at 0x10dfeb880>)
2026-04-23 18:09:23 | DEBUG    | aiosqlite | operation functools.partial(<built-in method commit of sqlite3.Connection object at 0x10dfeb880>) completed
2026-04-23 18:09:23 | DEBUG    | aiosqlite | executing functools.partial(<built-in method close of sqlite3.Connection object at 0x10dfeb880>)
2026-04-23 18:09:23 | DEBUG    | aiosqlite | operation functools.partial(<built-in method close of sqlite3.Connection object at 0x10dfeb880>) completed
2026-04-23 18:10:59 | [33mWARNING [0m | aiogram.dispatcher | Received SIGINT signal
2026-04-23 18:10:59 | [32mINFO    [0m | __main__ | 👋  Bot to'xtatildi
2026-04-23 18:11:02 | [32mINFO    [0m | bot.utils.logger | 📝  Logging initialised → logs/bot.log
2026-04-23 18:11:02 | DEBUG    | aiosqlite | executing <function connect.<locals>.connector at 0x109a027a0>
2026-04-23 18:11:02 | DEBUG    | aiosqlite | operation <function connect.<locals>.connector at 0x109a027a0> completed
2026-04-23 18:11:02 | DEBUG    | aiosqlite | executing functools.partial(<built-in method executescript of sqlite3.Connection object at 0x109953970>, "\n                CREATE TABLE IF NOT EXISTS users (\n                    user_id     INTEGER PRIMARY KEY,\n                    username    TEXT,\n                    first_name  TEXT,\n                    joined_at   TEXT NOT NULL\n                );\n\n                CREATE TABLE IF NOT EXISTS downloads (\n                    id          INTEGER PRIMARY KEY AUTOINCREMENT,\n                    user_id     INTEGER NOT NULL,\n                    link        TEXT NOT NULL,\n                    media_type  TEXT,            -- 'video' | 'image' | 'carousel'\n                    status      TEXT DEFAULT 'ok', -- 'ok' | 'failed'\n                    created_at  TEXT NOT NULL,\n                    FOREIGN KEY (user_id) REFERENCES users(user_id)\n                );\n            ")
2026-04-23 18:11:02 | DEBUG    | aiosqlite | operation functools.partial(<built-in method executescript of sqlite3.Connection object at 0x109953970>, "\n                CREATE TABLE IF NOT EXISTS users (\n                    user_id     INTEGER PRIMARY KEY,\n                    username    TEXT,\n                    first_name  TEXT,\n                    joined_at   TEXT NOT NULL\n                );\n\n                CREATE TABLE IF NOT EXISTS downloads (\n                    id          INTEGER PRIMARY KEY AUTOINCREMENT,\n                    user_id     INTEGER NOT NULL,\n                    link        TEXT NOT NULL,\n                    media_type  TEXT,            -- 'video' | 'image' | 'carousel'\n                    status      TEXT DEFAULT 'ok', -- 'ok' | 'failed'\n                    created_at  TEXT NOT NULL,\n                    FOREIGN KEY (user_id) REFERENCES users(user_id)\n                );\n            ") completed
2026-04-23 18:11:02 | DEBUG    | aiosqlite | executing functools.partial(<built-in method commit of sqlite3.Connection object at 0x109953970>)
2026-04-23 18:11:02 | DEBUG    | aiosqlite | operation functools.partial(<built-in method commit of sqlite3.Connection object at 0x109953970>) completed
2026-04-23 18:11:02 | DEBUG    | aiosqlite | executing functools.partial(<built-in method close of sqlite3.Connection object at 0x109953970>)
2026-04-23 18:11:02 | DEBUG    | aiosqlite | operation functools.partial(<built-in method close of sqlite3.Connection object at 0x109953970>) completed
2026-04-23 18:11:02 | [32mINFO    [0m | database.db | ✅  Database ready at database/bot.db
2026-04-23 18:11:03 | [32mINFO    [0m | __main__ | 🚀  Bot ishga tushdi: @instagram_post7_bot
2026-04-23 18:11:03 | [32mINFO    [0m | __main__ | 📸  Instagram: geodev_at hisobi bilan ulandi
2026-04-23 18:11:37 | DEBUG    | aiosqlite | executing <function connect.<locals>.connector at 0x107f11080>
2026-04-23 18:11:37 | DEBUG    | aiosqlite | operation <function connect.<locals>.connector at 0x107f11080> completed
2026-04-23 18:11:37 | DEBUG    | aiosqlite | executing functools.partial(<built-in method execute of sqlite3.Connection object at 0x109a2c310>, '\n                INSERT INTO users (user_id, username, first_name, joined_at)\n                VALUES (?, ?, ?, ?)\n                ON CONFLICT(user_id) DO UPDATE SET\n                    username   = excluded.username,\n                    first_name = excluded.first_name\n            ', (7885260604, 'cd_ex', 'Anonshack', '2026-04-23T13:11:37.640622'))
2026-04-23 18:11:37 | DEBUG    | aiosqlite | operation functools.partial(<built-in method execute of sqlite3.Connection object at 0x109a2c310>, '\n                INSERT INTO users (user_id, username, first_name, joined_at)\n                VALUES (?, ?, ?, ?)\n                ON CONFLICT(user_id) DO UPDATE SET\n                    username   = excluded.username,\n                    first_name = excluded.first_name\n            ', (7885260604, 'cd_ex', 'Anonshack', '2026-04-23T13:11:37.640622')) completed
2026-04-23 18:11:37 | DEBUG    | aiosqlite | executing functools.partial(<built-in method commit of sqlite3.Connection object at 0x109a2c310>)
2026-04-23 18:11:37 | DEBUG    | aiosqlite | operation functools.partial(<built-in method commit of sqlite3.Connection object at 0x109a2c310>) completed
2026-04-23 18:11:37 | DEBUG    | aiosqlite | executing functools.partial(<built-in method close of sqlite3.Connection object at 0x109a2c310>)
2026-04-23 18:11:37 | DEBUG    | aiosqlite | operation functools.partial(<built-in method close of sqlite3.Connection object at 0x109a2c310>) completed
2026-04-23 18:11:38 | [32mINFO    [0m | bot.services.downloader | ⬇️  https://www.instagram.com/p/DO_leS1CKTs/
2026-04-23 18:11:38 | [32mINFO    [0m | bot.services.downloader | 🍪 cookie: cookies.txt
2026-04-23 18:11:39 | [32mINFO    [0m | bot.services.downloader | yt-dlp: 0 video, 0 rasm fayl yuklandi
2026-04-23 18:11:39 | [32mINFO    [0m | bot.services.downloader | 🍪 cookie: cookies.txt
2026-04-23 18:11:39 | DEBUG    | aiosqlite | executing <function connect.<locals>.connector at 0x109e1b600>
2026-04-23 18:11:39 | DEBUG    | aiosqlite | operation <function connect.<locals>.connector at 0x109e1b600> completed
2026-04-23 18:11:39 | DEBUG    | aiosqlite | executing functools.partial(<built-in method execute of sqlite3.Connection object at 0x109c84d60>, '\n                INSERT INTO downloads (user_id, link, media_type, status, created_at)\n                VALUES (?, ?, ?, ?, ?)\n            ', (7885260604, 'https://www.instagram.com/p/DO_leS1CKTs/', 'unknown', 'failed', '2026-04-23T13:11:39.923497'))
2026-04-23 18:11:39 | DEBUG    | aiosqlite | operation functools.partial(<built-in method execute of sqlite3.Connection object at 0x109c84d60>, '\n                INSERT INTO downloads (user_id, link, media_type, status, created_at)\n                VALUES (?, ?, ?, ?, ?)\n            ', (7885260604, 'https://www.instagram.com/p/DO_leS1CKTs/', 'unknown', 'failed', '2026-04-23T13:11:39.923497')) completed
2026-04-23 18:11:39 | DEBUG    | aiosqlite | executing functools.partial(<built-in method commit of sqlite3.Connection object at 0x109c84d60>)
2026-04-23 18:11:39 | DEBUG    | aiosqlite | operation functools.partial(<built-in method commit of sqlite3.Connection object at 0x109c84d60>) completed
2026-04-23 18:11:39 | DEBUG    | aiosqlite | executing functools.partial(<built-in method close of sqlite3.Connection object at 0x109c84d60>)
2026-04-23 18:11:39 | DEBUG    | aiosqlite | operation functools.partial(<built-in method close of sqlite3.Connection object at 0x109c84d60>) completed
2026-04-23 18:11:47 | DEBUG    | aiosqlite | executing <function connect.<locals>.connector at 0x109d52700>
2026-04-23 18:11:47 | DEBUG    | aiosqlite | operation <function connect.<locals>.connector at 0x109d52700> completed
2026-04-23 18:11:47 | DEBUG    | aiosqlite | executing functools.partial(<built-in method execute of sqlite3.Connection object at 0x109c849a0>, '\n                INSERT INTO users (user_id, username, first_name, joined_at)\n                VALUES (?, ?, ?, ?)\n                ON CONFLICT(user_id) DO UPDATE SET\n                    username   = excluded.username,\n                    first_name = excluded.first_name\n            ', (7885260604, 'cd_ex', 'Anonshack', '2026-04-23T13:11:47.856523'))
2026-04-23 18:11:47 | DEBUG    | aiosqlite | operation functools.partial(<built-in method execute of sqlite3.Connection object at 0x109c849a0>, '\n                INSERT INTO users (user_id, username, first_name, joined_at)\n                VALUES (?, ?, ?, ?)\n                ON CONFLICT(user_id) DO UPDATE SET\n                    username   = excluded.username,\n                    first_name = excluded.first_name\n            ', (7885260604, 'cd_ex', 'Anonshack', '2026-04-23T13:11:47.856523')) completed
2026-04-23 18:11:47 | DEBUG    | aiosqlite | executing functools.partial(<built-in method commit of sqlite3.Connection object at 0x109c849a0>)
2026-04-23 18:11:47 | DEBUG    | aiosqlite | operation functools.partial(<built-in method commit of sqlite3.Connection object at 0x109c849a0>) completed
2026-04-23 18:11:47 | DEBUG    | aiosqlite | executing functools.partial(<built-in method close of sqlite3.Connection object at 0x109c849a0>)
2026-04-23 18:11:47 | DEBUG    | aiosqlite | operation functools.partial(<built-in method close of sqlite3.Connection object at 0x109c849a0>) completed
2026-04-23 18:11:48 | [32mINFO    [0m | bot.services.downloader | ⬇️  https://www.instagram.com/p/C4_MtrRqatO/
2026-04-23 18:11:48 | [32mINFO    [0m | bot.services.downloader | 🍪 cookie: cookies.txt
2026-04-23 18:11:48 | [32mINFO    [0m | bot.services.downloader | yt-dlp: 0 video, 0 rasm fayl yuklandi
2026-04-23 18:11:48 | [32mINFO    [0m | bot.services.downloader | 🍪 cookie: cookies.txt
2026-04-23 18:11:49 | DEBUG    | aiosqlite | executing <function connect.<locals>.connector at 0x100ce3240>
2026-04-23 18:11:49 | DEBUG    | aiosqlite | operation <function connect.<locals>.connector at 0x100ce3240> completed
2026-04-23 18:11:49 | DEBUG    | aiosqlite | executing functools.partial(<built-in method execute of sqlite3.Connection object at 0x10a223a60>, '\n                INSERT INTO downloads (user_id, link, media_type, status, created_at)\n                VALUES (?, ?, ?, ?, ?)\n            ', (7885260604, 'https://www.instagram.com/p/C4_MtrRqatO/', 'unknown', 'failed', '2026-04-23T13:11:49.666993'))
2026-04-23 18:11:49 | DEBUG    | aiosqlite | operation functools.partial(<built-in method execute of sqlite3.Connection object at 0x10a223a60>, '\n                INSERT INTO downloads (user_id, link, media_type, status, created_at)\n                VALUES (?, ?, ?, ?, ?)\n            ', (7885260604, 'https://www.instagram.com/p/C4_MtrRqatO/', 'unknown', 'failed', '2026-04-23T13:11:49.666993')) completed
2026-04-23 18:11:49 | DEBUG    | aiosqlite | executing functools.partial(<built-in method commit of sqlite3.Connection object at 0x10a223a60>)
2026-04-23 18:11:49 | DEBUG    | aiosqlite | operation functools.partial(<built-in method commit of sqlite3.Connection object at 0x10a223a60>) completed
2026-04-23 18:11:49 | DEBUG    | aiosqlite | executing functools.partial(<built-in method close of sqlite3.Connection object at 0x10a223a60>)
2026-04-23 18:11:49 | DEBUG    | aiosqlite | operation functools.partial(<built-in method close of sqlite3.Connection object at 0x10a223a60>) completed
2026-04-23 18:11:55 | DEBUG    | aiosqlite | executing <function connect.<locals>.connector at 0x109d52d40>
2026-04-23 18:11:55 | DEBUG    | aiosqlite | operation <function connect.<locals>.connector at 0x109d52d40> completed
2026-04-23 18:11:55 | DEBUG    | aiosqlite | executing functools.partial(<built-in method execute of sqlite3.Connection object at 0x109c846d0>, '\n                INSERT INTO users (user_id, username, first_name, joined_at)\n                VALUES (?, ?, ?, ?)\n                ON CONFLICT(user_id) DO UPDATE SET\n                    username   = excluded.username,\n                    first_name = excluded.first_name\n            ', (7885260604, 'cd_ex', 'Anonshack', '2026-04-23T13:11:55.332342'))
2026-04-23 18:11:55 | DEBUG    | aiosqlite | operation functools.partial(<built-in method execute of sqlite3.Connection object at 0x109c846d0>, '\n                INSERT INTO users (user_id, username, first_name, joined_at)\n                VALUES (?, ?, ?, ?)\n                ON CONFLICT(user_id) DO UPDATE SET\n                    username   = excluded.username,\n                    first_name = excluded.first_name\n            ', (7885260604, 'cd_ex', 'Anonshack', '2026-04-23T13:11:55.332342')) completed
2026-04-23 18:11:55 | DEBUG    | aiosqlite | executing functools.partial(<built-in method commit of sqlite3.Connection object at 0x109c846d0>)
2026-04-23 18:11:55 | DEBUG    | aiosqlite | operation functools.partial(<built-in method commit of sqlite3.Connection object at 0x109c846d0>) completed
2026-04-23 18:11:55 | DEBUG    | aiosqlite | executing functools.partial(<built-in method close of sqlite3.Connection object at 0x109c846d0>)
2026-04-23 18:11:55 | DEBUG    | aiosqlite | operation functools.partial(<built-in method close of sqlite3.Connection object at 0x109c846d0>) completed
2026-04-23 18:11:55 | [32mINFO    [0m | bot.services.downloader | ⬇️  https://www.instagram.com/p/DTm0UdwCFPx/
2026-04-23 18:11:55 | [32mINFO    [0m | bot.services.downloader | 🍪 cookie: cookies.txt
2026-04-23 18:11:56 | [32mINFO    [0m | bot.services.downloader | yt-dlp: 1 video, 0 rasm fayl yuklandi
2026-04-23 18:11:56 | [32mINFO    [0m | bot.services.downloader |   [1] ✅ video 4.5 MB
2026-04-23 18:11:56 | [32mINFO    [0m | bot.services.downloader | ✅ Jami: 1 ta (video) | https://www.instagram.com/p/DTm0UdwCFPx/
2026-04-23 18:11:58 | DEBUG    | bot.services.sender | 🗑 14a5a02fed_0001.mp4
2026-04-23 18:11:58 | DEBUG    | aiosqlite | executing <function connect.<locals>.connector at 0x10a0c74c0>
2026-04-23 18:11:58 | DEBUG    | aiosqlite | operation <function connect.<locals>.connector at 0x10a0c74c0> completed
2026-04-23 18:11:58 | DEBUG    | aiosqlite | executing functools.partial(<built-in method execute of sqlite3.Connection object at 0x109a2d8a0>, '\n                INSERT INTO downloads (user_id, link, media_type, status, created_at)\n                VALUES (?, ?, ?, ?, ?)\n            ', (7885260604, 'https://www.instagram.com/p/DTm0UdwCFPx/', 'video', 'ok', '2026-04-23T13:11:58.366787'))
2026-04-23 18:11:58 | DEBUG    | aiosqlite | operation functools.partial(<built-in method execute of sqlite3.Connection object at 0x109a2d8a0>, '\n                INSERT INTO downloads (user_id, link, media_type, status, created_at)\n                VALUES (?, ?, ?, ?, ?)\n            ', (7885260604, 'https://www.instagram.com/p/DTm0UdwCFPx/', 'video', 'ok', '2026-04-23T13:11:58.366787')) completed
2026-04-23 18:11:58 | DEBUG    | aiosqlite | executing functools.partial(<built-in method commit of sqlite3.Connection object at 0x109a2d8a0>)
2026-04-23 18:11:58 | DEBUG    | aiosqlite | operation functools.partial(<built-in method commit of sqlite3.Connection object at 0x109a2d8a0>) completed
2026-04-23 18:11:58 | DEBUG    | aiosqlite | executing functools.partial(<built-in method close of sqlite3.Connection object at 0x109a2d8a0>)
2026-04-23 18:11:58 | DEBUG    | aiosqlite | operation functools.partial(<built-in method close of sqlite3.Connection object at 0x109a2d8a0>) completed
2026-04-23 18:12:08 | DEBUG    | aiosqlite | executing <function connect.<locals>.connector at 0x10a0c4b80>
2026-04-23 18:12:08 | DEBUG    | aiosqlite | operation <function connect.<locals>.connector at 0x10a0c4b80> completed
2026-04-23 18:12:08 | DEBUG    | aiosqlite | executing functools.partial(<built-in method execute of sqlite3.Connection object at 0x109a2df30>, '\n                INSERT INTO users (user_id, username, first_name, joined_at)\n                VALUES (?, ?, ?, ?)\n                ON CONFLICT(user_id) DO UPDATE SET\n                    username   = excluded.username,\n                    first_name = excluded.first_name\n            ', (7885260604, 'cd_ex', 'Anonshack', '2026-04-23T13:12:08.856476'))
2026-04-23 18:12:08 | DEBUG    | aiosqlite | operation functools.partial(<built-in method execute of sqlite3.Connection object at 0x109a2df30>, '\n                INSERT INTO users (user_id, username, first_name, joined_at)\n                VALUES (?, ?, ?, ?)\n                ON CONFLICT(user_id) DO UPDATE SET\n                    username   = excluded.username,\n                    first_name = excluded.first_name\n            ', (7885260604, 'cd_ex', 'Anonshack', '2026-04-23T13:12:08.856476')) completed
2026-04-23 18:12:08 | DEBUG    | aiosqlite | executing functools.partial(<built-in method commit of sqlite3.Connection object at 0x109a2df30>)
2026-04-23 18:12:08 | DEBUG    | aiosqlite | operation functools.partial(<built-in method commit of sqlite3.Connection object at 0x109a2df30>) completed
2026-04-23 18:12:08 | DEBUG    | aiosqlite | executing functools.partial(<built-in method close of sqlite3.Connection object at 0x109a2df30>)
2026-04-23 18:12:08 | DEBUG    | aiosqlite | operation functools.partial(<built-in method close of sqlite3.Connection object at 0x109a2df30>) completed
2026-04-23 18:12:09 | [32mINFO    [0m | bot.services.downloader | ⬇️  https://www.instagram.com/stories/highlights/18097180672684620/
2026-04-23 18:12:09 | [32mINFO    [0m | bot.services.downloader | 🍪 cookie: cookies.txt
2026-04-23 18:12:10 | [32mINFO    [0m | bot.services.downloader | yt-dlp: 0 video, 0 rasm fayl yuklandi
2026-04-23 18:12:10 | [32mINFO    [0m | bot.services.downloader | 🍪 cookie: cookies.txt
2026-04-23 18:12:11 | DEBUG    | aiosqlite | executing <function connect.<locals>.connector at 0x10a0c59e0>
2026-04-23 18:12:11 | DEBUG    | aiosqlite | operation <function connect.<locals>.connector at 0x10a0c59e0> completed
2026-04-23 18:12:11 | DEBUG    | aiosqlite | executing functools.partial(<built-in method execute of sqlite3.Connection object at 0x109c847c0>, '\n                INSERT INTO downloads (user_id, link, media_type, status, created_at)\n                VALUES (?, ?, ?, ?, ?)\n            ', (7885260604, 'https://www.instagram.com/stories/highlights/18097180672684620/', 'unknown', 'failed', '2026-04-23T13:12:11.728083'))
2026-04-23 18:12:11 | DEBUG    | aiosqlite | operation functools.partial(<built-in method execute of sqlite3.Connection object at 0x109c847c0>, '\n                INSERT INTO downloads (user_id, link, media_type, status, created_at)\n                VALUES (?, ?, ?, ?, ?)\n            ', (7885260604, 'https://www.instagram.com/stories/highlights/18097180672684620/', 'unknown', 'failed', '2026-04-23T13:12:11.728083')) completed
2026-04-23 18:12:11 | DEBUG    | aiosqlite | executing functools.partial(<built-in method commit of sqlite3.Connection object at 0x109c847c0>)
2026-04-23 18:12:11 | DEBUG    | aiosqlite | operation functools.partial(<built-in method commit of sqlite3.Connection object at 0x109c847c0>) completed
2026-04-23 18:12:11 | DEBUG    | aiosqlite | executing functools.partial(<built-in method close of sqlite3.Connection object at 0x109c847c0>)
2026-04-23 18:12:11 | DEBUG    | aiosqlite | operation functools.partial(<built-in method close of sqlite3.Connection object at 0x109c847c0>) completed
2026-04-23 18:16:19 | [33mWARNING [0m | aiogram.dispatcher | Received SIGINT signal
2026-04-23 18:16:19 | [32mINFO    [0m | __main__ | 👋  Bot to'xtatildi
2026-04-23 18:16:51 | [32mINFO    [0m | bot.utils.logger | 📝  Logging initialised → logs/bot.log
2026-04-23 18:16:51 | DEBUG    | aiosqlite | executing <function connect.<locals>.connector at 0x10d8e58a0>
2026-04-23 18:16:51 | DEBUG    | aiosqlite | operation <function connect.<locals>.connector at 0x10d8e58a0> completed
2026-04-23 18:16:51 | DEBUG    | aiosqlite | executing functools.partial(<built-in method executescript of sqlite3.Connection object at 0x10d836c50>, "\n                CREATE TABLE IF NOT EXISTS users (\n                    user_id     INTEGER PRIMARY KEY,\n                    username    TEXT,\n                    first_name  TEXT,\n                    joined_at   TEXT NOT NULL\n                );\n\n                CREATE TABLE IF NOT EXISTS downloads (\n                    id          INTEGER PRIMARY KEY AUTOINCREMENT,\n                    user_id     INTEGER NOT NULL,\n                    link        TEXT NOT NULL,\n                    media_type  TEXT,            -- 'video' | 'image' | 'carousel'\n                    status      TEXT DEFAULT 'ok', -- 'ok' | 'failed'\n                    created_at  TEXT NOT NULL,\n                    FOREIGN KEY (user_id) REFERENCES users(user_id)\n                );\n            ")
2026-04-23 18:16:51 | DEBUG    | aiosqlite | operation functools.partial(<built-in method executescript of sqlite3.Connection object at 0x10d836c50>, "\n                CREATE TABLE IF NOT EXISTS users (\n                    user_id     INTEGER PRIMARY KEY,\n                    username    TEXT,\n                    first_name  TEXT,\n                    joined_at   TEXT NOT NULL\n                );\n\n                CREATE TABLE IF NOT EXISTS downloads (\n                    id          INTEGER PRIMARY KEY AUTOINCREMENT,\n                    user_id     INTEGER NOT NULL,\n                    link        TEXT NOT NULL,\n                    media_type  TEXT,            -- 'video' | 'image' | 'carousel'\n                    status      TEXT DEFAULT 'ok', -- 'ok' | 'failed'\n                    created_at  TEXT NOT NULL,\n                    FOREIGN KEY (user_id) REFERENCES users(user_id)\n                );\n            ") completed
2026-04-23 18:16:51 | DEBUG    | aiosqlite | executing functools.partial(<built-in method commit of sqlite3.Connection object at 0x10d836c50>)
2026-04-23 18:16:51 | DEBUG    | aiosqlite | operation functools.partial(<built-in method commit of sqlite3.Connection object at 0x10d836c50>) completed
2026-04-23 18:16:51 | DEBUG    | aiosqlite | executing functools.partial(<built-in method close of sqlite3.Connection object at 0x10d836c50>)
2026-04-23 18:16:51 | DEBUG    | aiosqlite | operation functools.partial(<built-in method close of sqlite3.Connection object at 0x10d836c50>) completed
2026-04-23 18:16:51 | [32mINFO    [0m | database.db | ✅  Database ready at database/bot.db
2026-04-23 18:16:51 | [32mINFO    [0m | __main__ | 🚀  Bot ishga tushdi: @instagram_post7_bot
2026-04-23 18:16:51 | [32mINFO    [0m | __main__ | 📸  Instagram: geodev_at hisobi bilan ulandi
2026-04-23 18:17:00 | DEBUG    | aiosqlite | executing <function connect.<locals>.connector at 0x10c6d1760>
2026-04-23 18:17:00 | DEBUG    | aiosqlite | operation <function connect.<locals>.connector at 0x10c6d1760> completed
2026-04-23 18:17:00 | DEBUG    | aiosqlite | executing functools.partial(<built-in method execute of sqlite3.Connection object at 0x10b81c040>, '\n                INSERT INTO users (user_id, username, first_name, joined_at)\n                VALUES (?, ?, ?, ?)\n                ON CONFLICT(user_id) DO UPDATE SET\n                    username   = excluded.username,\n                    first_name = excluded.first_name\n            ', (7885260604, 'cd_ex', 'Anonshack', '2026-04-23T13:17:00.720108'))
2026-04-23 18:17:00 | DEBUG    | aiosqlite | operation functools.partial(<built-in method execute of sqlite3.Connection object at 0x10b81c040>, '\n                INSERT INTO users (user_id, username, first_name, joined_at)\n                VALUES (?, ?, ?, ?)\n                ON CONFLICT(user_id) DO UPDATE SET\n                    username   = excluded.username,\n                    first_name = excluded.first_name\n            ', (7885260604, 'cd_ex', 'Anonshack', '2026-04-23T13:17:00.720108')) completed
2026-04-23 18:17:00 | DEBUG    | aiosqlite | executing functools.partial(<built-in method commit of sqlite3.Connection object at 0x10b81c040>)
2026-04-23 18:17:00 | DEBUG    | aiosqlite | operation functools.partial(<built-in method commit of sqlite3.Connection object at 0x10b81c040>) completed
2026-04-23 18:17:00 | DEBUG    | aiosqlite | executing functools.partial(<built-in method close of sqlite3.Connection object at 0x10b81c040>)
2026-04-23 18:17:00 | DEBUG    | aiosqlite | operation functools.partial(<built-in method close of sqlite3.Connection object at 0x10b81c040>) completed
2026-04-23 18:17:01 | [32mINFO    [0m | bot.services.downloader | ⬇️  https://www.instagram.com/stories/highlights/18097180672684620/
2026-04-23 18:17:01 | DEBUG    | urllib3.connectionpool | Starting new HTTPS connection (1): www.instagram.com:443
2026-04-23 18:17:02 | DEBUG    | urllib3.connectionpool | https://www.instagram.com:443 "GET / HTTP/1.1" 200 None
2026-04-23 18:17:08 | DEBUG    | urllib3.connectionpool | https://www.instagram.com:443 "POST /api/v1/web/accounts/login/ajax/ HTTP/1.1" 200 130
2026-04-23 18:17:08 | [32mINFO    [0m | bot.services.downloader | instaloader: login OK — geodev_at
2026-04-23 18:17:08 | [32mINFO    [0m | bot.services.downloader | Highlight yuklanmoqda: 18097180672684620
2026-04-23 18:17:08 | [31mERROR   [0m | bot.services.downloader | Highlight xato: 'int' object is not subscriptable
2026-04-23 18:17:08 | [32mINFO    [0m | bot.services.downloader | instaloader ishlamadi (Highlight yuklanmadi: 'int' object is not subscriptable), yt-dlp urinib ko'ramiz
2026-04-23 18:17:09 | DEBUG    | aiosqlite | executing <function connect.<locals>.connector at 0x10c6d1760>
2026-04-23 18:17:09 | DEBUG    | aiosqlite | operation <function connect.<locals>.connector at 0x10c6d1760> completed
2026-04-23 18:17:09 | DEBUG    | aiosqlite | executing functools.partial(<built-in method execute of sqlite3.Connection object at 0x1122ceb60>, '\n                INSERT INTO downloads (user_id, link, media_type, status, created_at)\n                VALUES (?, ?, ?, ?, ?)\n            ', (7885260604, 'https://www.instagram.com/stories/highlights/18097180672684620/', 'unknown', 'failed', '2026-04-23T13:17:09.695444'))
2026-04-23 18:17:09 | DEBUG    | aiosqlite | operation functools.partial(<built-in method execute of sqlite3.Connection object at 0x1122ceb60>, '\n                INSERT INTO downloads (user_id, link, media_type, status, created_at)\n                VALUES (?, ?, ?, ?, ?)\n            ', (7885260604, 'https://www.instagram.com/stories/highlights/18097180672684620/', 'unknown', 'failed', '2026-04-23T13:17:09.695444')) completed
2026-04-23 18:17:09 | DEBUG    | aiosqlite | executing functools.partial(<built-in method commit of sqlite3.Connection object at 0x1122ceb60>)
2026-04-23 18:17:09 | DEBUG    | aiosqlite | operation functools.partial(<built-in method commit of sqlite3.Connection object at 0x1122ceb60>) completed
2026-04-23 18:17:09 | DEBUG    | aiosqlite | executing functools.partial(<built-in method close of sqlite3.Connection object at 0x1122ceb60>)
2026-04-23 18:17:09 | DEBUG    | aiosqlite | operation functools.partial(<built-in method close of sqlite3.Connection object at 0x1122ceb60>) completed
2026-04-23 18:17:15 | DEBUG    | aiosqlite | executing <function connect.<locals>.connector at 0x1122d77e0>
2026-04-23 18:17:15 | DEBUG    | aiosqlite | operation <function connect.<locals>.connector at 0x1122d77e0> completed
2026-04-23 18:17:15 | DEBUG    | aiosqlite | executing functools.partial(<built-in method execute of sqlite3.Connection object at 0x10d837d30>, '\n                INSERT INTO users (user_id, username, first_name, joined_at)\n                VALUES (?, ?, ?, ?)\n                ON CONFLICT(user_id) DO UPDATE SET\n                    username   = excluded.username,\n                    first_name = excluded.first_name\n            ', (7885260604, 'cd_ex', 'Anonshack', '2026-04-23T13:17:15.900630'))
2026-04-23 18:17:15 | DEBUG    | aiosqlite | operation functools.partial(<built-in method execute of sqlite3.Connection object at 0x10d837d30>, '\n                INSERT INTO users (user_id, username, first_name, joined_at)\n                VALUES (?, ?, ?, ?)\n                ON CONFLICT(user_id) DO UPDATE SET\n                    username   = excluded.username,\n                    first_name = excluded.first_name\n            ', (7885260604, 'cd_ex', 'Anonshack', '2026-04-23T13:17:15.900630')) completed
2026-04-23 18:17:15 | DEBUG    | aiosqlite | executing functools.partial(<built-in method commit of sqlite3.Connection object at 0x10d837d30>)
2026-04-23 18:17:15 | DEBUG    | aiosqlite | operation functools.partial(<built-in method commit of sqlite3.Connection object at 0x10d837d30>) completed
2026-04-23 18:17:15 | DEBUG    | aiosqlite | executing functools.partial(<built-in method close of sqlite3.Connection object at 0x10d837d30>)
2026-04-23 18:17:15 | DEBUG    | aiosqlite | operation functools.partial(<built-in method close of sqlite3.Connection object at 0x10d837d30>) completed
2026-04-23 18:17:16 | [32mINFO    [0m | bot.services.downloader | ⬇️  https://www.instagram.com/p/DTm0UdwCFPx/
2026-04-23 18:17:16 | [32mINFO    [0m | bot.services.downloader | instaloader: session fayldan kirdi
2026-04-23 18:17:16 | [32mINFO    [0m | bot.services.downloader | Post yuklanmoqda: DTm0UdwCFPx
2026-04-23 18:17:37 | [32mINFO    [0m | bot.services.downloader | ✅ Post: 4 ta media
2026-04-23 18:17:39 | [32mINFO    [0m | bot.services.sender | album 4 ta yuborildi
2026-04-23 18:17:39 | DEBUG    | bot.services.sender | 🗑 2026-01-17_09-19-30_UTC_1.jpg
2026-04-23 18:17:39 | DEBUG    | bot.services.sender | 🗑 2026-01-17_09-19-30_UTC_2.jpg
2026-04-23 18:17:39 | DEBUG    | bot.services.sender | 🗑 2026-01-17_09-19-30_UTC_3.mp4
2026-04-23 18:17:39 | DEBUG    | bot.services.sender | 🗑 2026-01-17_09-19-30_UTC_4.jpg
2026-04-23 18:17:39 | DEBUG    | aiosqlite | executing <function connect.<locals>.connector at 0x1122d6b60>
2026-04-23 18:17:39 | DEBUG    | aiosqlite | operation <function connect.<locals>.connector at 0x1122d6b60> completed
2026-04-23 18:17:39 | DEBUG    | aiosqlite | executing functools.partial(<built-in method execute of sqlite3.Connection object at 0x112233f10>, '\n                INSERT INTO downloads (user_id, link, media_type, status, created_at)\n                VALUES (?, ?, ?, ?, ?)\n            ', (7885260604, 'https://www.instagram.com/p/DTm0UdwCFPx/', 'carousel_mixed', 'ok', '2026-04-23T13:17:39.757523'))
2026-04-23 18:17:39 | DEBUG    | aiosqlite | operation functools.partial(<built-in method execute of sqlite3.Connection object at 0x112233f10>, '\n                INSERT INTO downloads (user_id, link, media_type, status, created_at)\n                VALUES (?, ?, ?, ?, ?)\n            ', (7885260604, 'https://www.instagram.com/p/DTm0UdwCFPx/', 'carousel_mixed', 'ok', '2026-04-23T13:17:39.757523')) completed
2026-04-23 18:17:39 | DEBUG    | aiosqlite | executing functools.partial(<built-in method commit of sqlite3.Connection object at 0x112233f10>)
2026-04-23 18:17:39 | DEBUG    | aiosqlite | operation functools.partial(<built-in method commit of sqlite3.Connection object at 0x112233f10>) completed
2026-04-23 18:17:39 | DEBUG    | aiosqlite | executing functools.partial(<built-in method close of sqlite3.Connection object at 0x112233f10>)
2026-04-23 18:17:39 | DEBUG    | aiosqlite | operation functools.partial(<built-in method close of sqlite3.Connection object at 0x112233f10>) completed
2026-04-23 18:17:59 | DEBUG    | aiosqlite | executing <function connect.<locals>.connector at 0x1122d63e0>
2026-04-23 18:17:59 | DEBUG    | aiosqlite | operation <function connect.<locals>.connector at 0x1122d63e0> completed
2026-04-23 18:17:59 | DEBUG    | aiosqlite | executing functools.partial(<built-in method execute of sqlite3.Connection object at 0x112233b50>, '\n                INSERT INTO users (user_id, username, first_name, joined_at)\n                VALUES (?, ?, ?, ?)\n                ON CONFLICT(user_id) DO UPDATE SET\n                    username   = excluded.username,\n                    first_name = excluded.first_name\n            ', (7885260604, 'cd_ex', 'Anonshack', '2026-04-23T13:17:59.383150'))
2026-04-23 18:17:59 | DEBUG    | aiosqlite | operation functools.partial(<built-in method execute of sqlite3.Connection object at 0x112233b50>, '\n                INSERT INTO users (user_id, username, first_name, joined_at)\n                VALUES (?, ?, ?, ?)\n                ON CONFLICT(user_id) DO UPDATE SET\n                    username   = excluded.username,\n                    first_name = excluded.first_name\n            ', (7885260604, 'cd_ex', 'Anonshack', '2026-04-23T13:17:59.383150')) completed
2026-04-23 18:17:59 | DEBUG    | aiosqlite | executing functools.partial(<built-in method commit of sqlite3.Connection object at 0x112233b50>)
2026-04-23 18:17:59 | DEBUG    | aiosqlite | operation functools.partial(<built-in method commit of sqlite3.Connection object at 0x112233b50>) completed
2026-04-23 18:17:59 | DEBUG    | aiosqlite | executing functools.partial(<built-in method close of sqlite3.Connection object at 0x112233b50>)
2026-04-23 18:17:59 | DEBUG    | aiosqlite | operation functools.partial(<built-in method close of sqlite3.Connection object at 0x112233b50>) completed
2026-04-23 18:17:59 | [32mINFO    [0m | bot.services.downloader | ⬇️  https://www.instagram.com/reels/DXbwW3vDHRa/
2026-04-23 18:17:59 | [32mINFO    [0m | bot.services.downloader | instaloader: session fayldan kirdi
2026-04-23 18:17:59 | [32mINFO    [0m | bot.services.downloader | instaloader ishlamadi (URL turi aniqlanmadi), yt-dlp urinib ko'ramiz
2026-04-23 18:18:01 | [32mINFO    [0m | bot.services.downloader | ✅ yt-dlp: 1 ta media
2026-04-23 18:18:03 | DEBUG    | bot.services.sender | 🗑 a7f0eb4885_0001.mp4
2026-04-23 18:18:03 | DEBUG    | bot.services.sender | 🗑 a7f0eb4885_0001_audio.mp3
2026-04-23 18:18:03 | DEBUG    | aiosqlite | executing <function connect.<locals>.connector at 0x1122d7ce0>
2026-04-23 18:18:03 | DEBUG    | aiosqlite | operation <function connect.<locals>.connector at 0x1122d7ce0> completed
2026-04-23 18:18:03 | DEBUG    | aiosqlite | executing functools.partial(<built-in method execute of sqlite3.Connection object at 0x10d837d30>, '\n                INSERT INTO downloads (user_id, link, media_type, status, created_at)\n                VALUES (?, ?, ?, ?, ?)\n            ', (7885260604, 'https://www.instagram.com/reels/DXbwW3vDHRa/', 'video', 'ok', '2026-04-23T13:18:03.763063'))
2026-04-23 18:18:03 | DEBUG    | aiosqlite | operation functools.partial(<built-in method execute of sqlite3.Connection object at 0x10d837d30>, '\n                INSERT INTO downloads (user_id, link, media_type, status, created_at)\n                VALUES (?, ?, ?, ?, ?)\n            ', (7885260604, 'https://www.instagram.com/reels/DXbwW3vDHRa/', 'video', 'ok', '2026-04-23T13:18:03.763063')) completed
2026-04-23 18:18:03 | DEBUG    | aiosqlite | executing functools.partial(<built-in method commit of sqlite3.Connection object at 0x10d837d30>)
2026-04-23 18:18:03 | DEBUG    | aiosqlite | operation functools.partial(<built-in method commit of sqlite3.Connection object at 0x10d837d30>) completed
2026-04-23 18:18:03 | DEBUG    | aiosqlite | executing functools.partial(<built-in method close of sqlite3.Connection object at 0x10d837d30>)
2026-04-23 18:18:03 | DEBUG    | aiosqlite | operation functools.partial(<built-in method close of sqlite3.Connection object at 0x10d837d30>) completed
2026-04-23 18:18:12 | DEBUG    | aiosqlite | executing <function connect.<locals>.connector at 0x1122d6840>
2026-04-23 18:18:12 | DEBUG    | aiosqlite | operation <function connect.<locals>.connector at 0x1122d6840> completed
2026-04-23 18:18:12 | DEBUG    | aiosqlite | executing functools.partial(<built-in method execute of sqlite3.Connection object at 0x1122cec50>, '\n                INSERT INTO users (user_id, username, first_name, joined_at)\n                VALUES (?, ?, ?, ?)\n                ON CONFLICT(user_id) DO UPDATE SET\n                    username   = excluded.username,\n                    first_name = excluded.first_name\n            ', (7885260604, 'cd_ex', 'Anonshack', '2026-04-23T13:18:12.433349'))
2026-04-23 18:18:12 | DEBUG    | aiosqlite | operation functools.partial(<built-in method execute of sqlite3.Connection object at 0x1122cec50>, '\n                INSERT INTO users (user_id, username, first_name, joined_at)\n                VALUES (?, ?, ?, ?)\n                ON CONFLICT(user_id) DO UPDATE SET\n                    username   = excluded.username,\n                    first_name = excluded.first_name\n            ', (7885260604, 'cd_ex', 'Anonshack', '2026-04-23T13:18:12.433349')) completed
2026-04-23 18:18:12 | DEBUG    | aiosqlite | executing functools.partial(<built-in method commit of sqlite3.Connection object at 0x1122cec50>)
2026-04-23 18:18:12 | DEBUG    | aiosqlite | operation functools.partial(<built-in method commit of sqlite3.Connection object at 0x1122cec50>) completed
2026-04-23 18:18:12 | DEBUG    | aiosqlite | executing functools.partial(<built-in method close of sqlite3.Connection object at 0x1122cec50>)
2026-04-23 18:18:12 | DEBUG    | aiosqlite | operation functools.partial(<built-in method close of sqlite3.Connection object at 0x1122cec50>) completed
2026-04-23 18:18:12 | [32mINFO    [0m | bot.services.downloader | ⬇️  https://www.instagram.com/stories/massage_by_farruh/
2026-04-23 18:18:12 | [32mINFO    [0m | bot.services.downloader | instaloader: session fayldan kirdi
2026-04-23 18:18:12 | [32mINFO    [0m | bot.services.downloader | Story yuklanmoqda: @massage_by_farruh id=all
2026-04-23 18:18:13 | [32mINFO    [0m | bot.services.downloader | instaloader ishlamadi (Profil topilmadi: Profile massage_by_farruh does not exist.), yt-dlp urinib ko'ramiz
2026-04-23 18:18:15 | DEBUG    | aiosqlite | executing <function connect.<locals>.connector at 0x112bcd4e0>
2026-04-23 18:18:15 | DEBUG    | aiosqlite | operation <function connect.<locals>.connector at 0x112bcd4e0> completed
2026-04-23 18:18:15 | DEBUG    | aiosqlite | executing functools.partial(<built-in method execute of sqlite3.Connection object at 0x1122cc6d0>, '\n                INSERT INTO downloads (user_id, link, media_type, status, created_at)\n                VALUES (?, ?, ?, ?, ?)\n            ', (7885260604, 'https://www.instagram.com/stories/massage_by_farruh/', 'unknown', 'failed', '2026-04-23T13:18:15.160187'))
2026-04-23 18:18:15 | DEBUG    | aiosqlite | operation functools.partial(<built-in method execute of sqlite3.Connection object at 0x1122cc6d0>, '\n                INSERT INTO downloads (user_id, link, media_type, status, created_at)\n                VALUES (?, ?, ?, ?, ?)\n            ', (7885260604, 'https://www.instagram.com/stories/massage_by_farruh/', 'unknown', 'failed', '2026-04-23T13:18:15.160187')) completed
2026-04-23 18:18:15 | DEBUG    | aiosqlite | executing functools.partial(<built-in method commit of sqlite3.Connection object at 0x1122cc6d0>)
2026-04-23 18:18:15 | DEBUG    | aiosqlite | operation functools.partial(<built-in method commit of sqlite3.Connection object at 0x1122cc6d0>) completed
2026-04-23 18:18:15 | DEBUG    | aiosqlite | executing functools.partial(<built-in method close of sqlite3.Connection object at 0x1122cc6d0>)
2026-04-23 18:18:15 | DEBUG    | aiosqlite | operation functools.partial(<built-in method close of sqlite3.Connection object at 0x1122cc6d0>) completed
2026-04-23 18:18:36 | DEBUG    | aiosqlite | executing <function connect.<locals>.connector at 0x112bcf1a0>
2026-04-23 18:18:36 | DEBUG    | aiosqlite | operation <function connect.<locals>.connector at 0x112bcf1a0> completed
2026-04-23 18:18:36 | DEBUG    | aiosqlite | executing functools.partial(<built-in method execute of sqlite3.Connection object at 0x1122cec50>, '\n                INSERT INTO users (user_id, username, first_name, joined_at)\n                VALUES (?, ?, ?, ?)\n                ON CONFLICT(user_id) DO UPDATE SET\n                    username   = excluded.username,\n                    first_name = excluded.first_name\n            ', (7885260604, 'cd_ex', 'Anonshack', '2026-04-23T13:18:36.068805'))
2026-04-23 18:18:36 | DEBUG    | aiosqlite | operation functools.partial(<built-in method execute of sqlite3.Connection object at 0x1122cec50>, '\n                INSERT INTO users (user_id, username, first_name, joined_at)\n                VALUES (?, ?, ?, ?)\n                ON CONFLICT(user_id) DO UPDATE SET\n                    username   = excluded.username,\n                    first_name = excluded.first_name\n            ', (7885260604, 'cd_ex', 'Anonshack', '2026-04-23T13:18:36.068805')) completed
2026-04-23 18:18:36 | DEBUG    | aiosqlite | executing functools.partial(<built-in method commit of sqlite3.Connection object at 0x1122cec50>)
2026-04-23 18:18:36 | DEBUG    | aiosqlite | operation functools.partial(<built-in method commit of sqlite3.Connection object at 0x1122cec50>) completed
2026-04-23 18:18:36 | DEBUG    | aiosqlite | executing functools.partial(<built-in method close of sqlite3.Connection object at 0x1122cec50>)
2026-04-23 18:18:36 | DEBUG    | aiosqlite | operation functools.partial(<built-in method close of sqlite3.Connection object at 0x1122cec50>) completed
2026-04-23 18:18:36 | [32mINFO    [0m | bot.services.downloader | ⬇️  https://www.instagram.com/stories/metinakdulger/3881477716683798404/
2026-04-23 18:18:36 | [32mINFO    [0m | bot.services.downloader | instaloader: session fayldan kirdi
2026-04-23 18:18:36 | [32mINFO    [0m | bot.services.downloader | Story yuklanmoqda: @metinakdulger id=3881477716683798404
2026-04-23 18:18:38 | [32mINFO    [0m | bot.services.downloader | instaloader ishlamadi (Profil topilmadi: Profile metinakdulger does not exist.), yt-dlp urinib ko'ramiz
2026-04-23 18:18:39 | DEBUG    | aiosqlite | executing <function connect.<locals>.connector at 0x112bcd580>
2026-04-23 18:18:39 | DEBUG    | aiosqlite | operation <function connect.<locals>.connector at 0x112bcd580> completed
2026-04-23 18:18:39 | DEBUG    | aiosqlite | executing functools.partial(<built-in method execute of sqlite3.Connection object at 0x1122cca90>, '\n                INSERT INTO downloads (user_id, link, media_type, status, created_at)\n                VALUES (?, ?, ?, ?, ?)\n            ', (7885260604, 'https://www.instagram.com/stories/metinakdulger/3881477716683798404/', 'unknown', 'failed', '2026-04-23T13:18:39.841249'))
2026-04-23 18:18:39 | DEBUG    | aiosqlite | operation functools.partial(<built-in method execute of sqlite3.Connection object at 0x1122cca90>, '\n                INSERT INTO downloads (user_id, link, media_type, status, created_at)\n                VALUES (?, ?, ?, ?, ?)\n            ', (7885260604, 'https://www.instagram.com/stories/metinakdulger/3881477716683798404/', 'unknown', 'failed', '2026-04-23T13:18:39.841249')) completed
2026-04-23 18:18:39 | DEBUG    | aiosqlite | executing functools.partial(<built-in method commit of sqlite3.Connection object at 0x1122cca90>)
2026-04-23 18:18:39 | DEBUG    | aiosqlite | operation functools.partial(<built-in method commit of sqlite3.Connection object at 0x1122cca90>) completed
2026-04-23 18:18:39 | DEBUG    | aiosqlite | executing functools.partial(<built-in method close of sqlite3.Connection object at 0x1122cca90>)
2026-04-23 18:18:39 | DEBUG    | aiosqlite | operation functools.partial(<built-in method close of sqlite3.Connection object at 0x1122cca90>) completed
2026-04-23 18:24:16 | [33mWARNING [0m | aiogram.dispatcher | Received SIGINT signal
2026-04-23 18:24:17 | DEBUG    | bot.utils.cleanup | 🗑  Deleted temp file: /tmp/instabot/ig_session
2026-04-23 18:24:17 | [32mINFO    [0m | __main__ | 👋  Bot to'xtatildi
2026-04-23 18:24:19 | [32mINFO    [0m | bot.utils.logger | 📝  Logging initialised → logs/bot.log
2026-04-23 18:24:19 | DEBUG    | aiosqlite | executing <function connect.<locals>.connector at 0x10aeb20c0>
2026-04-23 18:24:19 | DEBUG    | aiosqlite | operation <function connect.<locals>.connector at 0x10aeb20c0> completed
2026-04-23 18:24:19 | DEBUG    | aiosqlite | executing functools.partial(<built-in method executescript of sqlite3.Connection object at 0x10ae0ab60>, "\n                CREATE TABLE IF NOT EXISTS users (\n                    user_id     INTEGER PRIMARY KEY,\n                    username    TEXT,\n                    first_name  TEXT,\n                    joined_at   TEXT NOT NULL\n                );\n\n                CREATE TABLE IF NOT EXISTS downloads (\n                    id          INTEGER PRIMARY KEY AUTOINCREMENT,\n                    user_id     INTEGER NOT NULL,\n                    link        TEXT NOT NULL,\n                    media_type  TEXT,            -- 'video' | 'image' | 'carousel'\n                    status      TEXT DEFAULT 'ok', -- 'ok' | 'failed'\n                    created_at  TEXT NOT NULL,\n                    FOREIGN KEY (user_id) REFERENCES users(user_id)\n                );\n            ")
2026-04-23 18:24:19 | DEBUG    | aiosqlite | operation functools.partial(<built-in method executescript of sqlite3.Connection object at 0x10ae0ab60>, "\n                CREATE TABLE IF NOT EXISTS users (\n                    user_id     INTEGER PRIMARY KEY,\n                    username    TEXT,\n                    first_name  TEXT,\n                    joined_at   TEXT NOT NULL\n                );\n\n                CREATE TABLE IF NOT EXISTS downloads (\n                    id          INTEGER PRIMARY KEY AUTOINCREMENT,\n                    user_id     INTEGER NOT NULL,\n                    link        TEXT NOT NULL,\n                    media_type  TEXT,            -- 'video' | 'image' | 'carousel'\n                    status      TEXT DEFAULT 'ok', -- 'ok' | 'failed'\n                    created_at  TEXT NOT NULL,\n                    FOREIGN KEY (user_id) REFERENCES users(user_id)\n                );\n            ") completed
2026-04-23 18:24:19 | DEBUG    | aiosqlite | executing functools.partial(<built-in method commit of sqlite3.Connection object at 0x10ae0ab60>)
2026-04-23 18:24:19 | DEBUG    | aiosqlite | operation functools.partial(<built-in method commit of sqlite3.Connection object at 0x10ae0ab60>) completed
2026-04-23 18:24:19 | DEBUG    | aiosqlite | executing functools.partial(<built-in method close of sqlite3.Connection object at 0x10ae0ab60>)
2026-04-23 18:24:19 | DEBUG    | aiosqlite | operation functools.partial(<built-in method close of sqlite3.Connection object at 0x10ae0ab60>) completed
2026-04-23 18:24:19 | [32mINFO    [0m | database.db | ✅  Database ready at database/bot.db
2026-04-23 18:24:20 | [32mINFO    [0m | __main__ | 🚀  Bot ishga tushdi: @instagram_post7_bot
2026-04-23 18:24:20 | [32mINFO    [0m | __main__ | 📸  Instagram: geodev_at hisobi bilan ulandi
2026-04-23 18:24:27 | DEBUG    | aiosqlite | executing <function connect.<locals>.connector at 0x10aed1f80>
2026-04-23 18:24:27 | DEBUG    | aiosqlite | operation <function connect.<locals>.connector at 0x10aed1f80> completed
2026-04-23 18:24:27 | DEBUG    | aiosqlite | executing functools.partial(<built-in method execute of sqlite3.Connection object at 0x10aee0040>, '\n                INSERT INTO users (user_id, username, first_name, joined_at)\n                VALUES (?, ?, ?, ?)\n                ON CONFLICT(user_id) DO UPDATE SET\n                    username   = excluded.username,\n                    first_name = excluded.first_name\n            ', (7885260604, 'cd_ex', 'Anonshack', '2026-04-23T13:24:27.689088'))
2026-04-23 18:24:27 | DEBUG    | aiosqlite | operation functools.partial(<built-in method execute of sqlite3.Connection object at 0x10aee0040>, '\n                INSERT INTO users (user_id, username, first_name, joined_at)\n                VALUES (?, ?, ?, ?)\n                ON CONFLICT(user_id) DO UPDATE SET\n                    username   = excluded.username,\n                    first_name = excluded.first_name\n            ', (7885260604, 'cd_ex', 'Anonshack', '2026-04-23T13:24:27.689088')) completed
2026-04-23 18:24:27 | DEBUG    | aiosqlite | executing functools.partial(<built-in method commit of sqlite3.Connection object at 0x10aee0040>)
2026-04-23 18:24:27 | DEBUG    | aiosqlite | operation functools.partial(<built-in method commit of sqlite3.Connection object at 0x10aee0040>) completed
2026-04-23 18:24:27 | DEBUG    | aiosqlite | executing functools.partial(<built-in method close of sqlite3.Connection object at 0x10aee0040>)
2026-04-23 18:24:27 | DEBUG    | aiosqlite | operation functools.partial(<built-in method close of sqlite3.Connection object at 0x10aee0040>) completed
2026-04-23 18:24:28 | [32mINFO    [0m | bot.services.downloader | ⬇️  https://www.instagram.com/p/DTm0UdwCFPx/
2026-04-23 18:24:28 | [32mINFO    [0m | bot.services.downloader | → Post/Reel DTm0UdwCFPx
2026-04-23 18:24:28 | DEBUG    | urllib3.connectionpool | Starting new HTTPS connection (1): www.instagram.com:443
2026-04-23 18:24:28 | DEBUG    | urllib3.connectionpool | https://www.instagram.com:443 "GET / HTTP/1.1" 200 None
2026-04-23 18:24:34 | DEBUG    | urllib3.connectionpool | https://www.instagram.com:443 "POST /api/v1/web/accounts/login/ajax/ HTTP/1.1" 200 130
2026-04-23 18:24:34 | [32mINFO    [0m | bot.services.downloader | instaloader: login OK (geodev_at)
2026-04-23 18:24:34 | [32mINFO    [0m | bot.services.downloader | session saqlandi: /tmp/instabot/ig_session
2026-04-23 18:24:35 | DEBUG    | urllib3.connectionpool | Starting new HTTPS connection (1): www.instagram.com:443
2026-04-23 18:24:36 | DEBUG    | urllib3.connectionpool | https://www.instagram.com:443 "POST /graphql/query HTTP/1.1" 200 4922
2026-04-23 18:24:36 | DEBUG    | urllib3.connectionpool | Starting new HTTPS connection (1): i.instagram.com:443
2026-04-23 18:24:37 | DEBUG    | urllib3.connectionpool | https://i.instagram.com:443 "GET /api/v1/media/3811964239368180721/info/ HTTP/1.1" 403 189
2026-04-23 18:24:38 | DEBUG    | urllib3.connectionpool | https://i.instagram.com:443 "GET /api/v1/media/3811964239368180721/info/ HTTP/1.1" 403 189
2026-04-23 18:24:41 | DEBUG    | urllib3.connectionpool | https://i.instagram.com:443 "GET /api/v1/media/3811964239368180721/info/ HTTP/1.1" 403 189
2026-04-23 18:24:41 | DEBUG    | urllib3.connectionpool | Starting new HTTPS connection (1): instagram.ftas8-1.fna.fbcdn.net:443
2026-04-23 18:24:41 | DEBUG    | urllib3.connectionpool | https://instagram.ftas8-1.fna.fbcdn.net:443 "GET /v/t51.82787-15/617575063_17995342754885661_3952788903148671437_n.webp?stp=dst-jpg_e15_fr_p1080x1080_tt6&_nc_ht=instagram.ftas8-1.fna.fbcdn.net&_nc_cat=109&_nc_oc=Q6cZ2gFkurt4y7CAodH_vSgn7wgs_1dQ_L0pCEIyvwEQ-DcRjYFIwuwn5zWKu31ViZONSWU&_nc_ohc=R8MNINoGH8MQ7kNvwGW6MB-&_nc_gid=OcRseF8a7FvnYSmUml62_g&edm=ANTKIIoBAAAA&ccb=7-5&oh=00_Af0Ymwr6G1SGyfTf_WBTodwIQYNbb_8LeaX8gzyOFztpIw&oe=69EFD5E4&_nc_sid=d885a2 HTTP/1.1" 200 99628
2026-04-23 18:24:41 | DEBUG    | urllib3.connectionpool | Starting new HTTPS connection (1): i.instagram.com:443
2026-04-23 18:24:42 | DEBUG    | urllib3.connectionpool | https://i.instagram.com:443 "GET /api/v1/media/3811964239368180721/info/ HTTP/1.1" 403 189
2026-04-23 18:24:44 | DEBUG    | urllib3.connectionpool | https://i.instagram.com:443 "GET /api/v1/media/3811964239368180721/info/ HTTP/1.1" 403 189
2026-04-23 18:24:45 | DEBUG    | urllib3.connectionpool | https://i.instagram.com:443 "GET /api/v1/media/3811964239368180721/info/ HTTP/1.1" 403 189
2026-04-23 18:24:45 | DEBUG    | urllib3.connectionpool | Starting new HTTPS connection (1): instagram.ftas8-1.fna.fbcdn.net:443
2026-04-23 18:24:45 | DEBUG    | urllib3.connectionpool | https://instagram.ftas8-1.fna.fbcdn.net:443 "GET /v/t51.82787-15/618721032_17995342763885661_968621148169446724_n.webp?stp=dst-jpg_e15_fr_p1080x1080_tt6&_nc_ht=instagram.ftas8-1.fna.fbcdn.net&_nc_cat=109&_nc_oc=Q6cZ2gFkurt4y7CAodH_vSgn7wgs_1dQ_L0pCEIyvwEQ-DcRjYFIwuwn5zWKu31ViZONSWU&_nc_ohc=FpVqKDnqTuMQ7kNvwG1rNMs&_nc_gid=OcRseF8a7FvnYSmUml62_g&edm=ANTKIIoBAAAA&ccb=7-5&oh=00_Af3qsTWqfqecp4K6xaQTXZ83TXHr6xuJq8PvDrcneDZiwA&oe=69F00804&_nc_sid=d885a2 HTTP/1.1" 200 100156
2026-04-23 18:24:45 | DEBUG    | urllib3.connectionpool | Starting new HTTPS connection (1): instagram.ftas8-1.fna.fbcdn.net:443
2026-04-23 18:24:45 | DEBUG    | urllib3.connectionpool | https://instagram.ftas8-1.fna.fbcdn.net:443 "GET /o1/v/t16/f2/m84/AQP8-y1553xYI5I1FEQxhDpLxJr2hO7eFGYJptJJsHUJPu3R_J6i47yzNtVsdqBSyiGLTeDUuAyVbYGxnGnVKSQbkJjarY-ns8hTe4k.mp4?_nc_cat=108&_nc_oc=AdpN88OFn_ruvJYl0CEzKyUE58MDpP9B4W7HaPZDoDb5_WoTG4RIuDI5_u2hpkF_mAw&_nc_sid=5e9851&_nc_ht=instagram.ftas8-1.fna.fbcdn.net&_nc_ohc=euQue2f1ExsQ7kNvwFLTeJs&efg=eyJ2ZW5jb2RlX3RhZyI6Inhwdl9wcm9ncmVzc2l2ZS5JTlNUQUdSQU0uQ0FST1VTRUxfSVRFTS5DMy43MjAuZGFzaF9iYXNlbGluZV8xX3YxIiwieHB2X2Fzc2V0X2lkIjoxNzcyMTY4OTgzNDU2NzAxLCJhc3NldF9hZ2VfZGF5cyI6OTYsInZpX3VzZWNhc2VfaWQiOjEwMTQ2LCJkdXJhdGlvbl9zIjoxMSwidXJsZ2VuX3NvdXJjZSI6Ind3dyJ9&ccb=17-1&vs=7fb5d5f13a990e42&_nc_vs=HBkcFQIYTGlnX2JhY2tmaWxsX3RpbWVsaW5lX3ZvZC83NTRCODRBQkRGNDY3QkZEN0VEMUIyOTYxMEE4MDE5Rl92aWRlb19kYXNoaW5pdC5tcDQVAALIARIAKAAYABsCiAd1c2Vfb2lsATEScHJvZ3Jlc3NpdmVfcmVjaXBlATEVAAAm-q7t6-fxpQYVAigCQzMsF0AmRBiTdLxqGBJkYXNoX2Jhc2VsaW5lXzFfdjERAHXuB2XEngEA&_nc_gid=OcRseF8a7FvnYSmUml62_g&_nc_zt=28&_nc_ss=7a22e&oh=00_Af2CMD4Bm0t07FqA0koAmtwopFir1_muK9YRA97Kmc4mqw&oe=69EC03E4 HTTP/1.1" 200 4749820
2026-04-23 18:24:46 | DEBUG    | urllib3.connectionpool | Starting new HTTPS connection (1): i.instagram.com:443
2026-04-23 18:24:46 | DEBUG    | urllib3.connectionpool | https://i.instagram.com:443 "GET /api/v1/media/3811964239368180721/info/ HTTP/1.1" 403 189
2026-04-23 18:24:49 | DEBUG    | urllib3.connectionpool | https://i.instagram.com:443 "GET /api/v1/media/3811964239368180721/info/ HTTP/1.1" 403 189
2026-04-23 18:24:50 | DEBUG    | urllib3.connectionpool | https://i.instagram.com:443 "GET /api/v1/media/3811964239368180721/info/ HTTP/1.1" 403 189
2026-04-23 18:24:50 | DEBUG    | urllib3.connectionpool | Starting new HTTPS connection (1): instagram.ftas8-1.fna.fbcdn.net:443
2026-04-23 18:24:50 | DEBUG    | urllib3.connectionpool | https://instagram.ftas8-1.fna.fbcdn.net:443 "GET /v/t51.82787-15/615542366_17995342772885661_2644773939305329452_n.webp?stp=dst-jpg_e15_fr_p1080x1080_tt6&_nc_ht=instagram.ftas8-1.fna.fbcdn.net&_nc_cat=109&_nc_oc=Q6cZ2gFkurt4y7CAodH_vSgn7wgs_1dQ_L0pCEIyvwEQ-DcRjYFIwuwn5zWKu31ViZONSWU&_nc_ohc=oExEzc8FWz8Q7kNvwHKyr-i&_nc_gid=OcRseF8a7FvnYSmUml62_g&edm=ANTKIIoBAAAA&ccb=7-5&oh=00_Af3IZsKjTdoTzuyRT0wGT1qA_13vkv9fnsePz6wC13E1Hw&oe=69EFDD85&_nc_sid=d885a2 HTTP/1.1" 200 122537
2026-04-23 18:24:50 | [32mINFO    [0m | bot.services.downloader | ✅ Post: 4 ta media
2026-04-23 18:24:52 | [32mINFO    [0m | bot.services.sender | album 4 ta yuborildi
2026-04-23 18:24:52 | DEBUG    | bot.services.sender | 🗑 2026-01-17_09-19-30_UTC_1.jpg
2026-04-23 18:24:52 | DEBUG    | bot.services.sender | 🗑 2026-01-17_09-19-30_UTC_2.jpg
2026-04-23 18:24:52 | DEBUG    | bot.services.sender | 🗑 2026-01-17_09-19-30_UTC_3.mp4
2026-04-23 18:24:52 | DEBUG    | bot.services.sender | 🗑 2026-01-17_09-19-30_UTC_4.jpg
2026-04-23 18:24:52 | DEBUG    | aiosqlite | executing <function connect.<locals>.connector at 0x10b4f98a0>
2026-04-23 18:24:52 | DEBUG    | aiosqlite | operation <function connect.<locals>.connector at 0x10b4f98a0> completed
2026-04-23 18:24:52 | DEBUG    | aiosqlite | executing functools.partial(<built-in method execute of sqlite3.Connection object at 0x10aee08b0>, '\n                INSERT INTO downloads (user_id, link, media_type, status, created_at)\n                VALUES (?, ?, ?, ?, ?)\n            ', (7885260604, 'https://www.instagram.com/p/DTm0UdwCFPx/', 'carousel_mixed', 'ok', '2026-04-23T13:24:52.406689'))
2026-04-23 18:24:52 | DEBUG    | aiosqlite | operation functools.partial(<built-in method execute of sqlite3.Connection object at 0x10aee08b0>, '\n                INSERT INTO downloads (user_id, link, media_type, status, created_at)\n                VALUES (?, ?, ?, ?, ?)\n            ', (7885260604, 'https://www.instagram.com/p/DTm0UdwCFPx/', 'carousel_mixed', 'ok', '2026-04-23T13:24:52.406689')) completed
2026-04-23 18:24:52 | DEBUG    | aiosqlite | executing functools.partial(<built-in method commit of sqlite3.Connection object at 0x10aee08b0>)
2026-04-23 18:24:52 | DEBUG    | aiosqlite | operation functools.partial(<built-in method commit of sqlite3.Connection object at 0x10aee08b0>) completed
2026-04-23 18:24:52 | DEBUG    | aiosqlite | executing functools.partial(<built-in method close of sqlite3.Connection object at 0x10aee08b0>)
2026-04-23 18:24:52 | DEBUG    | aiosqlite | operation functools.partial(<built-in method close of sqlite3.Connection object at 0x10aee08b0>) completed
2026-04-23 18:24:55 | DEBUG    | aiosqlite | executing <function connect.<locals>.connector at 0x10b4fa160>
2026-04-23 18:24:55 | DEBUG    | aiosqlite | operation <function connect.<locals>.connector at 0x10b4fa160> completed
2026-04-23 18:24:55 | DEBUG    | aiosqlite | executing functools.partial(<built-in method execute of sqlite3.Connection object at 0x10aee08b0>, '\n                INSERT INTO users (user_id, username, first_name, joined_at)\n                VALUES (?, ?, ?, ?)\n                ON CONFLICT(user_id) DO UPDATE SET\n                    username   = excluded.username,\n                    first_name = excluded.first_name\n            ', (7885260604, 'cd_ex', 'Anonshack', '2026-04-23T13:24:55.861474'))
2026-04-23 18:24:55 | DEBUG    | aiosqlite | operation functools.partial(<built-in method execute of sqlite3.Connection object at 0x10aee08b0>, '\n                INSERT INTO users (user_id, username, first_name, joined_at)\n                VALUES (?, ?, ?, ?)\n                ON CONFLICT(user_id) DO UPDATE SET\n                    username   = excluded.username,\n                    first_name = excluded.first_name\n            ', (7885260604, 'cd_ex', 'Anonshack', '2026-04-23T13:24:55.861474')) completed
2026-04-23 18:24:55 | DEBUG    | aiosqlite | executing functools.partial(<built-in method commit of sqlite3.Connection object at 0x10aee08b0>)
2026-04-23 18:24:55 | DEBUG    | aiosqlite | operation functools.partial(<built-in method commit of sqlite3.Connection object at 0x10aee08b0>) completed
2026-04-23 18:24:55 | DEBUG    | aiosqlite | executing functools.partial(<built-in method close of sqlite3.Connection object at 0x10aee08b0>)
2026-04-23 18:24:55 | DEBUG    | aiosqlite | operation functools.partial(<built-in method close of sqlite3.Connection object at 0x10aee08b0>) completed
2026-04-23 18:24:56 | [32mINFO    [0m | bot.services.downloader | ⬇️  https://www.instagram.com/reels/DXbwW3vDHRa/
2026-04-23 18:24:56 | DEBUG    | aiosqlite | executing <function connect.<locals>.connector at 0x10aed1a80>
2026-04-23 18:24:56 | DEBUG    | aiosqlite | operation <function connect.<locals>.connector at 0x10aed1a80> completed
2026-04-23 18:24:56 | DEBUG    | aiosqlite | executing functools.partial(<built-in method execute of sqlite3.Connection object at 0x10aee09a0>, '\n                INSERT INTO downloads (user_id, link, media_type, status, created_at)\n                VALUES (?, ?, ?, ?, ?)\n            ', (7885260604, 'https://www.instagram.com/reels/DXbwW3vDHRa/', 'unknown', 'failed', '2026-04-23T13:24:56.023256'))
2026-04-23 18:24:56 | DEBUG    | aiosqlite | operation functools.partial(<built-in method execute of sqlite3.Connection object at 0x10aee09a0>, '\n                INSERT INTO downloads (user_id, link, media_type, status, created_at)\n                VALUES (?, ?, ?, ?, ?)\n            ', (7885260604, 'https://www.instagram.com/reels/DXbwW3vDHRa/', 'unknown', 'failed', '2026-04-23T13:24:56.023256')) completed
2026-04-23 18:24:56 | DEBUG    | aiosqlite | executing functools.partial(<built-in method commit of sqlite3.Connection object at 0x10aee09a0>)
2026-04-23 18:24:56 | DEBUG    | aiosqlite | operation functools.partial(<built-in method commit of sqlite3.Connection object at 0x10aee09a0>) completed
2026-04-23 18:24:56 | DEBUG    | aiosqlite | executing functools.partial(<built-in method close of sqlite3.Connection object at 0x10aee09a0>)
2026-04-23 18:24:56 | DEBUG    | aiosqlite | operation functools.partial(<built-in method close of sqlite3.Connection object at 0x10aee09a0>) completed
2026-04-23 18:25:11 | DEBUG    | aiosqlite | executing <function connect.<locals>.connector at 0x10b4f98a0>
2026-04-23 18:25:11 | DEBUG    | aiosqlite | operation <function connect.<locals>.connector at 0x10b4f98a0> completed
2026-04-23 18:25:11 | DEBUG    | aiosqlite | executing functools.partial(<built-in method execute of sqlite3.Connection object at 0x10aee0130>, '\n                INSERT INTO users (user_id, username, first_name, joined_at)\n                VALUES (?, ?, ?, ?)\n                ON CONFLICT(user_id) DO UPDATE SET\n                    username   = excluded.username,\n                    first_name = excluded.first_name\n            ', (7885260604, 'cd_ex', 'Anonshack', '2026-04-23T13:25:11.383391'))
2026-04-23 18:25:11 | DEBUG    | aiosqlite | operation functools.partial(<built-in method execute of sqlite3.Connection object at 0x10aee0130>, '\n                INSERT INTO users (user_id, username, first_name, joined_at)\n                VALUES (?, ?, ?, ?)\n                ON CONFLICT(user_id) DO UPDATE SET\n                    username   = excluded.username,\n                    first_name = excluded.first_name\n            ', (7885260604, 'cd_ex', 'Anonshack', '2026-04-23T13:25:11.383391')) completed
2026-04-23 18:25:11 | DEBUG    | aiosqlite | executing functools.partial(<built-in method commit of sqlite3.Connection object at 0x10aee0130>)
2026-04-23 18:25:11 | DEBUG    | aiosqlite | operation functools.partial(<built-in method commit of sqlite3.Connection object at 0x10aee0130>) completed
2026-04-23 18:25:11 | DEBUG    | aiosqlite | executing functools.partial(<built-in method close of sqlite3.Connection object at 0x10aee0130>)
2026-04-23 18:25:11 | DEBUG    | aiosqlite | operation functools.partial(<built-in method close of sqlite3.Connection object at 0x10aee0130>) completed
2026-04-23 18:25:11 | [32mINFO    [0m | bot.services.downloader | ⬇️  https://www.instagram.com/p/DRKRBlBDvi7/
2026-04-23 18:25:11 | [32mINFO    [0m | bot.services.downloader | → Post/Reel DRKRBlBDvi7
2026-04-23 18:25:11 | [32mINFO    [0m | bot.services.downloader | instaloader: session fayldan kirdi (geodev_at)
2026-04-23 18:25:13 | DEBUG    | urllib3.connectionpool | Starting new HTTPS connection (1): www.instagram.com:443
2026-04-23 18:25:14 | DEBUG    | urllib3.connectionpool | https://www.instagram.com:443 "POST /graphql/query HTTP/1.1" 200 4365
2026-04-23 18:25:14 | DEBUG    | urllib3.connectionpool | Starting new HTTPS connection (1): i.instagram.com:443
2026-04-23 18:25:14 | DEBUG    | urllib3.connectionpool | https://i.instagram.com:443 "GET /api/v1/media/3767898913505212603/info/ HTTP/1.1" 403 189
2026-04-23 18:25:15 | DEBUG    | urllib3.connectionpool | https://i.instagram.com:443 "GET /api/v1/media/3767898913505212603/info/ HTTP/1.1" 403 189
2026-04-23 18:25:17 | DEBUG    | urllib3.connectionpool | https://i.instagram.com:443 "GET /api/v1/media/3767898913505212603/info/ HTTP/1.1" 403 189
2026-04-23 18:25:17 | DEBUG    | urllib3.connectionpool | Starting new HTTPS connection (1): instagram.ftas8-1.fna.fbcdn.net:443
2026-04-23 18:25:17 | DEBUG    | urllib3.connectionpool | https://instagram.ftas8-1.fna.fbcdn.net:443 "GET /o1/v/t2/f2/m86/AQNAL6RZZpNcF3Aft9VlVhR3i8OyttfmOAlZHbx5x80-WgdWRFo0dJPfBKSgleRq344ZgI50HLoYYQxwDtvE6YBOzXBFPTOL0WUIuC8.mp4?_nc_cat=107&_nc_oc=AdraPoKqikZd06kFrw4i1sUJ_IRWVvui5fc-tsiYOZKWQnhTUrf33FSXXgY-seDa4Mo&_nc_sid=5e9851&_nc_ht=instagram.ftas8-1.fna.fbcdn.net&_nc_ohc=vniBmQU8Aw4Q7kNvwHF0GiF&efg=eyJ2ZW5jb2RlX3RhZyI6Inhwdl9wcm9ncmVzc2l2ZS5JTlNUQUdSQU0uQ0xJUFMuQzMuNzIwLmRhc2hfYmFzZWxpbmVfMV92MSIsInhwdl9hc3NldF9pZCI6ODc1OTEzNTIxNjE2MDE1LCJhc3NldF9hZ2VfZGF5cyI6MTU2LCJ2aV91c2VjYXNlX2lkIjoxMDA5OSwiZHVyYXRpb25fcyI6MjMsInVybGdlbl9zb3VyY2UiOiJ3d3cifQ%3D%3D&ccb=17-1&vs=67459966e3bbc536&_nc_vs=HBksFQIYUmlnX3hwdl9yZWVsc19wZXJtYW5lbnRfc3JfcHJvZC8yQTQ0RTFGOUIzRUZENTgzN0VEMTkzMTVDOUI4NDU5OF92aWRlb19kYXNoaW5pdC5tcDQVAALIARIAFQIYR2lnX3hwdl9yZWVsc19wZXJtYW5lbnRfc3JfcHJvZC8xMTcyODA1MTkxNDcwMTcwXzQ4OTk3MTc5ODA5NDY1NDM4NjQubXA0FQICyAESACgAGAAbAogHdXNlX29pbAExEnByb2dyZXNzaXZlX3JlY2lwZQExFQAAJp7S-qTwqI4DFQIoAkMzLBdANzMzMzMzMxgSZGFzaF9iYXNlbGluZV8xX3YxEQB1_gdl5p0BAA&_nc_gid=xKWmHS4A36EbZmelpwT3Fg&_nc_zt=28&_nc_ss=7a22e&oh=00_Af34pssNO5DT95lypMfnSLtqikRZC54HO4KoHA_tO67d5Q&oe=69EC0444 HTTP/1.1" 200 3211973
2026-04-23 18:25:17 | [32mINFO    [0m | bot.services.downloader | ✅ Post: 1 ta media
2026-04-23 18:25:19 | DEBUG    | bot.services.sender | 🗑 2025-11-17_14-10-02_UTC.mp4
2026-04-23 18:25:19 | DEBUG    | bot.services.sender | 🗑 2025-11-17_14-10-02_UTC_audio.mp3
2026-04-23 18:25:19 | DEBUG    | aiosqlite | executing <function connect.<locals>.connector at 0x10b4fae80>
2026-04-23 18:25:19 | DEBUG    | aiosqlite | operation <function connect.<locals>.connector at 0x10b4fae80> completed
2026-04-23 18:25:19 | DEBUG    | aiosqlite | executing functools.partial(<built-in method execute of sqlite3.Connection object at 0x10aee07c0>, '\n                INSERT INTO downloads (user_id, link, media_type, status, created_at)\n                VALUES (?, ?, ?, ?, ?)\n            ', (7885260604, 'https://www.instagram.com/p/DRKRBlBDvi7/', 'video', 'ok', '2026-04-23T13:25:19.264419'))
2026-04-23 18:25:19 | DEBUG    | aiosqlite | operation functools.partial(<built-in method execute of sqlite3.Connection object at 0x10aee07c0>, '\n                INSERT INTO downloads (user_id, link, media_type, status, created_at)\n                VALUES (?, ?, ?, ?, ?)\n            ', (7885260604, 'https://www.instagram.com/p/DRKRBlBDvi7/', 'video', 'ok', '2026-04-23T13:25:19.264419')) completed
2026-04-23 18:25:19 | DEBUG    | aiosqlite | executing functools.partial(<built-in method commit of sqlite3.Connection object at 0x10aee07c0>)
2026-04-23 18:25:19 | DEBUG    | aiosqlite | operation functools.partial(<built-in method commit of sqlite3.Connection object at 0x10aee07c0>) completed
2026-04-23 18:25:19 | DEBUG    | aiosqlite | executing functools.partial(<built-in method close of sqlite3.Connection object at 0x10aee07c0>)
2026-04-23 18:25:19 | DEBUG    | aiosqlite | operation functools.partial(<built-in method close of sqlite3.Connection object at 0x10aee07c0>) completed
2026-04-23 18:25:30 | DEBUG    | aiosqlite | executing <function connect.<locals>.connector at 0x10b4fa340>
2026-04-23 18:25:30 | DEBUG    | aiosqlite | operation <function connect.<locals>.connector at 0x10b4fa340> completed
2026-04-23 18:25:30 | DEBUG    | aiosqlite | executing functools.partial(<built-in method execute of sqlite3.Connection object at 0x10ae0b880>, '\n                INSERT INTO users (user_id, username, first_name, joined_at)\n                VALUES (?, ?, ?, ?)\n                ON CONFLICT(user_id) DO UPDATE SET\n                    username   = excluded.username,\n                    first_name = excluded.first_name\n            ', (7885260604, 'cd_ex', 'Anonshack', '2026-04-23T13:25:30.274104'))
2026-04-23 18:25:30 | DEBUG    | aiosqlite | operation functools.partial(<built-in method execute of sqlite3.Connection object at 0x10ae0b880>, '\n                INSERT INTO users (user_id, username, first_name, joined_at)\n                VALUES (?, ?, ?, ?)\n                ON CONFLICT(user_id) DO UPDATE SET\n                    username   = excluded.username,\n                    first_name = excluded.first_name\n            ', (7885260604, 'cd_ex', 'Anonshack', '2026-04-23T13:25:30.274104')) completed
2026-04-23 18:25:30 | DEBUG    | aiosqlite | executing functools.partial(<built-in method commit of sqlite3.Connection object at 0x10ae0b880>)
2026-04-23 18:25:30 | DEBUG    | aiosqlite | operation functools.partial(<built-in method commit of sqlite3.Connection object at 0x10ae0b880>) completed
2026-04-23 18:25:30 | DEBUG    | aiosqlite | executing functools.partial(<built-in method close of sqlite3.Connection object at 0x10ae0b880>)
2026-04-23 18:25:30 | DEBUG    | aiosqlite | operation functools.partial(<built-in method close of sqlite3.Connection object at 0x10ae0b880>) completed
2026-04-23 18:25:30 | [32mINFO    [0m | bot.services.downloader | ⬇️  https://www.instagram.com/stories/metinakdulger/3880975007245439227/
2026-04-23 18:25:30 | [32mINFO    [0m | bot.services.downloader | → Story @metinakdulger id=3880975007245439227
2026-04-23 18:25:30 | [32mINFO    [0m | bot.services.downloader | 🍪 yt-dlp cookie: cookies.txt
2026-04-23 18:25:31 | [32mINFO    [0m | bot.services.downloader | yt-dlp story yuklamadi (yt-dlp: fayl topilmadi), instaloader urinib ko'ramiz
2026-04-23 18:25:31 | [32mINFO    [0m | bot.services.downloader | instaloader: session fayldan kirdi (geodev_at)
2026-04-23 18:25:33 | DEBUG    | aiosqlite | executing <function connect.<locals>.connector at 0x10ff77ec0>
2026-04-23 18:25:33 | DEBUG    | aiosqlite | operation <function connect.<locals>.connector at 0x10ff77ec0> completed
2026-04-23 18:25:33 | DEBUG    | aiosqlite | executing functools.partial(<built-in method execute of sqlite3.Connection object at 0x10fc8ea70>, '\n                INSERT INTO downloads (user_id, link, media_type, status, created_at)\n                VALUES (?, ?, ?, ?, ?)\n            ', (7885260604, 'https://www.instagram.com/stories/metinakdulger/3880975007245439227/', 'unknown', 'failed', '2026-04-23T13:25:33.021906'))
2026-04-23 18:25:33 | DEBUG    | aiosqlite | operation functools.partial(<built-in method execute of sqlite3.Connection object at 0x10fc8ea70>, '\n                INSERT INTO downloads (user_id, link, media_type, status, created_at)\n                VALUES (?, ?, ?, ?, ?)\n            ', (7885260604, 'https://www.instagram.com/stories/metinakdulger/3880975007245439227/', 'unknown', 'failed', '2026-04-23T13:25:33.021906')) completed
2026-04-23 18:25:33 | DEBUG    | aiosqlite | executing functools.partial(<built-in method commit of sqlite3.Connection object at 0x10fc8ea70>)
2026-04-23 18:25:33 | DEBUG    | aiosqlite | operation functools.partial(<built-in method commit of sqlite3.Connection object at 0x10fc8ea70>) completed
2026-04-23 18:25:33 | DEBUG    | aiosqlite | executing functools.partial(<built-in method close of sqlite3.Connection object at 0x10fc8ea70>)
2026-04-23 18:25:33 | DEBUG    | aiosqlite | operation functools.partial(<built-in method close of sqlite3.Connection object at 0x10fc8ea70>) completed
2026-04-23 18:26:21 | DEBUG    | aiosqlite | executing <function connect.<locals>.connector at 0x10ff75b20>
2026-04-23 18:26:21 | DEBUG    | aiosqlite | operation <function connect.<locals>.connector at 0x10ff75b20> completed
2026-04-23 18:26:21 | DEBUG    | aiosqlite | executing functools.partial(<built-in method execute of sqlite3.Connection object at 0x10aee07c0>, '\n                INSERT INTO users (user_id, username, first_name, joined_at)\n                VALUES (?, ?, ?, ?)\n                ON CONFLICT(user_id) DO UPDATE SET\n                    username   = excluded.username,\n                    first_name = excluded.first_name\n            ', (7885260604, 'cd_ex', 'Anonshack', '2026-04-23T13:26:21.114624'))
2026-04-23 18:26:21 | DEBUG    | aiosqlite | operation functools.partial(<built-in method execute of sqlite3.Connection object at 0x10aee07c0>, '\n                INSERT INTO users (user_id, username, first_name, joined_at)\n                VALUES (?, ?, ?, ?)\n                ON CONFLICT(user_id) DO UPDATE SET\n                    username   = excluded.username,\n                    first_name = excluded.first_name\n            ', (7885260604, 'cd_ex', 'Anonshack', '2026-04-23T13:26:21.114624')) completed
2026-04-23 18:26:21 | DEBUG    | aiosqlite | executing functools.partial(<built-in method commit of sqlite3.Connection object at 0x10aee07c0>)
2026-04-23 18:26:21 | DEBUG    | aiosqlite | operation functools.partial(<built-in method commit of sqlite3.Connection object at 0x10aee07c0>) completed
2026-04-23 18:26:21 | DEBUG    | aiosqlite | executing functools.partial(<built-in method close of sqlite3.Connection object at 0x10aee07c0>)
2026-04-23 18:26:21 | DEBUG    | aiosqlite | operation functools.partial(<built-in method close of sqlite3.Connection object at 0x10aee07c0>) completed
2026-04-23 18:26:21 | [32mINFO    [0m | bot.services.downloader | ⬇️  https://www.instagram.com/reels/DXbwW3vDHRa/
2026-04-23 18:26:21 | DEBUG    | aiosqlite | executing <function connect.<locals>.connector at 0x10ff75a80>
2026-04-23 18:26:21 | DEBUG    | aiosqlite | operation <function connect.<locals>.connector at 0x10ff75a80> completed
2026-04-23 18:26:21 | DEBUG    | aiosqlite | executing functools.partial(<built-in method execute of sqlite3.Connection object at 0x10fc8ea70>, '\n                INSERT INTO downloads (user_id, link, media_type, status, created_at)\n                VALUES (?, ?, ?, ?, ?)\n            ', (7885260604, 'https://www.instagram.com/reels/DXbwW3vDHRa/', 'unknown', 'failed', '2026-04-23T13:26:21.507039'))
2026-04-23 18:26:21 | DEBUG    | aiosqlite | operation functools.partial(<built-in method execute of sqlite3.Connection object at 0x10fc8ea70>, '\n                INSERT INTO downloads (user_id, link, media_type, status, created_at)\n                VALUES (?, ?, ?, ?, ?)\n            ', (7885260604, 'https://www.instagram.com/reels/DXbwW3vDHRa/', 'unknown', 'failed', '2026-04-23T13:26:21.507039')) completed
2026-04-23 18:26:21 | DEBUG    | aiosqlite | executing functools.partial(<built-in method commit of sqlite3.Connection object at 0x10fc8ea70>)
2026-04-23 18:26:21 | DEBUG    | aiosqlite | operation functools.partial(<built-in method commit of sqlite3.Connection object at 0x10fc8ea70>) completed
2026-04-23 18:26:21 | DEBUG    | aiosqlite | executing functools.partial(<built-in method close of sqlite3.Connection object at 0x10fc8ea70>)
2026-04-23 18:26:21 | DEBUG    | aiosqlite | operation functools.partial(<built-in method close of sqlite3.Connection object at 0x10fc8ea70>) completed
2026-04-23 18:26:30 | DEBUG    | aiosqlite | executing <function connect.<locals>.connector at 0x10ff759e0>
2026-04-23 18:26:30 | DEBUG    | aiosqlite | operation <function connect.<locals>.connector at 0x10ff759e0> completed
2026-04-23 18:26:30 | DEBUG    | aiosqlite | executing functools.partial(<built-in method execute of sqlite3.Connection object at 0x10aee0130>, '\n                INSERT INTO users (user_id, username, first_name, joined_at)\n                VALUES (?, ?, ?, ?)\n                ON CONFLICT(user_id) DO UPDATE SET\n                    username   = excluded.username,\n                    first_name = excluded.first_name\n            ', (7885260604, 'cd_ex', 'Anonshack', '2026-04-23T13:26:30.927906'))
2026-04-23 18:26:30 | DEBUG    | aiosqlite | operation functools.partial(<built-in method execute of sqlite3.Connection object at 0x10aee0130>, '\n                INSERT INTO users (user_id, username, first_name, joined_at)\n                VALUES (?, ?, ?, ?)\n                ON CONFLICT(user_id) DO UPDATE SET\n                    username   = excluded.username,\n                    first_name = excluded.first_name\n            ', (7885260604, 'cd_ex', 'Anonshack', '2026-04-23T13:26:30.927906')) completed
2026-04-23 18:26:30 | DEBUG    | aiosqlite | executing functools.partial(<built-in method commit of sqlite3.Connection object at 0x10aee0130>)
2026-04-23 18:26:30 | DEBUG    | aiosqlite | operation functools.partial(<built-in method commit of sqlite3.Connection object at 0x10aee0130>) completed
2026-04-23 18:26:30 | DEBUG    | aiosqlite | executing functools.partial(<built-in method close of sqlite3.Connection object at 0x10aee0130>)
2026-04-23 18:26:30 | DEBUG    | aiosqlite | operation functools.partial(<built-in method close of sqlite3.Connection object at 0x10aee0130>) completed
2026-04-23 18:26:31 | [32mINFO    [0m | bot.services.downloader | ⬇️  https://www.instagram.com/reels/DXb77MnDPYL/
2026-04-23 18:26:31 | DEBUG    | aiosqlite | executing <function connect.<locals>.connector at 0x10ff75a80>
2026-04-23 18:26:31 | DEBUG    | aiosqlite | operation <function connect.<locals>.connector at 0x10ff75a80> completed
2026-04-23 18:26:31 | DEBUG    | aiosqlite | executing functools.partial(<built-in method execute of sqlite3.Connection object at 0x10aee06d0>, '\n                INSERT INTO downloads (user_id, link, media_type, status, created_at)\n                VALUES (?, ?, ?, ?, ?)\n            ', (7885260604, 'https://www.instagram.com/reels/DXb77MnDPYL/', 'unknown', 'failed', '2026-04-23T13:26:31.076542'))
2026-04-23 18:26:31 | DEBUG    | aiosqlite | operation functools.partial(<built-in method execute of sqlite3.Connection object at 0x10aee06d0>, '\n                INSERT INTO downloads (user_id, link, media_type, status, created_at)\n                VALUES (?, ?, ?, ?, ?)\n            ', (7885260604, 'https://www.instagram.com/reels/DXb77MnDPYL/', 'unknown', 'failed', '2026-04-23T13:26:31.076542')) completed
2026-04-23 18:26:31 | DEBUG    | aiosqlite | executing functools.partial(<built-in method commit of sqlite3.Connection object at 0x10aee06d0>)
2026-04-23 18:26:31 | DEBUG    | aiosqlite | operation functools.partial(<built-in method commit of sqlite3.Connection object at 0x10aee06d0>) completed
2026-04-23 18:26:31 | DEBUG    | aiosqlite | executing functools.partial(<built-in method close of sqlite3.Connection object at 0x10aee06d0>)
2026-04-23 18:26:31 | DEBUG    | aiosqlite | operation functools.partial(<built-in method close of sqlite3.Connection object at 0x10aee06d0>) completed
2026-04-23 18:26:41 | DEBUG    | aiosqlite | executing <function connect.<locals>.connector at 0x10ff759e0>
2026-04-23 18:26:41 | DEBUG    | aiosqlite | operation <function connect.<locals>.connector at 0x10ff759e0> completed
2026-04-23 18:26:41 | DEBUG    | aiosqlite | executing functools.partial(<built-in method execute of sqlite3.Connection object at 0x10aee0130>, '\n                INSERT INTO users (user_id, username, first_name, joined_at)\n                VALUES (?, ?, ?, ?)\n                ON CONFLICT(user_id) DO UPDATE SET\n                    username   = excluded.username,\n                    first_name = excluded.first_name\n            ', (7885260604, 'cd_ex', 'Anonshack', '2026-04-23T13:26:41.160139'))
2026-04-23 18:26:41 | DEBUG    | aiosqlite | operation functools.partial(<built-in method execute of sqlite3.Connection object at 0x10aee0130>, '\n                INSERT INTO users (user_id, username, first_name, joined_at)\n                VALUES (?, ?, ?, ?)\n                ON CONFLICT(user_id) DO UPDATE SET\n                    username   = excluded.username,\n                    first_name = excluded.first_name\n            ', (7885260604, 'cd_ex', 'Anonshack', '2026-04-23T13:26:41.160139')) completed
2026-04-23 18:26:41 | DEBUG    | aiosqlite | executing functools.partial(<built-in method commit of sqlite3.Connection object at 0x10aee0130>)
2026-04-23 18:26:41 | DEBUG    | aiosqlite | operation functools.partial(<built-in method commit of sqlite3.Connection object at 0x10aee0130>) completed
2026-04-23 18:26:41 | DEBUG    | aiosqlite | executing functools.partial(<built-in method close of sqlite3.Connection object at 0x10aee0130>)
2026-04-23 18:26:41 | DEBUG    | aiosqlite | operation functools.partial(<built-in method close of sqlite3.Connection object at 0x10aee0130>) completed
2026-04-23 18:26:41 | [32mINFO    [0m | bot.services.downloader | ⬇️  https://www.instagram.com/reels/DXbddGAN-xS/
2026-04-23 18:26:41 | DEBUG    | aiosqlite | executing <function connect.<locals>.connector at 0x10ff75a80>
2026-04-23 18:26:41 | DEBUG    | aiosqlite | operation <function connect.<locals>.connector at 0x10ff75a80> completed
2026-04-23 18:26:41 | DEBUG    | aiosqlite | executing functools.partial(<built-in method execute of sqlite3.Connection object at 0x10aee08b0>, '\n                INSERT INTO downloads (user_id, link, media_type, status, created_at)\n                VALUES (?, ?, ?, ?, ?)\n            ', (7885260604, 'https://www.instagram.com/reels/DXbddGAN-xS/', 'unknown', 'failed', '2026-04-23T13:26:41.352767'))
2026-04-23 18:26:41 | DEBUG    | aiosqlite | operation functools.partial(<built-in method execute of sqlite3.Connection object at 0x10aee08b0>, '\n                INSERT INTO downloads (user_id, link, media_type, status, created_at)\n                VALUES (?, ?, ?, ?, ?)\n            ', (7885260604, 'https://www.instagram.com/reels/DXbddGAN-xS/', 'unknown', 'failed', '2026-04-23T13:26:41.352767')) completed
2026-04-23 18:26:41 | DEBUG    | aiosqlite | executing functools.partial(<built-in method commit of sqlite3.Connection object at 0x10aee08b0>)
2026-04-23 18:26:41 | DEBUG    | aiosqlite | operation functools.partial(<built-in method commit of sqlite3.Connection object at 0x10aee08b0>) completed
2026-04-23 18:26:41 | DEBUG    | aiosqlite | executing functools.partial(<built-in method close of sqlite3.Connection object at 0x10aee08b0>)
2026-04-23 18:26:41 | DEBUG    | aiosqlite | operation functools.partial(<built-in method close of sqlite3.Connection object at 0x10aee08b0>) completed
2026-04-23 18:27:14 | [33mWARNING [0m | aiogram.dispatcher | Received SIGINT signal
2026-04-23 18:27:14 | DEBUG    | bot.utils.cleanup | 🗑  Deleted temp file: /tmp/instabot/ig_session
2026-04-23 18:27:14 | [32mINFO    [0m | __main__ | 👋  Bot to'xtatildi
2026-04-23 18:27:17 | [32mINFO    [0m | bot.utils.logger | 📝  Logging initialised → logs/bot.log
2026-04-23 18:27:17 | DEBUG    | aiosqlite | executing <function connect.<locals>.connector at 0x109149800>
2026-04-23 18:27:17 | DEBUG    | aiosqlite | operation <function connect.<locals>.connector at 0x109149800> completed
2026-04-23 18:27:17 | DEBUG    | aiosqlite | executing functools.partial(<built-in method executescript of sqlite3.Connection object at 0x10909eb60>, "\n                CREATE TABLE IF NOT EXISTS users (\n                    user_id     INTEGER PRIMARY KEY,\n                    username    TEXT,\n                    first_name  TEXT,\n                    joined_at   TEXT NOT NULL\n                );\n\n                CREATE TABLE IF NOT EXISTS downloads (\n                    id          INTEGER PRIMARY KEY AUTOINCREMENT,\n                    user_id     INTEGER NOT NULL,\n                    link        TEXT NOT NULL,\n                    media_type  TEXT,            -- 'video' | 'image' | 'carousel'\n                    status      TEXT DEFAULT 'ok', -- 'ok' | 'failed'\n                    created_at  TEXT NOT NULL,\n                    FOREIGN KEY (user_id) REFERENCES users(user_id)\n                );\n            ")
2026-04-23 18:27:17 | DEBUG    | aiosqlite | operation functools.partial(<built-in method executescript of sqlite3.Connection object at 0x10909eb60>, "\n                CREATE TABLE IF NOT EXISTS users (\n                    user_id     INTEGER PRIMARY KEY,\n                    username    TEXT,\n                    first_name  TEXT,\n                    joined_at   TEXT NOT NULL\n                );\n\n                CREATE TABLE IF NOT EXISTS downloads (\n                    id          INTEGER PRIMARY KEY AUTOINCREMENT,\n                    user_id     INTEGER NOT NULL,\n                    link        TEXT NOT NULL,\n                    media_type  TEXT,            -- 'video' | 'image' | 'carousel'\n                    status      TEXT DEFAULT 'ok', -- 'ok' | 'failed'\n                    created_at  TEXT NOT NULL,\n                    FOREIGN KEY (user_id) REFERENCES users(user_id)\n                );\n            ") completed
2026-04-23 18:27:17 | DEBUG    | aiosqlite | executing functools.partial(<built-in method commit of sqlite3.Connection object at 0x10909eb60>)
2026-04-23 18:27:17 | DEBUG    | aiosqlite | operation functools.partial(<built-in method commit of sqlite3.Connection object at 0x10909eb60>) completed
2026-04-23 18:27:17 | DEBUG    | aiosqlite | executing functools.partial(<built-in method close of sqlite3.Connection object at 0x10909eb60>)
2026-04-23 18:27:17 | DEBUG    | aiosqlite | operation functools.partial(<built-in method close of sqlite3.Connection object at 0x10909eb60>) completed
2026-04-23 18:27:17 | [32mINFO    [0m | database.db | ✅  Database ready at database/bot.db
2026-04-23 18:27:18 | [32mINFO    [0m | __main__ | 🚀  Bot ishga tushdi: @instagram_post7_bot
2026-04-23 18:27:18 | [32mINFO    [0m | __main__ | 📸  Instagram: geodev_at hisobi bilan ulandi
2026-04-23 18:27:20 | DEBUG    | aiosqlite | executing <function connect.<locals>.connector at 0x10877d6c0>
2026-04-23 18:27:20 | DEBUG    | aiosqlite | operation <function connect.<locals>.connector at 0x10877d6c0> completed
2026-04-23 18:27:20 | DEBUG    | aiosqlite | executing functools.partial(<built-in method execute of sqlite3.Connection object at 0x107084040>, '\n                INSERT INTO users (user_id, username, first_name, joined_at)\n                VALUES (?, ?, ?, ?)\n                ON CONFLICT(user_id) DO UPDATE SET\n                    username   = excluded.username,\n                    first_name = excluded.first_name\n            ', (7885260604, 'cd_ex', 'Anonshack', '2026-04-23T13:27:20.951528'))
2026-04-23 18:27:20 | DEBUG    | aiosqlite | operation functools.partial(<built-in method execute of sqlite3.Connection object at 0x107084040>, '\n                INSERT INTO users (user_id, username, first_name, joined_at)\n                VALUES (?, ?, ?, ?)\n                ON CONFLICT(user_id) DO UPDATE SET\n                    username   = excluded.username,\n                    first_name = excluded.first_name\n            ', (7885260604, 'cd_ex', 'Anonshack', '2026-04-23T13:27:20.951528')) completed
2026-04-23 18:27:20 | DEBUG    | aiosqlite | executing functools.partial(<built-in method commit of sqlite3.Connection object at 0x107084040>)
2026-04-23 18:27:20 | DEBUG    | aiosqlite | operation functools.partial(<built-in method commit of sqlite3.Connection object at 0x107084040>) completed
2026-04-23 18:27:20 | DEBUG    | aiosqlite | executing functools.partial(<built-in method close of sqlite3.Connection object at 0x107084040>)
2026-04-23 18:27:20 | DEBUG    | aiosqlite | operation functools.partial(<built-in method close of sqlite3.Connection object at 0x107084040>) completed
2026-04-23 18:27:21 | [32mINFO    [0m | bot.services.downloader | ⬇️  https://www.instagram.com/reels/DXbddGAN-xS/
2026-04-23 18:27:21 | DEBUG    | urllib3.connectionpool | Starting new HTTPS connection (1): www.instagram.com:443
2026-04-23 18:27:22 | DEBUG    | urllib3.connectionpool | https://www.instagram.com:443 "GET / HTTP/1.1" 200 None
2026-04-23 18:27:29 | DEBUG    | urllib3.connectionpool | https://www.instagram.com:443 "POST /api/v1/web/accounts/login/ajax/ HTTP/1.1" 200 130
2026-04-23 18:27:29 | [32mINFO    [0m | bot.services.downloader | instaloader: login OK — geodev_at
2026-04-23 18:27:29 | [32mINFO    [0m | bot.services.downloader | instaloader ishlamadi (URL turi aniqlanmadi), yt-dlp urinib ko'ramiz
2026-04-23 18:27:31 | [32mINFO    [0m | bot.services.downloader | ✅ yt-dlp: 1 ta media
2026-04-23 18:27:33 | DEBUG    | bot.services.sender | 🗑 fba1ad2d96_0001.mp4
2026-04-23 18:27:33 | DEBUG    | bot.services.sender | 🗑 fba1ad2d96_0001_audio.mp3
2026-04-23 18:27:33 | DEBUG    | aiosqlite | executing <function connect.<locals>.connector at 0x109149d00>
2026-04-23 18:27:33 | DEBUG    | aiosqlite | operation <function connect.<locals>.connector at 0x109149d00> completed
2026-04-23 18:27:33 | DEBUG    | aiosqlite | executing functools.partial(<built-in method execute of sqlite3.Connection object at 0x1070848b0>, '\n                INSERT INTO downloads (user_id, link, media_type, status, created_at)\n                VALUES (?, ?, ?, ?, ?)\n            ', (7885260604, 'https://www.instagram.com/reels/DXbddGAN-xS/', 'video', 'ok', '2026-04-23T13:27:33.110044'))
2026-04-23 18:27:33 | DEBUG    | aiosqlite | operation functools.partial(<built-in method execute of sqlite3.Connection object at 0x1070848b0>, '\n                INSERT INTO downloads (user_id, link, media_type, status, created_at)\n                VALUES (?, ?, ?, ?, ?)\n            ', (7885260604, 'https://www.instagram.com/reels/DXbddGAN-xS/', 'video', 'ok', '2026-04-23T13:27:33.110044')) completed
2026-04-23 18:27:33 | DEBUG    | aiosqlite | executing functools.partial(<built-in method commit of sqlite3.Connection object at 0x1070848b0>)
2026-04-23 18:27:33 | DEBUG    | aiosqlite | operation functools.partial(<built-in method commit of sqlite3.Connection object at 0x1070848b0>) completed
2026-04-23 18:27:33 | DEBUG    | aiosqlite | executing functools.partial(<built-in method close of sqlite3.Connection object at 0x1070848b0>)
2026-04-23 18:27:33 | DEBUG    | aiosqlite | operation functools.partial(<built-in method close of sqlite3.Connection object at 0x1070848b0>) completed
2026-04-23 18:27:35 | DEBUG    | aiosqlite | executing <function connect.<locals>.connector at 0x10e032520>
2026-04-23 18:27:35 | DEBUG    | aiosqlite | operation <function connect.<locals>.connector at 0x10e032520> completed
2026-04-23 18:27:35 | DEBUG    | aiosqlite | executing functools.partial(<built-in method execute of sqlite3.Connection object at 0x1070849a0>, '\n                INSERT INTO users (user_id, username, first_name, joined_at)\n                VALUES (?, ?, ?, ?)\n                ON CONFLICT(user_id) DO UPDATE SET\n                    username   = excluded.username,\n                    first_name = excluded.first_name\n            ', (7885260604, 'cd_ex', 'Anonshack', '2026-04-23T13:27:35.209255'))
2026-04-23 18:27:35 | DEBUG    | aiosqlite | operation functools.partial(<built-in method execute of sqlite3.Connection object at 0x1070849a0>, '\n                INSERT INTO users (user_id, username, first_name, joined_at)\n                VALUES (?, ?, ?, ?)\n                ON CONFLICT(user_id) DO UPDATE SET\n                    username   = excluded.username,\n                    first_name = excluded.first_name\n            ', (7885260604, 'cd_ex', 'Anonshack', '2026-04-23T13:27:35.209255')) completed
2026-04-23 18:27:35 | DEBUG    | aiosqlite | executing functools.partial(<built-in method commit of sqlite3.Connection object at 0x1070849a0>)
2026-04-23 18:27:35 | DEBUG    | aiosqlite | operation functools.partial(<built-in method commit of sqlite3.Connection object at 0x1070849a0>) completed
2026-04-23 18:27:35 | DEBUG    | aiosqlite | executing functools.partial(<built-in method close of sqlite3.Connection object at 0x1070849a0>)
2026-04-23 18:27:35 | DEBUG    | aiosqlite | operation functools.partial(<built-in method close of sqlite3.Connection object at 0x1070849a0>) completed
2026-04-23 18:27:35 | [32mINFO    [0m | bot.services.downloader | ⬇️  https://www.instagram.com/p/DTm0UdwCFPx/
2026-04-23 18:27:35 | [32mINFO    [0m | bot.services.downloader | instaloader: session fayldan kirdi
2026-04-23 18:27:35 | [32mINFO    [0m | bot.services.downloader | Post yuklanmoqda: DTm0UdwCFPx
2026-04-23 18:27:56 | [32mINFO    [0m | bot.services.downloader | ✅ Post: 4 ta media
2026-04-23 18:27:58 | [32mINFO    [0m | bot.services.sender | album 4 ta yuborildi
2026-04-23 18:27:58 | DEBUG    | bot.services.sender | 🗑 2026-01-17_09-19-30_UTC_1.jpg
2026-04-23 18:27:58 | DEBUG    | bot.services.sender | 🗑 2026-01-17_09-19-30_UTC_2.jpg
2026-04-23 18:27:58 | DEBUG    | bot.services.sender | 🗑 2026-01-17_09-19-30_UTC_3.mp4
2026-04-23 18:27:58 | DEBUG    | bot.services.sender | 🗑 2026-01-17_09-19-30_UTC_4.jpg
2026-04-23 18:27:58 | DEBUG    | aiosqlite | executing <function connect.<locals>.connector at 0x10e033240>
2026-04-23 18:27:58 | DEBUG    | aiosqlite | operation <function connect.<locals>.connector at 0x10e033240> completed
2026-04-23 18:27:58 | DEBUG    | aiosqlite | executing functools.partial(<built-in method execute of sqlite3.Connection object at 0x1070846d0>, '\n                INSERT INTO downloads (user_id, link, media_type, status, created_at)\n                VALUES (?, ?, ?, ?, ?)\n            ', (7885260604, 'https://www.instagram.com/p/DTm0UdwCFPx/', 'carousel_mixed', 'ok', '2026-04-23T13:27:58.656725'))
2026-04-23 18:27:58 | DEBUG    | aiosqlite | operation functools.partial(<built-in method execute of sqlite3.Connection object at 0x1070846d0>, '\n                INSERT INTO downloads (user_id, link, media_type, status, created_at)\n                VALUES (?, ?, ?, ?, ?)\n            ', (7885260604, 'https://www.instagram.com/p/DTm0UdwCFPx/', 'carousel_mixed', 'ok', '2026-04-23T13:27:58.656725')) completed
2026-04-23 18:27:58 | DEBUG    | aiosqlite | executing functools.partial(<built-in method commit of sqlite3.Connection object at 0x1070846d0>)
2026-04-23 18:27:58 | DEBUG    | aiosqlite | operation functools.partial(<built-in method commit of sqlite3.Connection object at 0x1070846d0>) completed
2026-04-23 18:27:58 | DEBUG    | aiosqlite | executing functools.partial(<built-in method close of sqlite3.Connection object at 0x1070846d0>)
2026-04-23 18:27:58 | DEBUG    | aiosqlite | operation functools.partial(<built-in method close of sqlite3.Connection object at 0x1070846d0>) completed
2026-04-23 18:28:32 | DEBUG    | aiosqlite | executing <function connect.<locals>.connector at 0x10877d260>
2026-04-23 18:28:32 | DEBUG    | aiosqlite | operation <function connect.<locals>.connector at 0x10877d260> completed
2026-04-23 18:28:32 | DEBUG    | aiosqlite | executing functools.partial(<built-in method execute of sqlite3.Connection object at 0x1070848b0>, '\n                INSERT INTO users (user_id, username, first_name, joined_at)\n                VALUES (?, ?, ?, ?)\n                ON CONFLICT(user_id) DO UPDATE SET\n                    username   = excluded.username,\n                    first_name = excluded.first_name\n            ', (8547738683, 'geodev_at', 'Kudratbekh', '2026-04-23T13:28:32.548141'))
2026-04-23 18:28:32 | DEBUG    | aiosqlite | operation functools.partial(<built-in method execute of sqlite3.Connection object at 0x1070848b0>, '\n                INSERT INTO users (user_id, username, first_name, joined_at)\n                VALUES (?, ?, ?, ?)\n                ON CONFLICT(user_id) DO UPDATE SET\n                    username   = excluded.username,\n                    first_name = excluded.first_name\n            ', (8547738683, 'geodev_at', 'Kudratbekh', '2026-04-23T13:28:32.548141')) completed
2026-04-23 18:28:32 | DEBUG    | aiosqlite | executing functools.partial(<built-in method commit of sqlite3.Connection object at 0x1070848b0>)
2026-04-23 18:28:32 | DEBUG    | aiosqlite | operation functools.partial(<built-in method commit of sqlite3.Connection object at 0x1070848b0>) completed
2026-04-23 18:28:32 | DEBUG    | aiosqlite | executing functools.partial(<built-in method close of sqlite3.Connection object at 0x1070848b0>)
2026-04-23 18:28:32 | DEBUG    | aiosqlite | operation functools.partial(<built-in method close of sqlite3.Connection object at 0x1070848b0>) completed
2026-04-23 18:29:45 | [33mWARNING [0m | aiogram.dispatcher | Received SIGINT signal
2026-04-23 18:29:45 | DEBUG    | bot.utils.cleanup | 🗑  Deleted temp file: /tmp/instabot/ig_session
2026-04-23 18:29:45 | [32mINFO    [0m | __main__ | 👋  Bot to'xtatildi
2026-04-23 18:29:49 | [32mINFO    [0m | bot.utils.logger | 📝  Logging initialised → logs/bot.log
2026-04-23 18:29:49 | DEBUG    | aiosqlite | executing <function connect.<locals>.connector at 0x10d0a1f80>
2026-04-23 18:29:49 | DEBUG    | aiosqlite | operation <function connect.<locals>.connector at 0x10d0a1f80> completed
2026-04-23 18:29:49 | DEBUG    | aiosqlite | executing functools.partial(<built-in method executescript of sqlite3.Connection object at 0x10cff6d40>, "\n                CREATE TABLE IF NOT EXISTS users (\n                    user_id     INTEGER PRIMARY KEY,\n                    username    TEXT,\n                    first_name  TEXT,\n                    joined_at   TEXT NOT NULL\n                );\n\n                CREATE TABLE IF NOT EXISTS downloads (\n                    id          INTEGER PRIMARY KEY AUTOINCREMENT,\n                    user_id     INTEGER NOT NULL,\n                    link        TEXT NOT NULL,\n                    media_type  TEXT,            -- 'video' | 'image' | 'carousel'\n                    status      TEXT DEFAULT 'ok', -- 'ok' | 'failed'\n                    created_at  TEXT NOT NULL,\n                    FOREIGN KEY (user_id) REFERENCES users(user_id)\n                );\n            ")
2026-04-23 18:29:49 | DEBUG    | aiosqlite | operation functools.partial(<built-in method executescript of sqlite3.Connection object at 0x10cff6d40>, "\n                CREATE TABLE IF NOT EXISTS users (\n                    user_id     INTEGER PRIMARY KEY,\n                    username    TEXT,\n                    first_name  TEXT,\n                    joined_at   TEXT NOT NULL\n                );\n\n                CREATE TABLE IF NOT EXISTS downloads (\n                    id          INTEGER PRIMARY KEY AUTOINCREMENT,\n                    user_id     INTEGER NOT NULL,\n                    link        TEXT NOT NULL,\n                    media_type  TEXT,            -- 'video' | 'image' | 'carousel'\n                    status      TEXT DEFAULT 'ok', -- 'ok' | 'failed'\n                    created_at  TEXT NOT NULL,\n                    FOREIGN KEY (user_id) REFERENCES users(user_id)\n                );\n            ") completed
2026-04-23 18:29:49 | DEBUG    | aiosqlite | executing functools.partial(<built-in method commit of sqlite3.Connection object at 0x10cff6d40>)
2026-04-23 18:29:49 | DEBUG    | aiosqlite | operation functools.partial(<built-in method commit of sqlite3.Connection object at 0x10cff6d40>) completed
2026-04-23 18:29:49 | DEBUG    | aiosqlite | executing functools.partial(<built-in method close of sqlite3.Connection object at 0x10cff6d40>)
2026-04-23 18:29:49 | DEBUG    | aiosqlite | operation functools.partial(<built-in method close of sqlite3.Connection object at 0x10cff6d40>) completed
2026-04-23 18:29:49 | [32mINFO    [0m | database.db | ✅  Database ready at database/bot.db
2026-04-23 18:29:49 | [32mINFO    [0m | __main__ | 🚀  Bot ishga tushdi: @instagram_post7_bot
2026-04-23 18:29:49 | [32mINFO    [0m | __main__ | 📸  Instagram: geodev_at hisobi bilan ulandi
2026-04-23 18:30:12 | DEBUG    | aiosqlite | executing <function connect.<locals>.connector at 0x10d0bde40>
2026-04-23 18:30:12 | DEBUG    | aiosqlite | operation <function connect.<locals>.connector at 0x10d0bde40> completed
2026-04-23 18:30:12 | DEBUG    | aiosqlite | executing functools.partial(<built-in method execute of sqlite3.Connection object at 0x10cff7d30>, '\n                INSERT INTO users (user_id, username, first_name, joined_at)\n                VALUES (?, ?, ?, ?)\n                ON CONFLICT(user_id) DO UPDATE SET\n                    username   = excluded.username,\n                    first_name = excluded.first_name\n            ', (7885260604, 'cd_ex', 'Anonshack', '2026-04-23T13:30:12.700067'))
2026-04-23 18:30:12 | DEBUG    | aiosqlite | operation functools.partial(<built-in method execute of sqlite3.Connection object at 0x10cff7d30>, '\n                INSERT INTO users (user_id, username, first_name, joined_at)\n                VALUES (?, ?, ?, ?)\n                ON CONFLICT(user_id) DO UPDATE SET\n                    username   = excluded.username,\n                    first_name = excluded.first_name\n            ', (7885260604, 'cd_ex', 'Anonshack', '2026-04-23T13:30:12.700067')) completed
2026-04-23 18:30:12 | DEBUG    | aiosqlite | executing functools.partial(<built-in method commit of sqlite3.Connection object at 0x10cff7d30>)
2026-04-23 18:30:12 | DEBUG    | aiosqlite | operation functools.partial(<built-in method commit of sqlite3.Connection object at 0x10cff7d30>) completed
2026-04-23 18:30:12 | DEBUG    | aiosqlite | executing functools.partial(<built-in method close of sqlite3.Connection object at 0x10cff7d30>)
2026-04-23 18:30:12 | DEBUG    | aiosqlite | operation functools.partial(<built-in method close of sqlite3.Connection object at 0x10cff7d30>) completed
2026-04-23 18:30:13 | [32mINFO    [0m | bot.services.downloader | ⬇️  https://www.instagram.com/p/DTm0UdwCFPx/
2026-04-23 18:30:13 | [32mINFO    [0m | bot.services.downloader | → Post DTm0UdwCFPx
2026-04-23 18:30:13 | DEBUG    | urllib3.connectionpool | Starting new HTTPS connection (1): www.instagram.com:443
2026-04-23 18:30:13 | DEBUG    | urllib3.connectionpool | https://www.instagram.com:443 "GET / HTTP/1.1" 200 None
2026-04-23 18:30:21 | DEBUG    | urllib3.connectionpool | https://www.instagram.com:443 "POST /api/v1/web/accounts/login/ajax/ HTTP/1.1" 200 130
2026-04-23 18:30:21 | [32mINFO    [0m | bot.services.downloader | instaloader: login OK (geodev_at)
2026-04-23 18:30:23 | DEBUG    | urllib3.connectionpool | Starting new HTTPS connection (1): www.instagram.com:443
2026-04-23 18:30:23 | DEBUG    | urllib3.connectionpool | https://www.instagram.com:443 "POST /graphql/query HTTP/1.1" 200 4927
2026-04-23 18:30:24 | DEBUG    | urllib3.connectionpool | Starting new HTTPS connection (1): i.instagram.com:443
2026-04-23 18:30:25 | DEBUG    | urllib3.connectionpool | https://i.instagram.com:443 "GET /api/v1/media/3811964239368180721/info/ HTTP/1.1" 403 189
2026-04-23 18:30:27 | DEBUG    | urllib3.connectionpool | https://i.instagram.com:443 "GET /api/v1/media/3811964239368180721/info/ HTTP/1.1" 403 189
2026-04-23 18:30:28 | DEBUG    | urllib3.connectionpool | https://i.instagram.com:443 "GET /api/v1/media/3811964239368180721/info/ HTTP/1.1" 403 189
2026-04-23 18:30:28 | DEBUG    | urllib3.connectionpool | Starting new HTTPS connection (1): instagram.ftas8-1.fna.fbcdn.net:443
2026-04-23 18:30:28 | DEBUG    | urllib3.connectionpool | https://instagram.ftas8-1.fna.fbcdn.net:443 "GET /v/t51.82787-15/617575063_17995342754885661_3952788903148671437_n.webp?stp=dst-jpg_e15_fr_p1080x1080_tt6&_nc_ht=instagram.ftas8-1.fna.fbcdn.net&_nc_cat=109&_nc_oc=Q6cZ2gHFYAkodqrkg-OSCsVb5pKoJ14kvkEo9nPjdiHnqI_5dgXqwJSY3DTrEL0NXE3xLqI&_nc_ohc=R8MNINoGH8MQ7kNvwGW6MB-&_nc_gid=JNVxxsWAxUr5zctER4lQBQ&edm=ANTKIIoBAAAA&ccb=7-5&oh=00_Af3QSQVn-O5h1XrbQyXmMJkxD4vhZNFk4Y7YMirbmjgKKg&oe=69EFD5E4&_nc_sid=d885a2 HTTP/1.1" 200 99628
2026-04-23 18:30:29 | DEBUG    | urllib3.connectionpool | Starting new HTTPS connection (1): i.instagram.com:443
2026-04-23 18:30:30 | DEBUG    | urllib3.connectionpool | https://i.instagram.com:443 "GET /api/v1/media/3811964239368180721/info/ HTTP/1.1" 403 189
2026-04-23 18:30:31 | DEBUG    | urllib3.connectionpool | https://i.instagram.com:443 "GET /api/v1/media/3811964239368180721/info/ HTTP/1.1" 403 189
2026-04-23 18:30:32 | DEBUG    | urllib3.connectionpool | https://i.instagram.com:443 "GET /api/v1/media/3811964239368180721/info/ HTTP/1.1" 403 189
2026-04-23 18:30:32 | DEBUG    | urllib3.connectionpool | Starting new HTTPS connection (1): instagram.ftas8-1.fna.fbcdn.net:443
2026-04-23 18:30:32 | DEBUG    | urllib3.connectionpool | https://instagram.ftas8-1.fna.fbcdn.net:443 "GET /v/t51.82787-15/618721032_17995342763885661_968621148169446724_n.webp?stp=dst-jpg_e15_fr_p1080x1080_tt6&_nc_ht=instagram.ftas8-1.fna.fbcdn.net&_nc_cat=109&_nc_oc=Q6cZ2gHFYAkodqrkg-OSCsVb5pKoJ14kvkEo9nPjdiHnqI_5dgXqwJSY3DTrEL0NXE3xLqI&_nc_ohc=FpVqKDnqTuMQ7kNvwG1rNMs&_nc_gid=JNVxxsWAxUr5zctER4lQBQ&edm=ANTKIIoBAAAA&ccb=7-5&oh=00_Af3g35dvdXKjHRcmBTmIlhzEJ9s6p7_ivQ3TFLA-9RiCTg&oe=69F00804&_nc_sid=d885a2 HTTP/1.1" 200 100156
2026-04-23 18:30:32 | DEBUG    | urllib3.connectionpool | Starting new HTTPS connection (1): instagram.ftas8-1.fna.fbcdn.net:443
2026-04-23 18:30:32 | DEBUG    | urllib3.connectionpool | https://instagram.ftas8-1.fna.fbcdn.net:443 "GET /o1/v/t16/f2/m84/AQP8-y1553xYI5I1FEQxhDpLxJr2hO7eFGYJptJJsHUJPu3R_J6i47yzNtVsdqBSyiGLTeDUuAyVbYGxnGnVKSQbkJjarY-ns8hTe4k.mp4?_nc_cat=108&_nc_oc=AdpN88OFn_ruvJYl0CEzKyUE58MDpP9B4W7HaPZDoDb5_WoTG4RIuDI5_u2hpkF_mAw&_nc_sid=5e9851&_nc_ht=instagram.ftas8-1.fna.fbcdn.net&_nc_ohc=euQue2f1ExsQ7kNvwFLTeJs&efg=eyJ2ZW5jb2RlX3RhZyI6Inhwdl9wcm9ncmVzc2l2ZS5JTlNUQUdSQU0uQ0FST1VTRUxfSVRFTS5DMy43MjAuZGFzaF9iYXNlbGluZV8xX3YxIiwieHB2X2Fzc2V0X2lkIjoxNzcyMTY4OTgzNDU2NzAxLCJhc3NldF9hZ2VfZGF5cyI6OTYsInZpX3VzZWNhc2VfaWQiOjEwMTQ2LCJkdXJhdGlvbl9zIjoxMSwidXJsZ2VuX3NvdXJjZSI6Ind3dyJ9&ccb=17-1&vs=7fb5d5f13a990e42&_nc_vs=HBkcFQIYTGlnX2JhY2tmaWxsX3RpbWVsaW5lX3ZvZC83NTRCODRBQkRGNDY3QkZEN0VEMUIyOTYxMEE4MDE5Rl92aWRlb19kYXNoaW5pdC5tcDQVAALIARIAKAAYABsCiAd1c2Vfb2lsATEScHJvZ3Jlc3NpdmVfcmVjaXBlATEVAAAm-q7t6-fxpQYVAigCQzMsF0AmRBiTdLxqGBJkYXNoX2Jhc2VsaW5lXzFfdjERAHXuB2XEngEA&_nc_gid=JNVxxsWAxUr5zctER4lQBQ&_nc_zt=28&_nc_ss=7a22e&oh=00_Af3o7ABe9nG4DDuQFr6c7GVW487UlAO9b4oh7G4PkRYlvA&oe=69EC03E4 HTTP/1.1" 200 4749820
2026-04-23 18:30:39 | DEBUG    | urllib3.connectionpool | Starting new HTTPS connection (1): i.instagram.com:443
2026-04-23 18:30:39 | DEBUG    | urllib3.connectionpool | https://i.instagram.com:443 "GET /api/v1/media/3811964239368180721/info/ HTTP/1.1" 403 189
2026-04-23 18:30:40 | DEBUG    | urllib3.connectionpool | https://i.instagram.com:443 "GET /api/v1/media/3811964239368180721/info/ HTTP/1.1" 403 189
2026-04-23 18:30:42 | DEBUG    | urllib3.connectionpool | https://i.instagram.com:443 "GET /api/v1/media/3811964239368180721/info/ HTTP/1.1" 403 189
2026-04-23 18:30:42 | DEBUG    | urllib3.connectionpool | Starting new HTTPS connection (1): instagram.ftas8-1.fna.fbcdn.net:443
2026-04-23 18:30:42 | DEBUG    | urllib3.connectionpool | https://instagram.ftas8-1.fna.fbcdn.net:443 "GET /v/t51.82787-15/615542366_17995342772885661_2644773939305329452_n.webp?stp=dst-jpg_e15_fr_p1080x1080_tt6&_nc_ht=instagram.ftas8-1.fna.fbcdn.net&_nc_cat=109&_nc_oc=Q6cZ2gHFYAkodqrkg-OSCsVb5pKoJ14kvkEo9nPjdiHnqI_5dgXqwJSY3DTrEL0NXE3xLqI&_nc_ohc=oExEzc8FWz8Q7kNvwHKyr-i&_nc_gid=JNVxxsWAxUr5zctER4lQBQ&edm=ANTKIIoBAAAA&ccb=7-5&oh=00_Af0z5odgyqjewin_5KKqKgbcTHBl8qhdTORehYLPXV_Vfg&oe=69EFDD85&_nc_sid=d885a2 HTTP/1.1" 200 122537
2026-04-23 18:30:42 | [32mINFO    [0m | bot.services.downloader | ✅ instaloader post: 4 ta media
2026-04-23 18:30:44 | [32mINFO    [0m | bot.services.sender | album 4 ta yuborildi
2026-04-23 18:30:44 | DEBUG    | bot.services.sender | 🗑 2026-01-17_09-19-30_UTC_1.jpg
2026-04-23 18:30:44 | DEBUG    | bot.services.sender | 🗑 2026-01-17_09-19-30_UTC_2.jpg
2026-04-23 18:30:44 | DEBUG    | bot.services.sender | 🗑 2026-01-17_09-19-30_UTC_3.mp4
2026-04-23 18:30:44 | DEBUG    | bot.services.sender | 🗑 2026-01-17_09-19-30_UTC_4.jpg
2026-04-23 18:30:44 | DEBUG    | aiosqlite | executing <function connect.<locals>.connector at 0x10d6dd580>
2026-04-23 18:30:44 | DEBUG    | aiosqlite | operation <function connect.<locals>.connector at 0x10d6dd580> completed
2026-04-23 18:30:44 | DEBUG    | aiosqlite | executing functools.partial(<built-in method execute of sqlite3.Connection object at 0x10cff7a60>, '\n                INSERT INTO downloads (user_id, link, media_type, status, created_at)\n                VALUES (?, ?, ?, ?, ?)\n            ', (7885260604, 'https://www.instagram.com/p/DTm0UdwCFPx/', 'carousel_mixed', 'ok', '2026-04-23T13:30:44.206352'))
2026-04-23 18:30:44 | DEBUG    | aiosqlite | operation functools.partial(<built-in method execute of sqlite3.Connection object at 0x10cff7a60>, '\n                INSERT INTO downloads (user_id, link, media_type, status, created_at)\n                VALUES (?, ?, ?, ?, ?)\n            ', (7885260604, 'https://www.instagram.com/p/DTm0UdwCFPx/', 'carousel_mixed', 'ok', '2026-04-23T13:30:44.206352')) completed
2026-04-23 18:30:44 | DEBUG    | aiosqlite | executing functools.partial(<built-in method commit of sqlite3.Connection object at 0x10cff7a60>)
2026-04-23 18:30:44 | DEBUG    | aiosqlite | operation functools.partial(<built-in method commit of sqlite3.Connection object at 0x10cff7a60>) completed
2026-04-23 18:30:44 | DEBUG    | aiosqlite | executing functools.partial(<built-in method close of sqlite3.Connection object at 0x10cff7a60>)
2026-04-23 18:30:44 | DEBUG    | aiosqlite | operation functools.partial(<built-in method close of sqlite3.Connection object at 0x10cff7a60>) completed
2026-04-23 18:30:52 | DEBUG    | aiosqlite | executing <function connect.<locals>.connector at 0x10d6de520>
2026-04-23 18:30:52 | DEBUG    | aiosqlite | operation <function connect.<locals>.connector at 0x10d6de520> completed
2026-04-23 18:30:52 | DEBUG    | aiosqlite | executing functools.partial(<built-in method execute of sqlite3.Connection object at 0x10cff7a60>, '\n                INSERT INTO users (user_id, username, first_name, joined_at)\n                VALUES (?, ?, ?, ?)\n                ON CONFLICT(user_id) DO UPDATE SET\n                    username   = excluded.username,\n                    first_name = excluded.first_name\n            ', (7885260604, 'cd_ex', 'Anonshack', '2026-04-23T13:30:52.775646'))
2026-04-23 18:30:52 | DEBUG    | aiosqlite | operation functools.partial(<built-in method execute of sqlite3.Connection object at 0x10cff7a60>, '\n                INSERT INTO users (user_id, username, first_name, joined_at)\n                VALUES (?, ?, ?, ?)\n                ON CONFLICT(user_id) DO UPDATE SET\n                    username   = excluded.username,\n                    first_name = excluded.first_name\n            ', (7885260604, 'cd_ex', 'Anonshack', '2026-04-23T13:30:52.775646')) completed
2026-04-23 18:30:52 | DEBUG    | aiosqlite | executing functools.partial(<built-in method commit of sqlite3.Connection object at 0x10cff7a60>)
2026-04-23 18:30:52 | DEBUG    | aiosqlite | operation functools.partial(<built-in method commit of sqlite3.Connection object at 0x10cff7a60>) completed
2026-04-23 18:30:52 | DEBUG    | aiosqlite | executing functools.partial(<built-in method close of sqlite3.Connection object at 0x10cff7a60>)
2026-04-23 18:30:52 | DEBUG    | aiosqlite | operation functools.partial(<built-in method close of sqlite3.Connection object at 0x10cff7a60>) completed
2026-04-23 18:30:53 | [32mINFO    [0m | bot.services.downloader | ⬇️  https://www.instagram.com/reels/DWT9KIoCKSM/
2026-04-23 18:30:53 | DEBUG    | aiosqlite | executing <function connect.<locals>.connector at 0x10474f240>
2026-04-23 18:30:53 | DEBUG    | aiosqlite | operation <function connect.<locals>.connector at 0x10474f240> completed
2026-04-23 18:30:53 | DEBUG    | aiosqlite | executing functools.partial(<built-in method execute of sqlite3.Connection object at 0x10cff7790>, '\n                INSERT INTO downloads (user_id, link, media_type, status, created_at)\n                VALUES (?, ?, ?, ?, ?)\n            ', (7885260604, 'https://www.instagram.com/reels/DWT9KIoCKSM/', 'unknown', 'failed', '2026-04-23T13:30:53.007203'))
2026-04-23 18:30:53 | DEBUG    | aiosqlite | operation functools.partial(<built-in method execute of sqlite3.Connection object at 0x10cff7790>, '\n                INSERT INTO downloads (user_id, link, media_type, status, created_at)\n                VALUES (?, ?, ?, ?, ?)\n            ', (7885260604, 'https://www.instagram.com/reels/DWT9KIoCKSM/', 'unknown', 'failed', '2026-04-23T13:30:53.007203')) completed
2026-04-23 18:30:53 | DEBUG    | aiosqlite | executing functools.partial(<built-in method commit of sqlite3.Connection object at 0x10cff7790>)
2026-04-23 18:30:53 | DEBUG    | aiosqlite | operation functools.partial(<built-in method commit of sqlite3.Connection object at 0x10cff7790>) completed
2026-04-23 18:30:53 | DEBUG    | aiosqlite | executing functools.partial(<built-in method close of sqlite3.Connection object at 0x10cff7790>)
2026-04-23 18:30:53 | DEBUG    | aiosqlite | operation functools.partial(<built-in method close of sqlite3.Connection object at 0x10cff7790>) completed
2026-04-23 18:31:26 | DEBUG    | aiosqlite | executing <function connect.<locals>.connector at 0x10d6dd620>
2026-04-23 18:31:26 | DEBUG    | aiosqlite | operation <function connect.<locals>.connector at 0x10d6dd620> completed
2026-04-23 18:31:26 | DEBUG    | aiosqlite | executing functools.partial(<built-in method execute of sqlite3.Connection object at 0x10d3593f0>, '\n                INSERT INTO users (user_id, username, first_name, joined_at)\n                VALUES (?, ?, ?, ?)\n                ON CONFLICT(user_id) DO UPDATE SET\n                    username   = excluded.username,\n                    first_name = excluded.first_name\n            ', (7885260604, 'cd_ex', 'Anonshack', '2026-04-23T13:31:26.866136'))
2026-04-23 18:31:26 | DEBUG    | aiosqlite | operation functools.partial(<built-in method execute of sqlite3.Connection object at 0x10d3593f0>, '\n                INSERT INTO users (user_id, username, first_name, joined_at)\n                VALUES (?, ?, ?, ?)\n                ON CONFLICT(user_id) DO UPDATE SET\n                    username   = excluded.username,\n                    first_name = excluded.first_name\n            ', (7885260604, 'cd_ex', 'Anonshack', '2026-04-23T13:31:26.866136')) completed
2026-04-23 18:31:26 | DEBUG    | aiosqlite | executing functools.partial(<built-in method commit of sqlite3.Connection object at 0x10d3593f0>)
2026-04-23 18:31:26 | DEBUG    | aiosqlite | operation functools.partial(<built-in method commit of sqlite3.Connection object at 0x10d3593f0>) completed
2026-04-23 18:31:26 | DEBUG    | aiosqlite | executing functools.partial(<built-in method close of sqlite3.Connection object at 0x10d3593f0>)
2026-04-23 18:31:26 | DEBUG    | aiosqlite | operation functools.partial(<built-in method close of sqlite3.Connection object at 0x10d3593f0>) completed
2026-04-23 18:31:27 | [32mINFO    [0m | bot.services.downloader | ⬇️  https://www.instagram.com/stories/metinakdulgernews/3881424169984363855/
2026-04-23 18:31:27 | [32mINFO    [0m | bot.services.downloader | → Story @metinakdulgernews id=3881424169984363855
2026-04-23 18:31:27 | [32mINFO    [0m | bot.services.downloader | 🍪 yt-dlp cookie: cookies.txt
2026-04-23 18:31:28 | [32mINFO    [0m | bot.services.downloader | yt-dlp story yuklamadi: yt-dlp: fayl topilmadi → instaloader urinadi
2026-04-23 18:31:28 | [32mINFO    [0m | bot.services.downloader | instaloader: session yuklandi (geodev_at)
2026-04-23 18:31:29 | DEBUG    | aiosqlite | executing <function connect.<locals>.connector at 0x1120e2520>
2026-04-23 18:31:29 | DEBUG    | aiosqlite | operation <function connect.<locals>.connector at 0x1120e2520> completed
2026-04-23 18:31:29 | DEBUG    | aiosqlite | executing functools.partial(<built-in method execute of sqlite3.Connection object at 0x111e926b0>, '\n                INSERT INTO downloads (user_id, link, media_type, status, created_at)\n                VALUES (?, ?, ?, ?, ?)\n            ', (7885260604, 'https://www.instagram.com/stories/metinakdulgernews/3881424169984363855/', 'unknown', 'failed', '2026-04-23T13:31:29.514590'))
2026-04-23 18:31:29 | DEBUG    | aiosqlite | operation functools.partial(<built-in method execute of sqlite3.Connection object at 0x111e926b0>, '\n                INSERT INTO downloads (user_id, link, media_type, status, created_at)\n                VALUES (?, ?, ?, ?, ?)\n            ', (7885260604, 'https://www.instagram.com/stories/metinakdulgernews/3881424169984363855/', 'unknown', 'failed', '2026-04-23T13:31:29.514590')) completed
2026-04-23 18:31:29 | DEBUG    | aiosqlite | executing functools.partial(<built-in method commit of sqlite3.Connection object at 0x111e926b0>)
2026-04-23 18:31:29 | DEBUG    | aiosqlite | operation functools.partial(<built-in method commit of sqlite3.Connection object at 0x111e926b0>) completed
2026-04-23 18:31:29 | DEBUG    | aiosqlite | executing functools.partial(<built-in method close of sqlite3.Connection object at 0x111e926b0>)
2026-04-23 18:31:29 | DEBUG    | aiosqlite | operation functools.partial(<built-in method close of sqlite3.Connection object at 0x111e926b0>) completed
2026-04-23 18:31:38 | [33mWARNING [0m | aiogram.dispatcher | Received SIGINT signal
2026-04-23 18:31:38 | DEBUG    | bot.utils.cleanup | 🗑  Deleted temp file: /tmp/instabot/ig_session
2026-04-23 18:31:38 | [32mINFO    [0m | __main__ | 👋  Bot to'xtatildi
2026-04-23 18:31:41 | [32mINFO    [0m | bot.utils.logger | 📝  Logging initialised → logs/bot.log
2026-04-23 18:31:41 | DEBUG    | aiosqlite | executing <function connect.<locals>.connector at 0x10b635800>
2026-04-23 18:31:41 | DEBUG    | aiosqlite | operation <function connect.<locals>.connector at 0x10b635800> completed
2026-04-23 18:31:41 | DEBUG    | aiosqlite | executing functools.partial(<built-in method executescript of sqlite3.Connection object at 0x10b58ab60>, "\n                CREATE TABLE IF NOT EXISTS users (\n                    user_id     INTEGER PRIMARY KEY,\n                    username    TEXT,\n                    first_name  TEXT,\n                    joined_at   TEXT NOT NULL\n                );\n\n                CREATE TABLE IF NOT EXISTS downloads (\n                    id          INTEGER PRIMARY KEY AUTOINCREMENT,\n                    user_id     INTEGER NOT NULL,\n                    link        TEXT NOT NULL,\n                    media_type  TEXT,            -- 'video' | 'image' | 'carousel'\n                    status      TEXT DEFAULT 'ok', -- 'ok' | 'failed'\n                    created_at  TEXT NOT NULL,\n                    FOREIGN KEY (user_id) REFERENCES users(user_id)\n                );\n            ")
2026-04-23 18:31:41 | DEBUG    | aiosqlite | operation functools.partial(<built-in method executescript of sqlite3.Connection object at 0x10b58ab60>, "\n                CREATE TABLE IF NOT EXISTS users (\n                    user_id     INTEGER PRIMARY KEY,\n                    username    TEXT,\n                    first_name  TEXT,\n                    joined_at   TEXT NOT NULL\n                );\n\n                CREATE TABLE IF NOT EXISTS downloads (\n                    id          INTEGER PRIMARY KEY AUTOINCREMENT,\n                    user_id     INTEGER NOT NULL,\n                    link        TEXT NOT NULL,\n                    media_type  TEXT,            -- 'video' | 'image' | 'carousel'\n                    status      TEXT DEFAULT 'ok', -- 'ok' | 'failed'\n                    created_at  TEXT NOT NULL,\n                    FOREIGN KEY (user_id) REFERENCES users(user_id)\n                );\n            ") completed
2026-04-23 18:31:41 | DEBUG    | aiosqlite | executing functools.partial(<built-in method commit of sqlite3.Connection object at 0x10b58ab60>)
2026-04-23 18:31:41 | DEBUG    | aiosqlite | operation functools.partial(<built-in method commit of sqlite3.Connection object at 0x10b58ab60>) completed
2026-04-23 18:31:41 | DEBUG    | aiosqlite | executing functools.partial(<built-in method close of sqlite3.Connection object at 0x10b58ab60>)
2026-04-23 18:31:41 | DEBUG    | aiosqlite | operation functools.partial(<built-in method close of sqlite3.Connection object at 0x10b58ab60>) completed
2026-04-23 18:31:41 | [32mINFO    [0m | database.db | ✅  Database ready at database/bot.db
2026-04-23 18:31:41 | [32mINFO    [0m | __main__ | 🚀  Bot ishga tushdi: @instagram_post7_bot
2026-04-23 18:31:41 | [32mINFO    [0m | __main__ | 📸  Instagram: geodev_at hisobi bilan ulandi
2026-04-23 18:31:59 | DEBUG    | aiosqlite | executing <function connect.<locals>.connector at 0x10aadd6c0>
2026-04-23 18:31:59 | DEBUG    | aiosqlite | operation <function connect.<locals>.connector at 0x10aadd6c0> completed
2026-04-23 18:31:59 | DEBUG    | aiosqlite | executing functools.partial(<built-in method execute of sqlite3.Connection object at 0x10b58bf10>, '\n                INSERT INTO users (user_id, username, first_name, joined_at)\n                VALUES (?, ?, ?, ?)\n                ON CONFLICT(user_id) DO UPDATE SET\n                    username   = excluded.username,\n                    first_name = excluded.first_name\n            ', (7885260604, 'cd_ex', 'Anonshack', '2026-04-23T13:31:59.515327'))
2026-04-23 18:31:59 | DEBUG    | aiosqlite | operation functools.partial(<built-in method execute of sqlite3.Connection object at 0x10b58bf10>, '\n                INSERT INTO users (user_id, username, first_name, joined_at)\n                VALUES (?, ?, ?, ?)\n                ON CONFLICT(user_id) DO UPDATE SET\n                    username   = excluded.username,\n                    first_name = excluded.first_name\n            ', (7885260604, 'cd_ex', 'Anonshack', '2026-04-23T13:31:59.515327')) completed
2026-04-23 18:31:59 | DEBUG    | aiosqlite | executing functools.partial(<built-in method commit of sqlite3.Connection object at 0x10b58bf10>)
2026-04-23 18:31:59 | DEBUG    | aiosqlite | operation functools.partial(<built-in method commit of sqlite3.Connection object at 0x10b58bf10>) completed
2026-04-23 18:31:59 | DEBUG    | aiosqlite | executing functools.partial(<built-in method close of sqlite3.Connection object at 0x10b58bf10>)
2026-04-23 18:31:59 | DEBUG    | aiosqlite | operation functools.partial(<built-in method close of sqlite3.Connection object at 0x10b58bf10>) completed
2026-04-23 18:31:59 | [32mINFO    [0m | bot.services.downloader | ⬇️  https://www.instagram.com/reels/DWT9KIoCKSM/
2026-04-23 18:32:00 | DEBUG    | urllib3.connectionpool | Starting new HTTPS connection (1): www.instagram.com:443
2026-04-23 18:32:00 | DEBUG    | urllib3.connectionpool | https://www.instagram.com:443 "GET / HTTP/1.1" 200 None
2026-04-23 18:32:06 | DEBUG    | urllib3.connectionpool | https://www.instagram.com:443 "POST /api/v1/web/accounts/login/ajax/ HTTP/1.1" 200 130
2026-04-23 18:32:06 | [32mINFO    [0m | bot.services.downloader | instaloader: login OK — geodev_at
2026-04-23 18:32:06 | [32mINFO    [0m | bot.services.downloader | instaloader ishlamadi (URL turi aniqlanmadi), yt-dlp urinib ko'ramiz
2026-04-23 18:32:08 | [32mINFO    [0m | bot.services.downloader | ✅ yt-dlp: 1 ta media
2026-04-23 18:32:09 | DEBUG    | bot.services.sender | 🗑 fe8aeb45ff_0001.mp4
2026-04-23 18:32:09 | DEBUG    | bot.services.sender | 🗑 fe8aeb45ff_0001_audio.mp3
2026-04-23 18:32:09 | DEBUG    | aiosqlite | executing <function connect.<locals>.connector at 0x110599580>
2026-04-23 18:32:09 | DEBUG    | aiosqlite | operation <function connect.<locals>.connector at 0x110599580> completed
2026-04-23 18:32:09 | DEBUG    | aiosqlite | executing functools.partial(<built-in method execute of sqlite3.Connection object at 0x10952c040>, '\n                INSERT INTO downloads (user_id, link, media_type, status, created_at)\n                VALUES (?, ?, ?, ?, ?)\n            ', (7885260604, 'https://www.instagram.com/reels/DWT9KIoCKSM/', 'video', 'ok', '2026-04-23T13:32:09.745956'))
2026-04-23 18:32:09 | DEBUG    | aiosqlite | operation functools.partial(<built-in method execute of sqlite3.Connection object at 0x10952c040>, '\n                INSERT INTO downloads (user_id, link, media_type, status, created_at)\n                VALUES (?, ?, ?, ?, ?)\n            ', (7885260604, 'https://www.instagram.com/reels/DWT9KIoCKSM/', 'video', 'ok', '2026-04-23T13:32:09.745956')) completed
2026-04-23 18:32:09 | DEBUG    | aiosqlite | executing functools.partial(<built-in method commit of sqlite3.Connection object at 0x10952c040>)
2026-04-23 18:32:09 | DEBUG    | aiosqlite | operation functools.partial(<built-in method commit of sqlite3.Connection object at 0x10952c040>) completed
2026-04-23 18:32:09 | DEBUG    | aiosqlite | executing functools.partial(<built-in method close of sqlite3.Connection object at 0x10952c040>)
2026-04-23 18:32:09 | DEBUG    | aiosqlite | operation functools.partial(<built-in method close of sqlite3.Connection object at 0x10952c040>) completed
2026-04-23 18:34:04 | DEBUG    | aiosqlite | executing <function connect.<locals>.connector at 0x11059b240>
2026-04-23 18:34:04 | DEBUG    | aiosqlite | operation <function connect.<locals>.connector at 0x11059b240> completed
2026-04-23 18:34:04 | DEBUG    | aiosqlite | executing functools.partial(<built-in method execute of sqlite3.Connection object at 0x10b58b970>, '\n                INSERT INTO users (user_id, username, first_name, joined_at)\n                VALUES (?, ?, ?, ?)\n                ON CONFLICT(user_id) DO UPDATE SET\n                    username   = excluded.username,\n                    first_name = excluded.first_name\n            ', (8547738683, 'geodev_at', 'Kudratbekh', '2026-04-23T13:34:04.400598'))
2026-04-23 18:34:04 | DEBUG    | aiosqlite | operation functools.partial(<built-in method execute of sqlite3.Connection object at 0x10b58b970>, '\n                INSERT INTO users (user_id, username, first_name, joined_at)\n                VALUES (?, ?, ?, ?)\n                ON CONFLICT(user_id) DO UPDATE SET\n                    username   = excluded.username,\n                    first_name = excluded.first_name\n            ', (8547738683, 'geodev_at', 'Kudratbekh', '2026-04-23T13:34:04.400598')) completed
2026-04-23 18:34:04 | DEBUG    | aiosqlite | executing functools.partial(<built-in method commit of sqlite3.Connection object at 0x10b58b970>)
2026-04-23 18:34:04 | DEBUG    | aiosqlite | operation functools.partial(<built-in method commit of sqlite3.Connection object at 0x10b58b970>) completed
2026-04-23 18:34:04 | DEBUG    | aiosqlite | executing functools.partial(<built-in method close of sqlite3.Connection object at 0x10b58b970>)
2026-04-23 18:34:04 | DEBUG    | aiosqlite | operation functools.partial(<built-in method close of sqlite3.Connection object at 0x10b58b970>) completed
2026-04-23 18:34:08 | DEBUG    | aiosqlite | executing <function connect.<locals>.connector at 0x11059b740>
2026-04-23 18:34:08 | DEBUG    | aiosqlite | operation <function connect.<locals>.connector at 0x11059b740> completed
2026-04-23 18:34:08 | DEBUG    | aiosqlite | executing functools.partial(<built-in method execute of sqlite3.Connection object at 0x1100d6b60>, '\n                INSERT INTO users (user_id, username, first_name, joined_at)\n                VALUES (?, ?, ?, ?)\n                ON CONFLICT(user_id) DO UPDATE SET\n                    username   = excluded.username,\n                    first_name = excluded.first_name\n            ', (8547738683, 'geodev_at', 'Kudratbekh', '2026-04-23T13:34:08.589066'))
2026-04-23 18:34:08 | DEBUG    | aiosqlite | operation functools.partial(<built-in method execute of sqlite3.Connection object at 0x1100d6b60>, '\n                INSERT INTO users (user_id, username, first_name, joined_at)\n                VALUES (?, ?, ?, ?)\n                ON CONFLICT(user_id) DO UPDATE SET\n                    username   = excluded.username,\n                    first_name = excluded.first_name\n            ', (8547738683, 'geodev_at', 'Kudratbekh', '2026-04-23T13:34:08.589066')) completed
2026-04-23 18:34:08 | DEBUG    | aiosqlite | executing functools.partial(<built-in method commit of sqlite3.Connection object at 0x1100d6b60>)
2026-04-23 18:34:08 | DEBUG    | aiosqlite | operation functools.partial(<built-in method commit of sqlite3.Connection object at 0x1100d6b60>) completed
2026-04-23 18:34:08 | DEBUG    | aiosqlite | executing functools.partial(<built-in method close of sqlite3.Connection object at 0x1100d6b60>)
2026-04-23 18:34:08 | DEBUG    | aiosqlite | operation functools.partial(<built-in method close of sqlite3.Connection object at 0x1100d6b60>) completed
2026-04-23 18:34:08 | [32mINFO    [0m | bot.services.downloader | ⬇️  https://instagram.com/p/ABC123/
2026-04-23 18:34:08 | [32mINFO    [0m | bot.services.downloader | instaloader: session fayldan kirdi
2026-04-23 18:34:08 | [32mINFO    [0m | bot.services.downloader | Post yuklanmoqda: ABC123
2026-04-23 18:34:11 | [32mINFO    [0m | bot.services.downloader | instaloader ishlamadi (Post topilmadi: Fetching Post metadata failed.), yt-dlp urinib ko'ramiz
2026-04-23 18:34:12 | DEBUG    | aiosqlite | executing <function connect.<locals>.connector at 0x107c5f240>
2026-04-23 18:34:12 | DEBUG    | aiosqlite | operation <function connect.<locals>.connector at 0x107c5f240> completed
2026-04-23 18:34:12 | DEBUG    | aiosqlite | executing functools.partial(<built-in method execute of sqlite3.Connection object at 0x1101c23e0>, '\n                INSERT INTO downloads (user_id, link, media_type, status, created_at)\n                VALUES (?, ?, ?, ?, ?)\n            ', (8547738683, 'https://instagram.com/p/ABC123/', 'unknown', 'failed', '2026-04-23T13:34:12.703869'))
2026-04-23 18:34:12 | DEBUG    | aiosqlite | operation functools.partial(<built-in method execute of sqlite3.Connection object at 0x1101c23e0>, '\n                INSERT INTO downloads (user_id, link, media_type, status, created_at)\n                VALUES (?, ?, ?, ?, ?)\n            ', (8547738683, 'https://instagram.com/p/ABC123/', 'unknown', 'failed', '2026-04-23T13:34:12.703869')) completed
2026-04-23 18:34:12 | DEBUG    | aiosqlite | executing functools.partial(<built-in method commit of sqlite3.Connection object at 0x1101c23e0>)
2026-04-23 18:34:12 | DEBUG    | aiosqlite | operation functools.partial(<built-in method commit of sqlite3.Connection object at 0x1101c23e0>) completed
2026-04-23 18:34:12 | DEBUG    | aiosqlite | executing functools.partial(<built-in method close of sqlite3.Connection object at 0x1101c23e0>)
2026-04-23 18:34:12 | DEBUG    | aiosqlite | operation functools.partial(<built-in method close of sqlite3.Connection object at 0x1101c23e0>) completed
2026-04-23 18:34:15 | DEBUG    | aiosqlite | executing <function connect.<locals>.connector at 0x11059b740>
2026-04-23 18:34:15 | DEBUG    | aiosqlite | operation <function connect.<locals>.connector at 0x11059b740> completed
2026-04-23 18:34:15 | DEBUG    | aiosqlite | executing functools.partial(<built-in method execute of sqlite3.Connection object at 0x10952c310>, '\n                SELECT link, media_type, status, created_at\n                FROM downloads\n                WHERE user_id = ?\n                ORDER BY created_at DESC\n                LIMIT ?\n            ', (7885260604, 5))
2026-04-23 18:34:15 | DEBUG    | aiosqlite | operation functools.partial(<built-in method execute of sqlite3.Connection object at 0x10952c310>, '\n                SELECT link, media_type, status, created_at\n                FROM downloads\n                WHERE user_id = ?\n                ORDER BY created_at DESC\n                LIMIT ?\n            ', (7885260604, 5)) completed
2026-04-23 18:34:15 | DEBUG    | aiosqlite | executing functools.partial(<built-in method fetchall of sqlite3.Cursor object at 0x110841440>)
2026-04-23 18:34:15 | DEBUG    | aiosqlite | operation functools.partial(<built-in method fetchall of sqlite3.Cursor object at 0x110841440>) completed
2026-04-23 18:34:15 | DEBUG    | aiosqlite | executing functools.partial(<built-in method close of sqlite3.Connection object at 0x10952c310>)
2026-04-23 18:34:15 | DEBUG    | aiosqlite | operation functools.partial(<built-in method close of sqlite3.Connection object at 0x10952c310>) completed
2026-04-23 18:35:34 | DEBUG    | aiosqlite | executing <function connect.<locals>.connector at 0x110598b80>
2026-04-23 18:35:34 | DEBUG    | aiosqlite | operation <function connect.<locals>.connector at 0x110598b80> completed
2026-04-23 18:35:34 | DEBUG    | aiosqlite | executing functools.partial(<built-in method execute of sqlite3.Connection object at 0x10b58bb50>, '\n                INSERT INTO users (user_id, username, first_name, joined_at)\n                VALUES (?, ?, ?, ?)\n                ON CONFLICT(user_id) DO UPDATE SET\n                    username   = excluded.username,\n                    first_name = excluded.first_name\n            ', (7885260604, 'cd_ex', 'Anonshack', '2026-04-23T13:35:34.338624'))
2026-04-23 18:35:34 | DEBUG    | aiosqlite | operation functools.partial(<built-in method execute of sqlite3.Connection object at 0x10b58bb50>, '\n                INSERT INTO users (user_id, username, first_name, joined_at)\n                VALUES (?, ?, ?, ?)\n                ON CONFLICT(user_id) DO UPDATE SET\n                    username   = excluded.username,\n                    first_name = excluded.first_name\n            ', (7885260604, 'cd_ex', 'Anonshack', '2026-04-23T13:35:34.338624')) completed
2026-04-23 18:35:34 | DEBUG    | aiosqlite | executing functools.partial(<built-in method commit of sqlite3.Connection object at 0x10b58bb50>)
2026-04-23 18:35:34 | DEBUG    | aiosqlite | operation functools.partial(<built-in method commit of sqlite3.Connection object at 0x10b58bb50>) completed
2026-04-23 18:35:34 | DEBUG    | aiosqlite | executing functools.partial(<built-in method close of sqlite3.Connection object at 0x10b58bb50>)
2026-04-23 18:35:34 | DEBUG    | aiosqlite | operation functools.partial(<built-in method close of sqlite3.Connection object at 0x10b58bb50>) completed
2026-04-23 18:35:34 | [32mINFO    [0m | bot.services.downloader | ⬇️  https://www.instagram.com/p/DO_leS1CKTs/
2026-04-23 18:35:34 | [32mINFO    [0m | bot.services.downloader | instaloader: session fayldan kirdi
2026-04-23 18:35:34 | [32mINFO    [0m | bot.services.downloader | Post yuklanmoqda: DO_leS1CKTs
2026-04-23 18:35:45 | [32mINFO    [0m | bot.services.downloader | ✅ Post: 1 ta media
2026-04-23 18:35:45 | DEBUG    | bot.services.sender | 🗑 2025-09-24_17-33-49_UTC_1.jpg
2026-04-23 18:35:45 | DEBUG    | aiosqlite | executing <function connect.<locals>.connector at 0x10aadd260>
2026-04-23 18:35:45 | DEBUG    | aiosqlite | operation <function connect.<locals>.connector at 0x10aadd260> completed
2026-04-23 18:35:45 | DEBUG    | aiosqlite | executing functools.partial(<built-in method execute of sqlite3.Connection object at 0x10b58bc40>, '\n                INSERT INTO downloads (user_id, link, media_type, status, created_at)\n                VALUES (?, ?, ?, ?, ?)\n            ', (7885260604, 'https://www.instagram.com/p/DO_leS1CKTs/', 'image', 'ok', '2026-04-23T13:35:45.707197'))
2026-04-23 18:35:45 | DEBUG    | aiosqlite | operation functools.partial(<built-in method execute of sqlite3.Connection object at 0x10b58bc40>, '\n                INSERT INTO downloads (user_id, link, media_type, status, created_at)\n                VALUES (?, ?, ?, ?, ?)\n            ', (7885260604, 'https://www.instagram.com/p/DO_leS1CKTs/', 'image', 'ok', '2026-04-23T13:35:45.707197')) completed
2026-04-23 18:35:45 | DEBUG    | aiosqlite | executing functools.partial(<built-in method commit of sqlite3.Connection object at 0x10b58bc40>)
2026-04-23 18:35:45 | DEBUG    | aiosqlite | operation functools.partial(<built-in method commit of sqlite3.Connection object at 0x10b58bc40>) completed
2026-04-23 18:35:45 | DEBUG    | aiosqlite | executing functools.partial(<built-in method close of sqlite3.Connection object at 0x10b58bc40>)
2026-04-23 18:35:45 | DEBUG    | aiosqlite | operation functools.partial(<built-in method close of sqlite3.Connection object at 0x10b58bc40>) completed
2026-04-23 18:36:41 | [33mWARNING [0m | aiogram.dispatcher | Received SIGINT signal
2026-04-23 18:36:41 | DEBUG    | bot.utils.cleanup | 🗑  Deleted temp file: /tmp/instabot/ig_session
2026-04-23 18:36:41 | [32mINFO    [0m | __main__ | 👋  Bot to'xtatildi
2026-04-23 18:36:44 | [32mINFO    [0m | bot.utils.logger | 📝  Logging initialised → logs/bot.log
2026-04-23 18:36:44 | DEBUG    | aiosqlite | executing <function connect.<locals>.connector at 0x10b7ed800>
2026-04-23 18:36:44 | DEBUG    | aiosqlite | operation <function connect.<locals>.connector at 0x10b7ed800> completed
2026-04-23 18:36:44 | DEBUG    | aiosqlite | executing functools.partial(<built-in method executescript of sqlite3.Connection object at 0x10b74ed40>, "\n                CREATE TABLE IF NOT EXISTS users (\n                    user_id     INTEGER PRIMARY KEY,\n                    username    TEXT,\n                    first_name  TEXT,\n                    joined_at   TEXT NOT NULL\n                );\n\n                CREATE TABLE IF NOT EXISTS downloads (\n                    id          INTEGER PRIMARY KEY AUTOINCREMENT,\n                    user_id     INTEGER NOT NULL,\n                    link        TEXT NOT NULL,\n                    media_type  TEXT,            -- 'video' | 'image' | 'carousel'\n                    status      TEXT DEFAULT 'ok', -- 'ok' | 'failed'\n                    created_at  TEXT NOT NULL,\n                    FOREIGN KEY (user_id) REFERENCES users(user_id)\n                );\n            ")
2026-04-23 18:36:44 | DEBUG    | aiosqlite | operation functools.partial(<built-in method executescript of sqlite3.Connection object at 0x10b74ed40>, "\n                CREATE TABLE IF NOT EXISTS users (\n                    user_id     INTEGER PRIMARY KEY,\n                    username    TEXT,\n                    first_name  TEXT,\n                    joined_at   TEXT NOT NULL\n                );\n\n                CREATE TABLE IF NOT EXISTS downloads (\n                    id          INTEGER PRIMARY KEY AUTOINCREMENT,\n                    user_id     INTEGER NOT NULL,\n                    link        TEXT NOT NULL,\n                    media_type  TEXT,            -- 'video' | 'image' | 'carousel'\n                    status      TEXT DEFAULT 'ok', -- 'ok' | 'failed'\n                    created_at  TEXT NOT NULL,\n                    FOREIGN KEY (user_id) REFERENCES users(user_id)\n                );\n            ") completed
2026-04-23 18:36:44 | DEBUG    | aiosqlite | executing functools.partial(<built-in method commit of sqlite3.Connection object at 0x10b74ed40>)
2026-04-23 18:36:44 | DEBUG    | aiosqlite | operation functools.partial(<built-in method commit of sqlite3.Connection object at 0x10b74ed40>) completed
2026-04-23 18:36:44 | DEBUG    | aiosqlite | executing functools.partial(<built-in method close of sqlite3.Connection object at 0x10b74ed40>)
2026-04-23 18:36:44 | DEBUG    | aiosqlite | operation functools.partial(<built-in method close of sqlite3.Connection object at 0x10b74ed40>) completed
2026-04-23 18:36:44 | [32mINFO    [0m | database.db | ✅  Database ready at database/bot.db
2026-04-23 18:36:44 | [32mINFO    [0m | __main__ | 🚀  Bot ishga tushdi: @instagram_post7_bot
2026-04-23 18:36:44 | [32mINFO    [0m | __main__ | 📸  Instagram: geodev_at hisobi bilan ulandi
2026-04-23 18:36:56 | DEBUG    | aiosqlite | executing <function connect.<locals>.connector at 0x10a5b54e0>
2026-04-23 18:36:56 | DEBUG    | aiosqlite | operation <function connect.<locals>.connector at 0x10a5b54e0> completed
2026-04-23 18:36:56 | DEBUG    | aiosqlite | executing functools.partial(<built-in method execute of sqlite3.Connection object at 0x10b8244f0>, '\n                SELECT link, media_type, status, created_at\n                FROM downloads\n                WHERE user_id = ?\n                ORDER BY created_at DESC\n                LIMIT ?\n            ', (7885260604, 5))
2026-04-23 18:36:56 | DEBUG    | aiosqlite | operation functools.partial(<built-in method execute of sqlite3.Connection object at 0x10b8244f0>, '\n                SELECT link, media_type, status, created_at\n                FROM downloads\n                WHERE user_id = ?\n                ORDER BY created_at DESC\n                LIMIT ?\n            ', (7885260604, 5)) completed
2026-04-23 18:36:56 | DEBUG    | aiosqlite | executing functools.partial(<built-in method fetchall of sqlite3.Cursor object at 0x10b8ba3c0>)
2026-04-23 18:36:56 | DEBUG    | aiosqlite | operation functools.partial(<built-in method fetchall of sqlite3.Cursor object at 0x10b8ba3c0>) completed
2026-04-23 18:36:56 | DEBUG    | aiosqlite | executing functools.partial(<built-in method close of sqlite3.Connection object at 0x10b8244f0>)
2026-04-23 18:36:56 | DEBUG    | aiosqlite | operation functools.partial(<built-in method close of sqlite3.Connection object at 0x10b8244f0>) completed
2026-04-23 18:36:59 | DEBUG    | aiosqlite | executing <function connect.<locals>.connector at 0x10a5b6480>
2026-04-23 18:36:59 | DEBUG    | aiosqlite | operation <function connect.<locals>.connector at 0x10a5b6480> completed
2026-04-23 18:36:59 | DEBUG    | aiosqlite | executing functools.partial(<built-in method execute of sqlite3.Connection object at 0x10b824220>, '\n                SELECT link, media_type, status, created_at\n                FROM downloads\n                WHERE user_id = ?\n                ORDER BY created_at DESC\n                LIMIT ?\n            ', (7885260604, 5))
2026-04-23 18:36:59 | DEBUG    | aiosqlite | operation functools.partial(<built-in method execute of sqlite3.Connection object at 0x10b824220>, '\n                SELECT link, media_type, status, created_at\n                FROM downloads\n                WHERE user_id = ?\n                ORDER BY created_at DESC\n                LIMIT ?\n            ', (7885260604, 5)) completed
2026-04-23 18:36:59 | DEBUG    | aiosqlite | executing functools.partial(<built-in method fetchall of sqlite3.Cursor object at 0x10b8b8cc0>)
2026-04-23 18:36:59 | DEBUG    | aiosqlite | operation functools.partial(<built-in method fetchall of sqlite3.Cursor object at 0x10b8b8cc0>) completed
2026-04-23 18:36:59 | DEBUG    | aiosqlite | executing functools.partial(<built-in method close of sqlite3.Connection object at 0x10b824220>)
2026-04-23 18:36:59 | DEBUG    | aiosqlite | operation functools.partial(<built-in method close of sqlite3.Connection object at 0x10b824220>) completed
2026-04-23 18:37:03 | DEBUG    | aiosqlite | executing <function connect.<locals>.connector at 0x10a5b6660>
2026-04-23 18:37:03 | DEBUG    | aiosqlite | operation <function connect.<locals>.connector at 0x10a5b6660> completed
2026-04-23 18:37:03 | DEBUG    | aiosqlite | executing functools.partial(<built-in method execute of sqlite3.Connection object at 0x10b824220>, '\n                INSERT INTO users (user_id, username, first_name, joined_at)\n                VALUES (?, ?, ?, ?)\n                ON CONFLICT(user_id) DO UPDATE SET\n                    username   = excluded.username,\n                    first_name = excluded.first_name\n            ', (7885260604, 'cd_ex', 'Anonshack', '2026-04-23T13:37:03.293661'))
2026-04-23 18:37:03 | DEBUG    | aiosqlite | operation functools.partial(<built-in method execute of sqlite3.Connection object at 0x10b824220>, '\n                INSERT INTO users (user_id, username, first_name, joined_at)\n                VALUES (?, ?, ?, ?)\n                ON CONFLICT(user_id) DO UPDATE SET\n                    username   = excluded.username,\n                    first_name = excluded.first_name\n            ', (7885260604, 'cd_ex', 'Anonshack', '2026-04-23T13:37:03.293661')) completed
2026-04-23 18:37:03 | DEBUG    | aiosqlite | executing functools.partial(<built-in method commit of sqlite3.Connection object at 0x10b824220>)
2026-04-23 18:37:03 | DEBUG    | aiosqlite | operation functools.partial(<built-in method commit of sqlite3.Connection object at 0x10b824220>) completed
2026-04-23 18:37:03 | DEBUG    | aiosqlite | executing functools.partial(<built-in method close of sqlite3.Connection object at 0x10b824220>)
2026-04-23 18:37:03 | DEBUG    | aiosqlite | operation functools.partial(<built-in method close of sqlite3.Connection object at 0x10b824220>) completed
2026-04-23 18:37:45 | [33mWARNING [0m | aiogram.dispatcher | Received SIGINT signal
2026-04-23 18:37:46 | [32mINFO    [0m | __main__ | 👋  Bot to'xtatildi
